0.00833333,0.00833333,1.97779e-05,-1.98223e-05,2.80015e-05
0.00833333,0.025,2.48103e-05,-6.44995e-05,6.91067e-05
0.00833333,0.0416667,9.39113e-06,-9.87905e-05,9.92358e-05
0.00833333,0.0583333,-1.55473e-05,-9.27249e-05,9.40193e-05
0.00833333,0.075,-4.42032e-05,-3.30665e-05,5.52025e-05
0.00833333,0.0916667,-7.3822e-05,8.48649e-05,0.00011248
0.00833333,0.108333,-0.000103163,0.000261754,0.00028135
0.00833333,0.125,-0.000131694,0.000496514,0.000513682
0.00833333,0.141667,-0.000159204,0.000787312,0.000803247
0.00833333,0.158333,-0.000185615,0.00113203,0.00114715
0.00833333,0.175,-0.000210905,0.00152845,0.00154293
0.00833333,0.191667,-0.000235058,0.0019743,0.00198825
0.00833333,0.208333,-0.000258052,0.00246731,0.00248076
0.00833333,0.225,-0.000279847,0.0030051,0.0030181
0.00833333,0.241667,-0.000300388,0.00358523,0.00359779
0.00833333,0.258333,-0.000319599,0.00420511,0.00421723
0.00833333,0.275,-0.000337391,0.00486199,0.00487368
0.00833333,0.291667,-0.000353663,0.00555294,0.00556419
0.00833333,0.308333,-0.000368307,0.00627481,0.00628561
0.00833333,0.325,-0.000381212,0.00702423,0.00703457
0.00833333,0.341667,-0.000392271,0.00779762,0.00780748
0.00833333,0.358333,-0.000401384,0.00859118,0.00860055
0.00833333,0.375,-0.000408465,0.00940094,0.00940981
0.00833333,0.391667,-0.000413453,0.0102228,0.0102311
0.00833333,0.408333,-0.000416309,0.0110525,0.0110603
0.00833333,0.425,-0.000417031,0.0118857,0.0118931
0.00833333,0.441667,-0.000415659,0.0127184,0.0127252
0.00833333,0.458333,-0.000412279,0.0135463,0.0135525
0.00833333,0.475,-0.000407034,0.0143655,0.0143713
0.00833333,0.491667,-0.000400129,0.0151727,0.0151779
0.00833333,0.508333,-0.00039184,0.0159646,0.0159694
0.00833333,0.525,-0.000382524,0.0167389,0.0167433
0.00833333,0.541667,-0.000372629,0.0174941,0.017498
0.00833333,0.558333,-0.000362707,0.0182294,0.018233
0.00833333,0.575,-0.000353433,0.0189456,0.0189488
0.00833333,0.591667,-0.000345623,0.0196446,0.0196477
0.00833333,0.608333,-0.000340272,0.0203305,0.0203334
0.00833333,0.625,-0.000338591,0.0210094,0.0210121
0.00833333,0.641667,-0.000342069,0.0216901,0.0216928
0.00833333,0.658333,-0.000352553,0.0223848,0.0223875
0.00833333,0.675,-0.000372366,0.0231097,0.0231127
0.00833333,0.691667,-0.000404463,0.0238866,0.02389
0.00833333,0.708333,-0.000452655,0.0247437,0.0247479
0.00833333,0.725,-0.000521927,0.0257184,0.0257237
0.00833333,0.741667,-0.000618881,0.0268592,0.0268663
0.00833333,0.758333,-0.000752386,0.0282305,0.0282405
0.00833333,0.775,-0.000934537,0.0299175,0.0299321
0.00833333,0.791667,-0.00118211,0.0320342,0.032056
0.00833333,0.808333,-0.00151889,0.0347352,0.0347684
0.00833333,0.825,-0.00197947,0.0382336,0.0382848
0.00833333,0.841667,-0.0026159,0.0428289,0.0429087
0.00833333,0.858333,-0.00350965,0.0489545,0.0490801
0.00833333,0.875,-0.00479362,0.0572577,0.057458
0.00833333,0.891667,-0.00669251,0.0687438,0.0690688
0.00833333,0.908333,-0.00958914,0.0850255,0.0855645
0.00833333,0.925,-0.0140879,0.108702,0.109612
0.00833333,0.941667,-0.0207822,0.143572,0.145069
0.00833333,0.958333,-0.02789,0.192245,0.194257
0.00833333,0.975,-0.0164337,0.236568,0.237139
0.00833333,0.991667,0.126501,0.126501,0.1789
0.025,0.00833333,6.4122e-05,-2.46106e-05,6.86827e-05
0.025,0.025,6.49601e-05,-6.4605e-05,9.16167e-05
0.025,0.0416667,-7.60695e-06,-5.36445e-05,5.41812e-05
0.025,0.0583333,-0.00011752,5.90795e-05,0.000131534
0.025,0.075,-0.000244304,0.000301311,0.000387908
0.025,0.0916667,-0.000377084,0.000686555,0.000783295
0.025,0.108333,-0.000510275,0.00121985,0.00132228
0.025,0.125,-0.000641077,0.00190139,0.00200656
0.025,0.141667,-0.00076811,0.00272868,0.00283473
0.025,0.158333,-0.000890695,0.00369775,0.00380351
0.025,0.175,-0.00100847,0.00480378,0.00490849
0.025,0.191667,-0.0011212,0.00604142,0.00614458
0.025,0.208333,-0.00122866,0.00740496,0.0075062
0.025,0.225,-0.00133059,0.00888831,0.00898735
0.025,0.241667,-0.00142669,0.010485,0.0105816
0.025,0.258333,-0.00151659,0.0121882,0.0122822
0.025,0.275,-0.00159986,0.0139906,0.0140818
0.025,0.291667,-0.00167604,0.0158843,0.0159724
0.025,0.308333,-0.00174463,0.0178609,0.0179459
0.025,0.325,-0.00180514,0.0199115,0.0199932
0.025,0.341667,-0.00185709,0.0220267,0.0221049
0.025,0.358333,-0.00190004,0.0241964,0.0242709
0.025,0.375,-0.00193361,0.0264103,0.026481
0.025,0.391667,-0.00195753,0.0286575,0.0287243
0.025,0.408333,-0.00197163,0.0309271,0.0309899
0.025,0.425,-0.00197592,0.0332079,0.0332666
0.025,0.441667,-0.00197058,0.035489,0.0355436
0.025,0.458333,-0.00195602,0.0377597,0.0378103
0.025,0.475,-0.00193289,0.0400099,0.0400566
0.025,0.491667,-0.00190212,0.0422305,0.0422734
0.025,0.508333,-0.00186499,0.0444137,0.0444528
0.025,0.525,-0.00182312,0.0465531,0.0465887
0.025,0.541667,-0.00177856,0.0486444,0.0486769
0.025,0.558333,-0.00173382,0.0506861,0.0507158
0.025,0.575,-0.00169198,0.0526796,0.0527068
0.025,0.591667,-0.00165677,0.0546303,0.0546554
0.025,0.608333,-0.0016327,0.056548,0.0565716
0.025,0.625,-0.00162526,0.0584482,0.0584708
0.025,0.641667,-0.00164114,0.0603534,0.0603757
0.025,0.658333,-0.00168862,0.0622939,0.0623168
0.025,0.675,-0.00177796,0.0643107,0.0643352
0.025,0.691667,-0.00192208,0.0664571,0.0664849
0.025,0.708333,-0.00213744,0.0688024,0.0688356
0.025,0.725,-0.00244514,0.0714359,0.0714777
0.025,0.741667,-0.00287265,0.0744721,0.0745275
0.025,0.758333,-0.00345596,0.0780582,0.0781346
0.025,0.775,-0.00424288,0.0823832,0.0824924
0.025,0.791667,-0.00529755,0.0876903,0.0878502
0.025,0.808333,-0.00670726,0.0942932,0.0945314
0.025,0.825,-0.00859266,0.102596,0.102956
0.025,0.841667,-0.0111235,0.113122,0.113667
0.025,0.858333,-0.014543,0.126537,0.12737
0.025,0.875,-0.019202,0.143676,0.144953
0.025,0.891667,-0.0255973,0.165503,0.16747
0.025,0.908333,-0.0343525,0.192889,0.195924
0.025,0.925,-0.045864,0.225752,0.230363
0.025,0.941667,-0.0584128,0.260288,0.266762
0.025,0.958333,-0.0598539,0.28121,0.287509
0.025,0.975,0.0058938,0.246523,0.246593
0.025,0.991667,0.356883,0.103881,0.371694
0.0416667,0.00833333,9.76351e-05,-8.99065e-06,9.80482e-05
0.0416667,0.025,5.42291e-05,8.04517e-06,5.48226e-05
0.0416667,0.0416667,-0.000128099,0.00012813,0.000181182
0.0416667,0.0583333,-0.000386626,0.000404826,0.000559789
0.0416667,0.075,-0.000683465,0.000870681,0.00110689
0.0416667,0.0916667,-0.000996537,0.00154387,0.00183755
0.0416667,0.108333,-0.00131329,0.00243285,0.00276469
0.0416667,0.125,-0.00162672,0.00353978,0.00389567
0.0416667,0.141667,-0.00193291,0.00486273,0.0052328
0.0416667,0.158333,-0.00222967,0.00639723,0.00677466
0.0416667,0.175,-0.00251567,0.00813718,0.00851718
0.0416667,0.191667,-0.00278998,0.0100753,0.0104545
0.0416667,0.208333,-0.00305182,0.0122035,0.0125793
0.0416667,0.225,-0.00330042,0.0145129,0.0148835
0.0416667,0.241667,-0.00353491,0.0169941,0.0173578
0.0416667,0.258333,-0.00375435,0.0196366,0.0199923
0.0416667,0.275,-0.00395768,0.0224297,0.0227761
0.0416667,0.291667,-0.00414379,0.0253614,0.0256976
0.0416667,0.308333,-0.00431149,0.0284191,0.0287443
0.0416667,0.325,-0.00445961,0.0315896,0.0319029
0.0416667,0.341667,-0.00458701,0.0348587,0.0351592
0.0416667,0.358333,-0.00469267,0.0382113,0.0384984
0.0416667,0.375,-0.0047757,0.041632,0.041905
0.0416667,0.391667,-0.00483547,0.0451046,0.0453631
0.0416667,0.408333,-0.0048716,0.0486128,0.0488563
0.0416667,0.425,-0.0048841,0.0521401,0.0523683
0.0416667,0.441667,-0.00487343,0.0556699,0.0558828
0.0416667,0.458333,-0.00484052,0.0591865,0.0593841
0.0416667,0.475,-0.00478693,0.0626747,0.0628572
0.0416667,0.491667,-0.00471487,0.0661208,0.0662887
0.0416667,0.508333,-0.00462733,0.0695126,0.0696665
0.0416667,0.525,-0.00452815,0.0728406,0.0729812
0.0416667,0.541667,-0.00442216,0.0760978,0.0762262
0.0416667,0.558333,-0.00431531,0.0792812,0.0793986
0.0416667,0.575,-0.00421483,0.082392,0.0824998
0.0416667,0.591667,-0.0041295,0.085437,0.0855367
0.0416667,0.608333,-0.00406989,0.0884292,0.0885229
0.0416667,0.625,-0.00404879,0.0913898,0.0914794
0.0416667,0.641667,-0.00408173,0.0943488,0.0944371
0.0416667,0.658333,-0.00418765,0.097348,0.097438
0.0416667,0.675,-0.00438988,0.100442,0.100538
0.0416667,0.691667,-0.00471733,0.103703,0.10381
0.0416667,0.708333,-0.00520616,0.107222,0.107348
0.0416667,0.725,-0.00590195,0.111114,0.111271
0.0416667,0.741667,-0.00686249,0.115524,0.115728
0.0416667,0.758333,-0.00816148,0.120634,0.120909
0.0416667,0.775,-0.00989336,0.126665,0.127051
0.0416667,0.791667,-0.0121795,0.13389,0.134443
0.0416667,0.808333,-0.0151758,0.142638,0.143443
0.0416667,0.825,-0.0190822,0.153293,0.154476
0.0416667,0.841667,-0.0241512,0.166284,0.168029
0.0416667,0.858333,-0.0306907,0.182044,0.184613
0.0416667,0.875,-0.0390372,0.200889,0.204647
0.0416667,0.891667,-0.0494334,0.222733,0.228153
0.0416667,0.908333,-0.0615982,0.246428,0.25401
0.0416667,0.925,-0.0733508,0.268298,0.278145
0.0416667,0.941667,-0.0764054,0.279241,0.289505
0.0416667,0.958333,-0.0442123,0.26067,0.264393
0.0416667,0.975,0.0986855,0.186924,0.211375
0.0416667,0.991667,0.52721,0.0664468,0.531381
0.0583333,0.00833333,9.11526e-05,1.53861e-05,9.2442e-05
0.0583333,0.025,-5.54344e-05,0.000114322,0.000127053
0.0583333,0.0416667,-0.000401012,0.000376637,0.000550151
0.0583333,0.0583333,-0.000861945,0.000847995,0.00120915
0.0583333,0.075,-0.00138512,0.00155894,0.00208539
0.0583333,0.0916667,-0.0019375,0.00252819,0.00318523
0.0583333,0.108333,-0.0024989,0.0037656,0.00451932
0.0583333,0.125,-0.00305713,0.00527451,0.00609643
0.0583333,0.141667,-0.00360484,0.00705371,0.00792147
0.0583333,0.158333,-0.0041375,0.00909876,0.00999532
0.0583333,0.175,-0.00465219,0.011403,0.0123155
0.0583333,0.191667,-0.00514679,0.013958,0.0148767
0.0583333,0.208333,-0.00561955,0.0167541,0.0176715
0.0583333,0.225,-0.00606882,0.0197806,0.0206907
0.0583333,0.241667,-0.00649289,0.0230257,0.0239236
0.0583333,0.258333,-0.00688996,0.0264765,0.0273583
0.0583333,0.275,-0.0072581,0.0301193,0.0309815
0.0583333,0.291667,-0.00759526,0.0339393,0.0347788
0.0583333,0.308333,-0.00789936,0.0379207,0.0387347
0.0583333,0.325,-0.00816829,0.0420466,0.0428326
0.0583333,0.341667,-0.00840005,0.0462991,0.0470549
0.0583333,0.358333,-0.00859283,0.0506595,0.0513831
0.0583333,0.375,-0.00874508,0.0551082,0.0557977
0.0583333,0.391667,-0.00885564,0.0596249,0.060279
0.0583333,0.408333,-0.00892388,0.064189,0.0648064
0.0583333,0.425,-0.00894978,0.0687796,0.0693595
0.0583333,0.441667,-0.00893408,0.073376,0.0739179
0.0583333,0.458333,-0.00887842,0.0779579,0.0784618
0.0583333,0.475,-0.00878546,0.082506,0.0829725
0.0583333,0.491667,-0.00865904,0.0870026,0.0874324
0.0583333,0.508333,-0.00850431,0.0914318,0.0918265
0.0583333,0.525,-0.00832794,0.0957806,0.096142
0.0583333,0.541667,-0.0081383,0.100039,0.10037
0.0583333,0.558333,-0.00794568,0.104202,0.104505
0.0583333,0.575,-0.00776259,0.10827,0.108548
0.0583333,0.591667,-0.00760414,0.112247,0.112504
0.0583333,0.608333,-0.00748847,0.116148,0.116389
0.0583333,0.625,-0.00743739,0.119995,0.120225
0.0583333,0.641667,-0.00747714,0.12382,0.124045
0.0583333,0.658333,-0.00763943,0.127668,0.127896
0.0583333,0.675,-0.00796274,0.131598,0.131839
0.0583333,0.691667,-0.00849409,0.135687,0.135953
0.0583333,0.708333,-0.00929109,0.14003,0.140338
0.0583333,0.725,-0.0104247,0.144746,0.145121
0.0583333,0.741667,-0.0119823,0.149978,0.150456
0.0583333,0.758333,-0.0140717,0.155899,0.156533
0.0583333,0.775,-0.0168248,0.162709,0.163577
0.0583333,0.791667,-0.0204014,0.170637,0.171853
0.0583333,0.808333,-0.0249911,0.179927,0.181654
0.0583333,0.825,-0.0308084,0.190814,0.193285
0.0583333,0.841667,-0.0380745,0.203471,0.207003
0.0583333,0.858333,-0.0469602,0.217904,0.222907
0.0583333,0.875,-0.0574415,0.233734,0.240688
0.0583333,0.891667,-0.068935,0.249795,0.259132
0.0583333,0.908333,-0.0794028,0.263406,0.275113
0.0583333,0.925,-0.0831804,0.26917,0.281729
0.0583333,0.941667,-0.0659074,0.257559,0.265857
0.0583333,0.958333,0.00615366,0.215266,0.215354
0.0583333,0.975,0.203031,0.134301,0.24343
0.0583333,0.991667,0.63565,0.041993,0.637036
0.075,0.00833333,3.36144e-05,4.20665e-05,5.38471e-05
0.075,0.025,-0.000285958,0.000231021,0.000367618
0.075,0.0416667,-0.00084981,0.000647854,0.00106859
0.075,0.0583333,-0.00156179,0.00132496,0.0020481
0.075,0.075,-0.00235786,0.00228643,0.0032844
0.075,0.0916667,-0.00319605,0.00354828,0.00477546
0.075,0.108333,-0.00404922,0.00511956,0.00652733
0.075,0.125,-0.0049,0.00700365,0.00854758
0.075,0.141667,-0.00573722,0.00919952,0.0108419
0.075,0.158333,-0.0065536,0.0117028,0.0134128
0.075,0.175,-0.00734413,0.0145064,0.0162595
0.075,0.191667,-0.00810508,0.0176014,0.0193779
0.075,0.208333,-0.00883337,0.0209772,0.0227612
0.075,0.225,-0.00952616,0.0246217,0.0264003
0.075,0.241667,-0.0101806,0.0285215,0.030284
0.075,0.258333,-0.0107939,0.0326621,0.0343994
0.075,0.275,-0.0113628,0.0370276,0.0387319
0.075,0.291667,-0.0118843,0.0416011,0.0432654
0.075,0.308333,-0.0123551,0.0463643,0.0479823
0.075,0.325,-0.012772,0.0512978,0.0528639
0.075,0.341667,-0.013132,0.0563808,0.05789
0.075,0.358333,-0.0134324,0.0615918,0.0630395
0.075,0.375,-0.0136706,0.066908,0.0682903
0.075,0.391667,-0.013845,0.0723059,0.0736195
0.075,0.408333,-0.0139544,0.0777615,0.0790037
0.075,0.425,-0.0139989,0.0832504,0.0844192
0.075,0.441667,-0.0139794,0.0887484,0.0898426
0.075,0.458333,-0.0138982,0.0942315,0.0952509
0.075,0.475,-0.0137592,0.0996767,0.100622
0.075,0.491667,-0.013568,0.105063,0.105935
0.075,0.508333,-0.0133321,0.11037,0.111172
0.075,0.525,-0.0130612,0.115582,0.116318
0.075,0.541667,-0.0127677,0.120686,0.12136
0.075,0.558333,-0.0124665,0.125673,0.12629
0.075,0.575,-0.012176,0.13054,0.131107
0.075,0.591667,-0.0119181,0.13529,0.135814
0.075,0.608333,-0.011719,0.139934,0.140424
0.075,0.625,-0.0116102,0.144491,0.144956
0.075,0.641667,-0.0116289,0.14899,0.149443
0.075,0.658333,-0.0118196,0.153474,0.153928
0.075,0.675,-0.0122358,0.157997,0.15847
0.075,0.691667,-0.0129414,0.162629,0.163143
0.075,0.708333,-0.014013,0.167455,0.16804
0.075,0.725,-0.0155424,0.172579,0.173277
0.075,0.741667,-0.017639,0.178121,0.178992
0.075,0.758333,-0.0204319,0.184217,0.185347
0.075,0.775,-0.02407,0.191012,0.192523
0.075,0.791667,-0.0287192,0.198647,0.200712
0.075,0.808333,-0.0345516,0.207236,0.210096
0.075,0.825,-0.0417182,0.216819,0.220796
0.075,0.841667,-0.0502885,0.227285,0.232782
0.075,0.858333,-0.0601219,0.238228,0.245698
0.075,0.875,-0.0705947,0.248714,0.258539
0.075,0.891667,-0.0800295,0.2569,0.269077
0.075,0.908333,-0.0845089,0.25949,0.272905
0.075,0.925,-0.0754808,0.251133,0.262231
0.075,0.941667,-0.035271,0.224408,0.227163
0.075,0.958333,0.0698779,0.17234,0.185967
0.075,0.975,0.295413,0.097198,0.310992
0.075,0.991667,0.705208,0.027565,0.705747
0.0916667,0.00833333,-7.63748e-05,6.78387e-05,0.000102153
0.0916667,0.025,-0.000642567,0.000345314,0.000729475
0.0916667,0.0416667,-0.00148019,0.0009153,0.00174033
0.0916667,0.0583333,-0.00248862,0.00179523,0.00306856
0.0916667,0.075,-0.00359774,0.00300029,0.0046846
0.0916667,0.0916667,-0.00475946,0.00454155,0.00657861
0.0916667,0.108333,-0.00594122,0.0064255,0.00875129
0.0916667,0.125,-0.00712109,0.00865431,0.0112075
0.0916667,0.141667,-0.0082843,0.0112264,0.0139521
0.0916667,0.158333,-0.00942067,0.0141371,0.0169885
0.0916667,0.175,-0.0105229,0.0173792,0.0203167
0.0916667,0.191667,-0.0115855,0.0209432,0.0239341
0.0916667,0.208333,-0.0126036,0.0248179,0.0278348
0.0916667,0.225,-0.0135731,0.0289904,0.0320105
0.0916667,0.241667,-0.0144897,0.0334465,0.0364502
0.0916667,0.258333,-0.0153493,0.0381703,0.0411409
0.0916667,0.275,-0.0161475,0.0431447,0.0460674
0.0916667,0.291667,-0.0168797,0.0483511,0.0512128
0.0916667,0.308333,-0.0175415,0.0537696,0.0565586
0.0916667,0.325,-0.0181285,0.0593788,0.0620845
0.0916667,0.341667,-0.0186362,0.0651562,0.067769
0.0916667,0.358333,-0.0190609,0.0710778,0.0735892
0.0916667,0.375,-0.0193992,0.0771186,0.0795211
0.0916667,0.391667,-0.0196484,0.0832526,0.0855397
0.0916667,0.408333,-0.0198071,0.089453,0.0916196
0.0916667,0.425,-0.0198749,0.0956926,0.0977348
0.0916667,0.441667,-0.019853,0.101944,0.103859
0.0916667,0.458333,-0.0197442,0.108181,0.109968
0.0916667,0.475,-0.0195537,0.114376,0.116035
0.0916667,0.491667,-0.0192885,0.120505,0.122039
0.0916667,0.508333,-0.0189587,0.126544,0.127957
0.0916667,0.525,-0.018577,0.132475,0.133771
0.0916667,0.541667,-0.0181596,0.138278,0.139466
0.0916667,0.558333,-0.0177263,0.143943,0.14503
0.0916667,0.575,-0.017301,0.149461,0.150459
0.0916667,0.591667,-0.0169125,0.15483,0.155751
0.0916667,0.608333,-0.0165949,0.160057,0.160915
0.0916667,0.625,-0.0163885,0.165154,0.165966
0.0916667,0.641667,-0.016341,0.170145,0.170928
0.0916667,0.658333,-0.0165085,0.175063,0.175839
0.0916667,0.675,-0.0169571,0.17995,0.180747
0.0916667,0.691667,-0.0177642,0.184862,0.185714
0.0916667,0.708333,-0.0190205,0.189867,0.190817
0.0916667,0.725,-0.0208313,0.195039,0.196148
0.0916667,0.741667,-0.0233168,0.200463,0.201815
0.0916667,0.758333,-0.0266109,0.206224,0.207934
0.0916667,0.775,-0.0308563,0.212395,0.214624
0.0916667,0.791667,-0.0361913,0.219018,0.221988
0.0916667,0.808333,-0.0427233,0.226073,0.230075
0.0916667,0.825,-0.0504753,0.233418,0.238813
0.0916667,0.841667,-0.0592827,0.240703,0.247896
0.0916667,0.858333,-0.0685982,0.247231,0.256571
0.0916667,0.875,-0.0771229,0.25175,0.263298
0.0916667,0.891667,-0.0821181,0.25218,0.265214
0.0916667,0.908333,-0.0781519,0.245322,0.257469
0.0916667,0.925,-0.054938,0.226779,0.233339
0.0916667,0.941667,0.00593959,0.191751,0.191843
0.0916667,0.958333,0.13452,0.137966,0.192692
0.0916667,0.975,0.371659,0.0722187,0.37861
0.0916667,0.991667,0.751793,0.0190204,0.752034
0.108333,0.00833333,-0.000235508,9.12127e-05,0.000252555
0.108333,0.025,-0.00112036,0.000450503,0.00120755
0.108333,0.0416667,-0.0022859,0.00116385,0.00256512
0.108333,0.0583333,-0.00363336,0.0022342,0.00426531
0.108333,0.075,-0.00509102,0.00366699,0.00627418
0.108333,0.0916667,-0.00660766,0.00546704,0.00857611
0.108333,0.108333,-0.00814713,0.00763703,0.0111669
0.108333,0.125,-0.00968406,0.0101769,0.0140482
0.108333,0.141667,-0.0112006,0.0130839,0.0172233
0.108333,0.158333,-0.012684,0.0163526,0.0206952
0.108333,0.175,-0.0141246,0.0199753,0.0244646
0.108333,0.191667,-0.015515,0.0239423,0.0285298
0.108333,0.208333,-0.0168486,0.0282419,0.0328859
0.108333,0.225,-0.0181198,0.0328609,0.0375255
0.108333,0.241667,-0.0193227,0.0377844,0.0424385
0.108333,0.258333,-0.0204518,0.0429958,0.0476121
0.108333,0.275,-0.0215011,0.0484773,0.0530315
0.108333,0.291667,-0.0224647,0.0542092,0.0586797
0.108333,0.308333,-0.0233367,0.0601707,0.0645377
0.108333,0.325,-0.0241111,0.066339,0.0705848
0.108333,0.341667,-0.0247823,0.0726902,0.0767986
0.108333,0.358333,-0.0253451,0.0791987,0.0831553
0.108333,0.375,-0.025795,0.0858378,0.0896298
0.108333,0.391667,-0.0261284,0.0925794,0.0961959
0.108333,0.408333,-0.0263431,0.0993948,0.102826
0.108333,0.425,-0.0264382,0.106254,0.109494
0.108333,0.441667,-0.0264151,0.113128,0.116171
0.108333,0.458333,-0.0262768,0.119986,0.12283
0.108333,0.475,-0.0260295,0.126799,0.129444
0.108333,0.491667,-0.0256817,0.133539,0.135987
0.108333,0.508333,-0.0252455,0.14018,0.142435
0.108333,0.525,-0.0247365,0.146696,0.148767
0.108333,0.541667,-0.0241744,0.153066,0.154963
0.108333,0.558333,-0.0235835,0.159274,0.16101
0.108333,0.575,-0.022993,0.165305,0.166896
0.108333,0.591667,-0.0224377,0.171153,0.172617
0.108333,0.608333,-0.0219587,0.176815,0.178173
0.108333,0.625,-0.0216045,0.182298,0.183573
0.108333,0.641667,-0.0214312,0.187613,0.188833
0.108333,0.658333,-0.0215042,0.192781,0.193977
0.108333,0.675,-0.0218993,0.197832,0.199041
0.108333,0.691667,-0.022703,0.202801,0.204068
0.108333,0.708333,-0.0240141,0.207729,0.209112
0.108333,0.725,-0.0259426,0.212661,0.214238
0.108333,0.741667,-0.0286081,0.21764,0.219512
0.108333,0.758333,-0.032134,0.222694,0.225
0.108333,0.775,-0.0366357,0.227826,0.230752
0.108333,0.791667,-0.042197,0.232987,0.236778
0.108333,0.808333,-0.0488271,0.238042,0.242998
0.108333,0.825,-0.0563824,0.242707,0.24917
0.108333,0.841667,-0.0644281,0.246475,0.254756
0.108333,0.858333,-0.0719945,0.248489,0.258708
0.108333,0.875,-0.0771565,0.2474,0.259152
0.108333,0.891667,-0.0763195,0.241204,0.25299
0.108333,0.908333,-0.0630633,0.227176,0.235766
0.108333,0.925,-0.0264302,0.202121,0.203842
0.108333,0.941667,0.05112,0.163461,0.171268
0.108333,0.958333,0.194769,0.111817,0.224584
0.108333,0.975,0.43361,0.0553645,0.43713
0.108333,0.991667,0.78461,0.0137958,0.784731
0.125,0.00833333,-0.000438386,0.000111585,0.000452364
0.125,0.025,-0.00170877,0.000543414,0.00179309
0.125,0.0416667,-0.00325313,0.00138554,0.0035359
0.125,0.0583333,-0.00497909,0.002628,0.00563007
0.125,0.075,-0.00681692,0.00426667,0.00804207
0.125,0.0916667,-0.00871497,0.00629965,0.0107534
0.125,0.108333,-0.0106354,0.00872508,0.0137564
0.125,0.125,-0.0125508,0.01154,0.0170498
0.125,0.141667,-0.0144409,0.0147399,0.020635
0.125,0.158333,-0.0162908,0.0183181,0.0245142
0.125,0.175,-0.018089,0.0222665,0.0286882
0.125,0.191667,-0.0198261,0.0265749,0.0331557
0.125,0.208333,-0.0214939,0.0312314,0.0379129
0.125,0.225,-0.0230849,0.0362226,0.0429533
0.125,0.241667,-0.0245919,0.0415333,0.0482677
0.125,0.258333,-0.0260076,0.0471467,0.0538443
0.125,0.275,-0.0273246,0.0530445,0.0596687
0.125,0.291667,-0.0285354,0.0592067,0.0657244
0.125,0.308333,-0.0296324,0.0656116,0.0719928
0.125,0.325,-0.0306081,0.0722359,0.0784531
0.125,0.341667,-0.0314553,0.0790547,0.0850828
0.125,0.358333,-0.0321673,0.0860413,0.0918578
0.125,0.375,-0.0327383,0.0931677,0.0987523
0.125,0.391667,-0.0331635,0.100404,0.10574
0.125,0.408333,-0.0334397,0.107721,0.112792
0.125,0.425,-0.0335656,0.115085,0.11988
0.125,0.441667,-0.0335418,0.122465,0.126976
0.125,0.458333,-0.0333719,0.129829,0.134049
0.125,0.475,-0.0330623,0.137143,0.141072
0.125,0.491667,-0.0326229,0.144377,0.148017
0.125,0.508333,-0.0320675,0.151501,0.154857
0.125,0.525,-0.031414,0.158484,0.161567
0.125,0.541667,-0.0306853,0.165302,0.168126
0.125,0.558333,-0.0299094,0.171931,0.174514
0.125,0.575,-0.0291201,0.178353,0.180715
0.125,0.591667,-0.0283573,0.184552,0.186718
0.125,0.608333,-0.0276681,0.190519,0.192517
0.125,0.625,-0.0271071,0.196248,0.198111
0.125,0.641667,-0.0267374,0.201742,0.203506
0.125,0.658333,-0.026631,0.207006,0.208712
0.125,0.675,-0.0268695,0.212052,0.213748
0.125,0.691667,-0.0275444,0.216895,0.218637
0.125,0.708333,-0.028756,0.22155,0.223409
0.125,0.725,-0.0306117,0.226029,0.228093
0.125,0.741667,-0.0332203,0.230332,0.232715
0.125,0.758333,-0.0366822,0.234439,0.237291
0.125,0.775,-0.0410702,0.238289,0.241803
0.125,0.791667,-0.0463965,0.241762,0.246174
0.125,0.808333,-0.0525543,0.244634,0.250216
0.125,0.825,-0.0592207,0.246534,0.253547
0.125,0.841667,-0.0656922,0.246869,0.25546
0.125,0.858333,-0.0706159,0.24474,0.254724
0.125,0.875,-0.0715554,0.23885,0.249338
0.125,0.891667,-0.064319,0.227443,0.236363
0.125,0.908333,-0.0419848,0.208393,0.21258
0.125,0.925,0.0063247,0.179614,0.179725
0.125,0.941667,0.0964976,0.140141,0.170151
0.125,0.958333,0.249012,0.0921639,0.265521
0.125,0.975,0.484213,0.0437695,0.486188
0.125,0.991667,0.808875,0.0104693,0.808942
0.141667,0.00833333,-0.000678856,0.000128807,0.000690968
0.141667,0.025,-0.00239436,0.000622883,0.00247405
0.141667,0.0416667,-0.00436382,0.00157687,0.00463998
0.141667,0.0583333,-0.00650401,0.00296985,0.00714997
0.141667,0.075,-0.00874994,0.00478895,0.00997474
0.141667,0.0916667,-0.0110518,0.00702566,0.0130959
0.141667,0.108333,-0.0133719,0.00967335,0.016504
0.141667,0.125,-0.0156819,0.0127258,0.0201957
0.141667,0.141667,-0.0179602,0.0161762,0.024171
0.141667,0.158333,-0.0201905,0.0200167,0.028431
0.141667,0.175,-0.0223595,0.0242382,0.0329764
0.141667,0.191667,-0.0244562,0.0288303,0.037806
0.141667,0.208333,-0.026471,0.0337809,0.0429169
0.141667,0.225,-0.0283946,0.0390764,0.0483034
0.141667,0.241667,-0.0302183,0.0447017,0.0539573
0.141667,0.258333,-0.0319332,0.0506401,0.0598678
0.141667,0.275,-0.0335302,0.0568733,0.0660215
0.141667,0.291667,-0.035,0.063381,0.0724027
0.141667,0.308333,-0.0363334,0.0701415,0.0789934
0.141667,0.325,-0.0375212,0.0771311,0.0857732
0.141667,0.341667,-0.0385543,0.0843242,0.09272
0.141667,0.358333,-0.0394245,0.0916936,0.0998099
0.141667,0.375,-0.0401243,0.0992103,0.107017
0.141667,0.391667,-0.0406476,0.106844,0.114314
0.141667,0.408333,-0.0409898,0.114561,0.121674
0.141667,0.425,-0.0411487,0.12233,0.129065
0.141667,0.441667,-0.0411244,0.130116,0.13646
0.141667,0.458333,-0.0409202,0.137883,0.143827
0.141667,0.475,-0.0405425,0.145597,0.151136
0.141667,0.491667,-0.0400022,0.153222,0.158358
0.141667,0.508333,-0.0393141,0.160725,0.165463
0.141667,0.525,-0.0384982,0.168072,0.172425
0.141667,0.541667,-0.0375796,0.175233,0.179217
0.141667,0.558333,-0.0365895,0.182178,0.185816
0.141667,0.575,-0.0355651,0.188881,0.1922
0.141667,0.591667,-0.0345507,0.195321,0.198353
0.141667,0.608333,-0.0335979,0.201478,0.20426
0.141667,0.625,-0.0327659,0.207337,0.20991
0.141667,0.641667,-0.0321223,0.212887,0.215296
0.141667,0.658333,-0.0317432,0.218119,0.220417
0.141667,0.675,-0.0317129,0.223029,0.225272
0.141667,0.691667,-0.0321232,0.227608,0.229863
0.141667,0.708333,-0.0330714,0.231847,0.234194
0.141667,0.725,-0.0346555,0.235728,0.238262
0.141667,0.741667,-0.0369663,0.239214,0.242054
0.141667,0.758333,-0.0400723,0.242244,0.245536
0.141667,0.775,-0.0439954,0.244708,0.248632
0.141667,0.791667,-0.0486676,0.246432,0.251192
0.141667,0.808333,-0.053863,0.24714,0.252941
0.141667,0.825,-0.0590847,0.246412,0.253397
0.141667,0.841667,-0.0633878,0.243637,0.251748
0.141667,0.858333,-0.0651019,0.237947,0.246692
0.141667,0.875,-0.0614148,0.228183,0.236304
0.141667,0.891667,-0.0477783,0.212908,0.218203
0.141667,0.908333,-0.017141,0.190574,0.191343
0.141667,0.925,0.0408463,0.159987,0.165119
0.141667,0.941667,0.140175,0.121262,0.185346
0.141667,0.958333,0.29725,0.0773237,0.307142
0.141667,0.975,0.526108,0.0355851,0.527311
0.141667,0.991667,0.827604,0.00826039,0.827646
0.158333,0.00833333,-0.000950708,0.000142968,0.000961397
0.158333,0.025,-0.00316265,0.000688876,0.0032368
0.158333,0.0416667,-0.00559777,0.00173698,0.00586107
0.158333,0.0583333,-0.00818365,0.00325743,0.00880812
0.158333,0.075,-0.0108619,0.00522972,0.0120553
0.158333,0.0916667,-0.0135862,0.00763919,0.0155866
0.158333,0.108333,-0.0163207,0.0104745,0.0193928
0.158333,0.125,-0.0190373,0.0137262,0.0234697
0.158333,0.141667,-0.0217141,0.0173849,0.0278162
0.158333,0.158333,-0.0243339,0.0214416,0.0324327
0.158333,0.175,-0.0268823,0.0258861,0.0373195
0.158333,0.191667,-0.0293471,0.0307075,0.0424759
0.158333,0.208333,-0.0317171,0.0358937,0.0478991
0.158333,0.225,-0.0339817,0.0414312,0.0535845
0.158333,0.241667,-0.0361307,0.0473052,0.0595249
0.158333,0.258333,-0.0381534,0.0534993,0.0657104
0.158333,0.275,-0.0400392,0.0599952,0.0721288
0.158333,0.291667,-0.0417769,0.0667731,0.0787652
0.158333,0.308333,-0.0433554,0.0738113,0.0856026
0.158333,0.325,-0.0447637,0.081086,0.0926214
0.158333,0.341667,-0.0459907,0.0885717,0.0998002
0.158333,0.358333,-0.0470264,0.0962404,0.107115
0.158333,0.375,-0.0478614,0.104063,0.114542
0.158333,0.391667,-0.0484879,0.112007,0.122052
0.158333,0.408333,-0.0488999,0.120039,0.129617
0.158333,0.425,-0.0490937,0.128126,0.137209
0.158333,0.441667,-0.0490684,0.136229,0.144796
0.158333,0.458333,-0.0488266,0.144312,0.152348
0.158333,0.475,-0.0483748,0.152337,0.159833
0.158333,0.491667,-0.0477236,0.160265,0.16722
0.158333,0.508333,-0.0468889,0.168058,0.174477
0.158333,0.525,-0.0458917,0.175679,0.181575
0.158333,0.541667,-0.044759,0.183092,0.188483
0.158333,0.558333,-0.043524,0.190261,0.195176
0.158333,0.575,-0.0422269,0.197154,0.201625
0.158333,0.591667,-0.0409148,0.20374,0.207808
0.158333,0.608333,-0.0396424,0.209992,0.213701
0.158333,0.625,-0.0384721,0.215884,0.219285
0.158333,0.641667,-0.0374741,0.221392,0.224541
0.158333,0.658333,-0.036726,0.226494,0.229452
0.158333,0.675,-0.0363121,0.231167,0.234001
0.158333,0.691667,-0.0363212,0.235385,0.238171
0.158333,0.708333,-0.0368432,0.239115,0.241937
0.158333,0.725,-0.0379627,0.242314,0.245269
0.158333,0.741667,-0.0397473,0.244915,0.248119
0.158333,0.758333,-0.0422297,0.246824,0.250411
0.158333,0.775,-0.0453768,0.247898,0.252017
0.158333,0.791667,-0.0490408,0.247929,0.252733
0.158333,0.808333,-0.0528818,0.246614,0.25222
0.158333,0.825,-0.0562475,0.243522,0.249934
0.158333,0.841667,-0.05799,0.238063,0.245024
0.158333,0.858333,-0.0561958,0.229448,0.23623
0.158333,0.875,-0.0478032,0.216694,0.221904
0.158333,0.891667,-0.0281022,0.198682,0.200659
0.158333,0.908333,0.00983505,0.174364,0.174641
0.158333,0.925,0.0756038,0.143216,0.161947
0.158333,0.941667,0.181333,0.106026,0.210055
0.158333,0.958333,0.340075,0.0659801,0.346416
0.158333,0.975,0.561355,0.0296476,0.562137
0.158333,0.991667,0.842597,0.00673285,0.842624
0.175,0.00833333,-0.00124801,0.000154264,0.00125751
0.175,0.025,-0.0039991,0.000741963,0.00406735
0.175,0.0416667,-0.00693421,0.0018666,0.00718104
0.175,0.0583333,-0.00999245,0.00349123,0.0105848
0.175,0.075,-0.0131232,0.0055889,0.0142637
0.175,0.0916667,-0.0162852,0.00813952,0.018206
0.175,0.108333,-0.0194452,0.0111275,0.022404
0.175,0.125,-0.022577,0.01454,0.0268539
0.175,0.141667,-0.025659,0.0183655,0.0315543
0.175,0.158333,-0.0286737,0.0225933,0.0365054
0.175,0.175,-0.0316064,0.0272126,0.0417072
0.175,0.191667,-0.0344439,0.0322119,0.0471591
0.175,0.208333,-0.0371739,0.0375791,0.0528591
0.175,0.225,-0.0397846,0.0433011,0.0588031
0.175,0.241667,-0.0422643,0.0493634,0.0649847
0.175,0.258333,-0.0446007,0.05575,0.0713953
0.175,0.275,-0.0467814,0.0624434,0.0780235
0.175,0.291667,-0.0487935,0.069424,0.0848558
0.175,0.308333,-0.0506238,0.0766707,0.0918758
0.175,0.325,-0.0522593,0.0841598,0.0990652
0.175,0.341667,-0.0536869,0.0918659,0.106403
0.175,0.358333,-0.0548942,0.099761,0.113867
0.175,0.375,-0.05587,0.107815,0.121431
0.175,0.391667,-0.0566042,0.115996,0.12907
0.175,0.408333,-0.057089,0.124268,0.136754
0.175,0.425,-0.0573191,0.132596,0.144455
0.175,0.441667,-0.057292,0.140942,0.152142
0.175,0.458333,-0.0570094,0.149265,0.159782
0.175,0.475,-0.0564768,0.157525,0.167344
0.175,0.491667,-0.0557048,0.16568,0.174794
0.175,0.508333,-0.054709,0.173688,0.182101
0.175,0.525,-0.0535113,0.181507,0.189231
0.175,0.541667,-0.0521397,0.189095,0.196152
0.175,0.558333,-0.0506287,0.196411,0.202832
0.175,0.575,-0.0490203,0.203417,0.20924
0.175,0.591667,-0.0473636,0.210073,0.215346
0.175,0.608333,-0.0457151,0.216342,0.22112
0.175,0.625,-0.044139,0.22219,0.226532
0.175,0.641667,-0.0427063,0.227582,0.231554
0.175,0.658333,-0.0414943,0.23248,0.236154
0.175,0.675,-0.0405848,0.236848,0.2403
0.175,0.691667,-0.0400613,0.240643,0.243955
0.175,0.708333,-0.0400039,0.243814,0.247074
0.175,0.725,-0.0404806,0.246294,0.249598
0.175,0.741667,-0.0415341,0.247997,0.251451
0.175,0.758333,-0.0431597,0.248805,0.252521
0.175,0.775,-0.0452703,0.248554,0.252643
0.175,0.791667,-0.0476428,0.247019,0.251571
0.175,0.808333,-0.0498357,0.24389,0.24893
0.175,0.825,-0.0510643,0.238752,0.244152
0.175,0.841667,-0.0500204,0.231059,0.236411
0.175,0.858333,-0.0446168,0.220125,0.224601
0.175,0.875,-0.0316491,0.205145,0.207572
0.175,0.891667,-0.00638932,0.185291,0.185401
0.175,0.908333,0.0378111,0.15992,0.164329
0.175,0.925,0.109708,0.128987,0.169332
0.175,0.941667,0.21973,0.093675,0.238865
0.175,0.958333,0.378225,0.057173,0.382522
0.175,0.975,0.591487,0.0252228,0.592024
0.175,0.991667,0.854966,0.00563618,0.854985
0.191667,0.00833333,-0.00156529,0.00016294,0.00157375
0.191667,0.025,-0.00488973,0.000782998,0.00495202
0.191667,0.0416667,-0.00835262,0.00196725,0.00858116
0.191667,0.0583333,-0.0119048,0.00367325,0.0124586
0.191667,0.075,-0.0155042,0.00586877,0.0165777
0.191667,0.0916667,-0.0191153,0.00852912,0.0209318
0.191667,0.108333,-0.022709,0.0116349,0.0255161
0.191667,0.125,-0.0262612,0.0151703,0.030328
0.191667,0.141667,-0.0297519,0.0191217,0.0353669
0.191667,0.158333,-0.0331641,0.0234771,0.0406329
0.191667,0.175,-0.036483,0.0282248,0.0461264
0.191667,0.191667,-0.039695,0.0333531,0.0518471
0.191667,0.208333,-0.0427871,0.03885,0.0577933
0.191667,0.225,-0.0457464,0.0447028,0.0639615
0.191667,0.241667,-0.0485597,0.0508976,0.0703463
0.191667,0.258333,-0.0512135,0.057419,0.07694
0.191667,0.275,-0.0536934,0.0642504,0.0837323
0.191667,0.291667,-0.0559848,0.0713729,0.0907105
0.191667,0.308333,-0.0580723,0.078766,0.0978595
0.191667,0.325,-0.0599406,0.0864065,0.105162
0.191667,0.341667,-0.0615745,0.0942693,0.112597
0.191667,0.358333,-0.062959,0.102326,0.120144
0.191667,0.375,-0.0640805,0.110548,0.127777
0.191667,0.391667,-0.0649266,0.1189,0.135472
0.191667,0.408333,-0.0654872,0.127348,0.143199
0.191667,0.425,-0.0657548,0.135853,0.15093
0.191667,0.441667,-0.0657253,0.144377,0.158633
0.191667,0.458333,-0.0653985,0.152876,0.166277
0.191667,0.475,-0.0647787,0.161307,0.173828
0.191667,0.491667,-0.0638757,0.169624,0.181253
0.191667,0.508333,-0.0627046,0.177783,0.188517
0.191667,0.525,-0.0612873,0.185736,0.195586
0.191667,0.541667,-0.0596519,0.193436,0.202425
0.191667,0.558333,-0.0578339,0.200837,0.208998
0.191667,0.575,-0.055876,0.207892,0.215271
0.191667,0.591667,-0.0538283,0.214557,0.221206
0.191667,0.608333,-0.0517484,0.220785,0.226768
0.191667,0.625,-0.0497006,0.226532,0.23192
0.191667,0.641667,-0.0477558,0.231752,0.236621
0.191667,0.658333,-0.0459893,0.236398,0.24083
0.191667,0.675,-0.0444792,0.240419,0.244499
0.191667,0.691667,-0.0433018,0.243759,0.247575
0.191667,0.708333,-0.042526,0.246352,0.249995
0.191667,0.725,-0.0422024,0.248115,0.251679
0.191667,0.741667,-0.0423483,0.248948,0.252524
0.191667,0.758333,-0.0429225,0.248717,0.252393
0.191667,0.775,-0.0437881,0.247249,0.251096
0.191667,0.791667,-0.0446545,0.244313,0.248361
0.191667,0.808333,-0.0449927,0.23961,0.243798
0.191667,0.825,-0.0439112,0.232752,0.236858
0.191667,0.841667,-0.039981,0.223253,0.226805
0.191667,0.858333,-0.0310021,0.210533,0.212804
0.191667,0.875,-0.0137106,0.193959,0.194443
0.191667,0.891667,0.0165395,0.172946,0.173735
0.191667,0.908333,0.066031,0.147168,0.161303
0.191667,0.925,0.142678,0.116912,0.18446
0.191667,0.941667,0.255408,0.0835759,0.268734
0.191667,0.958333,0.412407,0.0502187,0.415453
0.191667,0.975,0.617634,0.0218402,0.61802
0.191667,0.991667,0.865424,0.00482173,0.865438
0.208333,0.00833333,-0.00189754,0.00016924,0.00190507
0.208333,0.025,-0.00582135,0.000812917,0.00587784
0.208333,0.0416667,-0.00983326,0.00204079,0.0100428
0.208333,0.0583333,-0.0138958,0.00380623,0.0144076
0.208333,0.075,-0.0179755,0.00607283,0.0189736
0.208333,0.0916667,-0.0220437,0.00881209,0.0237398
0.208333,0.108333,-0.0260758,0.0120014,0.0287051
0.208333,0.125,-0.030051,0.0156225,0.0338692
0.208333,0.141667,-0.0339513,0.01966,0.0392327
0.208333,0.158333,-0.0377609,0.0241006,0.0447964
0.208333,0.175,-0.0414655,0.028932,0.0505613
0.208333,0.191667,-0.0450516,0.0341425,0.0565274
0.208333,0.208333,-0.0485056,0.0397204,0.0626937
0.208333,0.225,-0.0518139,0.0456535,0.0690574
0.208333,0.241667,-0.0549623,0.0519287,0.0756137
0.208333,0.258333,-0.0579355,0.0585316,0.0823557
0.208333,0.275,-0.0607177,0.0654464,0.0892741
0.208333,0.291667,-0.0632921,0.0726554,0.0963571
0.208333,0.308333,-0.0656414,0.0801386,0.103591
0.208333,0.325,-0.0677476,0.087874,0.110958
0.208333,0.341667,-0.0695929,0.0958365,0.118439
0.208333,0.358333,-0.07116,0.103999,0.126014
0.208333,0.375,-0.0724322,0.11233,0.133658
0.208333,0.391667,-0.0733945,0.120797,0.141346
0.208333,0.408333,-0.0740341,0.129364,0.149051
0.208333,0.425,-0.0743409,0.137992,0.156743
0.208333,0.441667,-0.0743085,0.146637,0.164391
0.208333,0.458333,-0.0739345,0.155257,0.171963
0.208333,0.475,-0.0732215,0.163805,0.179426
0.208333,0.491667,-0.0721778,0.172232,0.186745
0.208333,0.508333,-0.0708176,0.180489,0.193885
0.208333,0.525,-0.0691619,0.188524,0.20081
0.208333,0.541667,-0.0672387,0.196285,0.207482
0.208333,0.558333,-0.0650835,0.203721,0.213864
0.208333,0.575,-0.062739,0.210778,0.219917
0.208333,0.591667,-0.0602558,0.217404,0.2256
0.208333,0.608333,-0.0576914,0.223547,0.230871
0.208333,0.625,-0.0551097,0.229152,0.235686
0.208333,0.641667,-0.0525802,0.234166,0.239996
0.208333,0.658333,-0.0501756,0.23853,0.243751
0.208333,0.675,-0.047969,0.242185,0.24689
0.208333,0.691667,-0.0460293,0.245063,0.249348
0.208333,0.708333,-0.0444133,0.247085,0.251045
0.208333,0.725,-0.0431546,0.248161,0.251885
0.208333,0.741667,-0.042246,0.248178,0.251748
0.208333,0.758333,-0.0416131,0.246998,0.250479
0.208333,0.775,-0.0410739,0.244443,0.247869
0.208333,0.791667,-0.0402798,0.240289,0.243642
0.208333,0.808333,-0.0386297,0.234254,0.237418
0.208333,0.825,-0.0351486,0.225986,0.228704
0.208333,0.841667,-0.0283228,0.215065,0.216922
0.208333,0.858333,-0.0158882,0.201012,0.201639
0.208333,0.875,0.00541589,0.183346,0.183426
0.208333,0.891667,0.0400881,0.161684,0.166579
0.208333,0.908333,0.094005,0.135939,0.165276
0.208333,0.925,0.174278,0.106621,0.204306
0.208333,0.941667,0.288535,0.0752291,0.298181
0.208333,0.958333,0.443233,0.0446328,0.445474
0.208333,0.975,0.640626,0.0191925,0.640914
0.208333,0.991667,0.874444,0.00419831,0.874454
0.225,0.00833333,-0.00224024,0.000173389,0.00224694
0.225,0.025,-0.0067817,0.000832621,0.00683263
0.225,0.0416667,-0.0113574,0.00208909,0.0115479
0.225,0.0583333,-0.0159412,0.00389307,0.0164097
0.225,0.075,-0.0205087,0.00620495,0.0214268
0.225,0.0916667,-0.0250382,0.00899322,0.0266043
0.225,0.108333,-0.0295104,0.0122327,0.0319453
0.225,0.125,-0.0339081,0.0159032,0.0374523
0.225,0.141667,-0.0382164,0.0199878,0.0431277
0.225,0.158333,-0.042421,0.0244723,0.0489738
0.225,0.175,-0.0465088,0.0293442,0.0549923
0.225,0.191667,-0.0504666,0.034592,0.061184
0.225,0.208333,-0.0542809,0.0402043,0.0675485
0.225,0.225,-0.0579373,0.0461697,0.0740836
0.225,0.241667,-0.0614207,0.0524762,0.0807852
0.225,0.258333,-0.0647145,0.0591105,0.0876472
0.225,0.275,-0.0678012,0.0660581,0.0946608
0.225,0.291667,-0.070662,0.0733023,0.101815
0.225,0.308333,-0.073277,0.0808243,0.109097
0.225,0.325,-0.075626,0.088603,0.116489
0.225,0.341667,-0.0776883,0.096614,0.123975
0.225,0.358333,-0.0794433,0.10483,0.131532
0.225,0.375,-0.0808716,0.113222,0.139138
0.225,0.391667,-0.0819549,0.121754,0.146767
0.225,0.408333,-0.0826772,0.130391,0.154393
0.225,0.425,-0.0830256,0.139091,0.161987
0.225,0.441667,-0.0829905,0.147812,0.169517
0.225,0.458333,-0.0825672,0.156507,0.176951
0.225,0.475,-0.0817559,0.165126,0.184257
0.225,0.491667,-0.0805627,0.173619,0.191399
0.225,0.508333,-0.0790005,0.18193,0.198342
0.225,0.525,-0.0770889,0.190005,0.205048
0.225,0.541667,-0.0748552,0.197787,0.211478
0.225,0.558333,-0.0723341,0.205219,0.217594
0.225,0.575,-0.0695682,0.212242,0.223352
0.225,0.591667,-0.0666075,0.218796,0.22871
0.225,0.608333,-0.0635091,0.224823,0.233621
0.225,0.625,-0.0603359,0.230262,0.238036
0.225,0.641667,-0.0571554,0.23505,0.241899
0.225,0.658333,-0.0540372,0.239122,0.245152
0.225,0.675,-0.0510493,0.242409,0.247726
0.225,0.691667,-0.0482527,0.244835,0.249545
0.225,0.708333,-0.0456927,0.246316,0.250518
0.225,0.725,-0.043387,0.246752,0.250537
0.225,0.741667,-0.0413061,0.246027,0.24947
0.225,0.758333,-0.0393455,0.244,0.247152
0.225,0.775,-0.0372847,0.240499,0.243371
0.225,0.791667,-0.0347264,0.23531,0.237858
0.225,0.808333,-0.0310119,0.228173,0.230271
0.225,0.825,-0.0251042,0.218778,0.220214
0.225,0.841667,-0.015434,0.206767,0.207342
0.225,0.858333,0.000287088,0.191755,0.191755
0.225,0.875,0.0252719,0.17339,0.175222
0.225,0.891667,0.0638315,0.151453,0.164354
0.225,0.908333,0.121425,0.126034,0.17501
0.225,0.925,0.20442,0.0977906,0.226606
0.225,0.941667,0.319327,0.0682485,0.326539
0.225,0.958333,0.471215,0.0400702,0.472916
0.225,0.975,0.66108,0.0170743,0.661301
0.225,0.991667,0.882351,0.00370813,0.882358
0.241667,0.00833333,-0.00258927,0.000175578,0.00259522
0.241667,0.025,-0.00775936,0.000842899,0.00780501
0.241667,0.0416667,-0.0129073,0.00211386,0.0130793
0.241667,0.0583333,-0.018018,0.0039365,0.018443
0.241667,0.075,-0.0230762,0.00626886,0.0239126
0.241667,0.0916667,-0.0280674,0.0090772,0.0294988
0.241667,0.108333,-0.032978,0.0123344,0.0352092
0.241667,0.125,-0.0377954,0.0160188,0.0410499
0.241667,0.141667,-0.0425076,0.0201125,0.0470256
0.241667,0.158333,-0.0471029,0.0246009,0.0531402
0.241667,0.175,-0.0515695,0.0294713,0.0593968
0.241667,0.191667,-0.0558952,0.0347127,0.065797
0.241667,0.208333,-0.0600665,0.0403144,0.0723412
0.241667,0.225,-0.064069,0.0462662,0.0790279
0.241667,0.241667,-0.0678866,0.0525572,0.0858536
0.241667,0.258333,-0.0715015,0.0591756,0.0928128
0.241667,0.275,-0.0748944,0.0661081,0.0998972
0.241667,0.291667,-0.0780445,0.0733395,0.107096
0.241667,0.308333,-0.0809296,0.0808525,0.114397
0.241667,0.325,-0.0835265,0.0886269,0.121784
0.241667,0.341667,-0.0858114,0.0966394,0.129239
0.241667,0.358333,-0.0877607,0.104863,0.136742
0.241667,0.375,-0.0893511,0.113269,0.144269
0.241667,0.391667,-0.0905611,0.121822,0.151796
0.241667,0.408333,-0.091371,0.130485,0.159296
0.241667,0.425,-0.0917642,0.139217,0.16674
0.241667,0.441667,-0.0917281,0.147973,0.174097
0.241667,0.458333,-0.0912545,0.156703,0.181337
0.241667,0.475,-0.0903409,0.165356,0.188425
0.241667,0.491667,-0.0889909,0.173877,0.195326
0.241667,0.508333,-0.0872153,0.182208,0.202006
0.241667,0.525,-0.085032,0.190291,0.208425
0.241667,0.541667,-0.0824668,0.198063,0.214546
0.241667,0.558333,-0.0795536,0.205463,0.220327
0.241667,0.575,-0.076334,0.212426,0.225724
0.241667,0.591667,-0.0728574,0.218887,0.230694
0.241667,0.608333,-0.0691798,0.22478,0.235185
0.241667,0.625,-0.065363,0.23004,0.239146
0.241667,0.641667,-0.0614723,0.234596,0.242517
0.241667,0.658333,-0.0575741,0.238378,0.245232
0.241667,0.675,-0.0537314,0.24131,0.24722
0.241667,0.691667,-0.0499976,0.243311,0.248395
0.241667,0.708333,-0.0464079,0.244291,0.24866
0.241667,0.725,-0.042965,0.244148,0.2479
0.241667,0.741667,-0.0396199,0.242765,0.245976
0.241667,0.758333,-0.0362424,0.240002,0.242723
0.241667,0.775,-0.0325792,0.235695,0.237936
0.241667,0.791667,-0.0281937,0.229646,0.23137
0.241667,0.808333,-0.0223827,0.22162,0.222748
0.241667,0.825,-0.0140651,0.211347,0.211814
0.241667,0.841667,-0.00164114,0.198527,0.198533
0.241667,0.858333,0.0171728,0.182859,0.183664
0.241667,0.875,0.04551,0.164101,0.170294
0.241667,0.891667,0.0874708,0.14216,0.166915
0.241667,0.908333,0.148103,0.117261,0.188904
0.241667,0.925,0.233096,0.0901501,0.249922
0.241667,0.941667,0.348004,0.0623384,0.353544
0.241667,0.958333,0.496772,0.0362827,0.498095
0.241667,0.975,0.679456,0.0153452,0.67963
0.241667,0.991667,0.889372,0.00331331,0.889378
0.258333,0.00833333,-0.00294087,0.000175956,0.00294613
0.258333,0.025,-0.00874365,0.000844393,0.00878433
0.258333,0.0416667,-0.0144662,0.0021165,0.0146202
0.258333,0.0583333,-0.0201042,0.00393885,0.0204865
0.258333,0.075,-0.0256515,0.00626784,0.0264062
0.258333,0.0916667,-0.031101,0.00906819,0.0323961
0.258333,0.108333,-0.0364452,0.0123116,0.0384686
0.258333,0.125,-0.0416764,0.0159752,0.0446333
0.258333,0.141667,-0.0467862,0.0200409,0.0508978
0.258333,0.158333,-0.0517657,0.0244939,0.0572682
0.258333,0.175,-0.0566052,0.0293219,0.0637489
0.258333,0.191667,-0.0612935,0.0345144,0.070343
0.258333,0.208333,-0.0658178,0.040062,0.0770515
0.258333,0.225,-0.0701634,0.0459556,0.0838738
0.258333,0.241667,-0.0743137,0.0521859,0.0908069
0.258333,0.258333,-0.0782497,0.0587428,0.0978455
0.258333,0.275,-0.0819506,0.0656146,0.104982
0.258333,0.291667,-0.0853932,0.0727878,0.112205
0.258333,0.308333,-0.0885528,0.0802466,0.119504
0.258333,0.325,-0.0914032,0.087972,0.126861
0.258333,0.341667,-0.0939174,0.0959421,0.134259
0.258333,0.358333,-0.0960679,0.104131,0.141677
0.258333,0.375,-0.0978278,0.112509,0.149093
0.258333,0.391667,-0.0991713,0.121043,0.156481
0.258333,0.408333,-0.100075,0.129694,0.163815
0.258333,0.425,-0.100518,0.13842,0.171067
0.258333,0.441667,-0.100484,0.147174,0.178205
0.258333,0.458333,-0.0999606,0.155905,0.185199
0.258333,0.475,-0.0989425,0.16456,0.192015
0.258333,0.491667,-0.0974303,0.17308,0.198619
0.258333,0.508333,-0.0954319,0.181405,0.204975
0.258333,0.525,-0.0929631,0.18947,0.211047
0.258333,0.541667,-0.0900482,0.19721,0.216796
0.258333,0.558333,-0.0867194,0.204558,0.22218
0.258333,0.575,-0.0830174,0.211444,0.227157
0.258333,0.591667,-0.0789904,0.2178,0.231681
0.258333,0.608333,-0.0746936,0.223553,0.235701
0.258333,0.625,-0.0701872,0.228631,0.239162
0.258333,0.641667,-0.0655347,0.232962,0.242004
0.258333,0.658333,-0.0607993,0.236468,0.244159
0.258333,0.675,-0.0560395,0.239069,0.245549
0.258333,0.691667,-0.0513023,0.240681,0.246088
0.258333,0.708333,-0.0466133,0.241212,0.245674
0.258333,0.725,-0.0419628,0.240558,0.24419
0.258333,0.741667,-0.0372848,0.238604,0.2415
0.258333,0.758333,-0.0324276,0.235217,0.237442
0.258333,0.775,-0.0271109,0.230241,0.231831
0.258333,0.791667,-0.0208669,0.223495,0.224467
0.258333,0.808333,-0.0129593,0.21477,0.215161
0.258333,0.825,-0.00227886,0.203834,0.203847
0.258333,0.841667,0.0127859,0.190441,0.19087
0.258333,0.858333,0.0344909,0.174363,0.177741
0.258333,0.875,0.0658684,0.155445,0.168825
0.258333,0.891667,0.110798,0.1337,0.173643
0.258333,0.908333,0.173931,0.109444,0.205499
0.258333,0.925,0.260345,0.0834775,0.273401
0.258333,0.941667,0.374772,0.0572722,0.379123
0.258333,0.958333,0.520242,0.0330892,0.521294
0.258333,0.975,0.696105,0.0139071,0.696244
0.258333,0.991667,0.895674,0.00298834,0.895679
0.275,0.00833333,-0.00329153,0.000174635,0.00329616
0.275,0.025,-0.00972451,0.000837585,0.00976052
0.275,0.0416667,-0.0160182,0.00209813,0.016155
0.275,0.0583333,-0.0221786,0.00390196,0.0225193
0.275,0.075,-0.0282088,0.00620452,0.0288831
0.275,0.0916667,-0.0341094,0.00896966,0.035269
0.275,0.108333,-0.0398791,0.0121684,0.0416943
0.275,0.125,-0.0455154,0.0157775,0.0481725
0.275,0.141667,-0.0510143,0.0197788,0.0547143
0.275,0.158333,-0.0563698,0.0241579,0.0613283
0.275,0.175,-0.0615746,0.0289031,0.0680207
0.275,0.191667,-0.0666189,0.0340052,0.074796
0.275,0.208333,-0.0714909,0.039456,0.0816562
0.275,0.225,-0.0761761,0.0452481,0.0886012
0.275,0.241667,-0.0806572,0.0513738,0.0956287
0.275,0.258333,-0.0849143,0.0578249,0.102733
0.275,0.275,-0.0889248,0.0645919,0.109908
0.275,0.291667,-0.0926634,0.071663,0.117141
0.275,0.308333,-0.0961026,0.0790241,0.124421
0.275,0.325,-0.099213,0.0866581,0.13173
0.275,0.341667,-0.101964,0.0945442,0.139051
0.275,0.358333,-0.104324,0.102658,0.146363
0.275,0.375,-0.106262,0.11097,0.153642
0.275,0.391667,-0.107747,0.119446,0.160863
0.275,0.408333,-0.108753,0.128049,0.167999
0.275,0.425,-0.109252,0.136735,0.175022
0.275,0.441667,-0.109225,0.145457,0.1819
0.275,0.458333,-0.108655,0.154161,0.188604
0.275,0.475,-0.107533,0.16279,0.1951
0.275,0.491667,-0.105855,0.171285,0.201355
0.275,0.508333,-0.103627,0.179581,0.207335
0.275,0.525,-0.100862,0.187609,0.213003
0.275,0.541667,-0.0975816,0.195301,0.218323
0.275,0.558333,-0.0938173,0.202585,0.223254
0.275,0.575,-0.0896079,0.209387,0.227755
0.275,0.591667,-0.0850009,0.215633,0.231781
0.275,0.608333,-0.0800501,0.221247,0.235283
0.275,0.625,-0.0748147,0.226152,0.238206
0.275,0.641667,-0.0693564,0.230271,0.240489
0.275,0.658333,-0.0637358,0.233524,0.242065
0.275,0.675,-0.0580077,0.235827,0.242856
0.275,0.691667,-0.0522135,0.237095,0.242776
0.275,0.708333,-0.046371,0.237233,0.241723
0.275,0.725,-0.0404598,0.236142,0.239583
0.275,0.741667,-0.0344,0.233708,0.236226
0.275,0.758333,-0.0280218,0.229804,0.231507
0.275,0.775,-0.0210237,0.224288,0.225271
0.275,0.791667,-0.0129139,0.216994,0.217378
0.275,0.808333,-0.00293302,0.207739,0.20776
0.275,0.825,0.0100443,0.196326,0.196583
0.275,0.841667,0.0276253,0.182556,0.184635
0.275,0.858333,0.0520216,0.166264,0.174213
0.275,0.875,0.0861508,0.147369,0.170703
0.275,0.891667,0.133668,0.125961,0.183667
0.275,0.908333,0.198851,0.102427,0.22368
0.275,0.925,0.286225,0.0775923,0.296556
0.275,0.941667,0.399815,0.0528748,0.403296
0.275,0.958333,0.541901,0.030356,0.542751
0.275,0.975,0.711295,0.0126899,0.711408
0.275,0.991667,0.901377,0.00271547,0.901382
0.291667,0.00833333,-0.00363791,0.000171684,0.00364196
0.291667,0.025,-0.0106923,0.000822801,0.0107239
0.291667,0.0416667,-0.0175477,0.00205951,0.0176682
0.291667,0.0583333,-0.0242207,0.00382718,0.0245212
0.291667,0.075,-0.0307232,0.00608091,0.0313192
0.291667,0.0916667,-0.0370636,0.00878426,0.0380904
0.291667,0.108333,-0.0432475,0.0119081,0.044857
0.291667,0.125,-0.0492777,0.0154296,0.0516369
0.291667,0.141667,-0.0551546,0.0193308,0.0584441
0.291667,0.158333,-0.0608759,0.0235981,0.0652897
0.291667,0.175,-0.0664369,0.0282211,0.0721823
0.291667,0.191667,-0.0718296,0.0331918,0.0791276
0.291667,0.208333,-0.0770432,0.0385039,0.086129
0.291667,0.225,-0.0820637,0.0441516,0.093187
0.291667,0.241667,-0.0868734,0.0501296,0.100299
0.291667,0.258333,-0.0914515,0.0564318,0.107461
0.291667,0.275,-0.0957735,0.0630506,0.114665
0.291667,0.291667,-0.099812,0.0699767,0.121898
0.291667,0.308333,-0.103537,0.0771981,0.129149
0.291667,0.325,-0.106914,0.0846993,0.136399
0.291667,0.341667,-0.109911,0.0924612,0.14363
0.291667,0.358333,-0.11249,0.10046,0.150819
0.291667,0.375,-0.114616,0.108669,0.157942
0.291667,0.391667,-0.116254,0.117053,0.164974
0.291667,0.408333,-0.117371,0.125575,0.171886
0.291667,0.425,-0.117936,0.13419,0.17865
0.291667,0.441667,-0.117923,0.14285,0.185235
0.291667,0.458333,-0.117311,0.151501,0.19161
0.291667,0.475,-0.116087,0.160082,0.197743
0.291667,0.491667,-0.114244,0.168531,0.203603
0.291667,0.508333,-0.111782,0.17678,0.209156
0.291667,0.525,-0.108713,0.184758,0.214369
0.291667,0.541667,-0.105056,0.192392,0.219206
0.291667,0.558333,-0.10084,0.199605,0.223631
0.291667,0.575,-0.0961027,0.206321,0.227605
0.291667,0.591667,-0.0908907,0.21246,0.231085
0.291667,0.608333,-0.085257,0.217943,0.234025
0.291667,0.625,-0.0792597,0.222689,0.236374
0.291667,0.641667,-0.0729593,0.226619,0.238074
0.291667,0.658333,-0.0664145,0.229648,0.239058
0.291667,0.675,-0.0596771,0.231692,0.239255
0.291667,0.691667,-0.0527842,0.232665,0.238578
0.291667,0.708333,-0.0457473,0.232474,0.236932
0.291667,0.725,-0.0385373,0.231019,0.234211
0.291667,0.741667,-0.031063,0.228194,0.230298
0.291667,0.758333,-0.0231404,0.223879,0.225071
0.291667,0.775,-0.0144512,0.217942,0.21842
0.291667,0.791667,-0.00448605,0.210235,0.210283
0.291667,0.808333,0.00752946,0.200599,0.200741
0.291667,0.825,0.022726,0.188868,0.190231
0.291667,0.841667,0.0426948,0.174887,0.180023
0.291667,0.858333,0.069591,0.15854,0.173141
0.291667,0.875,0.106209,0.139807,0.175575
0.291667,0.891667,0.155983,0.118842,0.196097
0.291667,0.908333,0.222837,0.0960765,0.242666
0.291667,0.925,0.310802,0.0723476,0.319112
0.291667,0.941667,0.423293,0.04901,0.426121
0.291667,0.958333,0.56197,0.0279824,0.562666
0.291667,0.975,0.725232,0.0116426,0.725325
0.291667,0.991667,0.906575,0.00248209,0.906578
0.308333,0.00833333,-0.0039768,0.000167143,0.00398031
0.308333,0.025,-0.0116378,0.000800234,0.0116652
0.308333,0.0416667,-0.01904,0.00200114,0.0191449
0.308333,0.0583333,-0.0262105,0.00371542,0.0264725
0.308333,0.075,-0.0331702,0.00589839,0.0336906
0.308333,0.0916667,-0.0399356,0.00851392,0.0408331
0.308333,0.108333,-0.046519,0.0115334,0.0479274
0.308333,0.125,-0.052929,0.0149345,0.0549956
0.308333,0.141667,-0.0591706,0.0187004,0.0620554
0.308333,0.158333,-0.0652457,0.0228187,0.0691208
0.308333,0.175,-0.0711521,0.0272805,0.0762026
0.308333,0.191667,-0.0768842,0.0320795,0.0833083
0.308333,0.208333,-0.0824326,0.0372113,0.0904423
0.308333,0.225,-0.0877835,0.0426726,0.0976059
0.308333,0.241667,-0.0929194,0.0484603,0.104797
0.308333,0.258333,-0.0978182,0.0545707,0.11201
0.308333,0.275,-0.102454,0.0609988,0.119238
0.308333,0.291667,-0.106797,0.0677377,0.126467
0.308333,0.308333,-0.110813,0.0747775,0.133683
0.308333,0.325,-0.114467,0.0821052,0.140868
0.308333,0.341667,-0.117719,0.0897035,0.148001
0.308333,0.358333,-0.120528,0.0975505,0.155059
0.308333,0.375,-0.122855,0.105619,0.162014
0.308333,0.391667,-0.124658,0.113877,0.168841
0.308333,0.408333,-0.125898,0.122285,0.17551
0.308333,0.425,-0.126539,0.1308,0.181992
0.308333,0.441667,-0.126551,0.139372,0.188254
0.308333,0.458333,-0.125906,0.147945,0.194268
0.308333,0.475,-0.124586,0.156457,0.200001
0.308333,0.491667,-0.12258,0.164842,0.205423
0.308333,0.508333,-0.119884,0.173031,0.210504
0.308333,0.525,-0.116507,0.180949,0.215212
0.308333,0.541667,-0.112465,0.188518,0.219516
0.308333,0.558333,-0.107785,0.195659,0.223384
0.308333,0.575,-0.102505,0.202292,0.22678
0.308333,0.591667,-0.0966681,0.208332,0.229667
0.308333,0.608333,-0.0903283,0.213698,0.232004
0.308333,0.625,-0.0835429,0.218306,0.233746
0.308333,0.641667,-0.0763716,0.222073,0.234838
0.308333,0.658333,-0.0688721,0.224914,0.235222
0.308333,0.675,-0.061094,0.226744,0.23483
0.308333,0.691667,-0.0530713,0.227475,0.233584
0.308333,0.708333,-0.0448108,0.227017,0.231398
0.308333,0.725,-0.0362767,0.225275,0.228177
0.308333,0.741667,-0.0273687,0.222145,0.223825
0.308333,0.758333,-0.017892,0.217518,0.218252
0.308333,0.775,-0.0075158,0.211271,0.211405
0.308333,0.791667,0.0042816,0.203275,0.20332
0.308333,0.808333,0.0182826,0.19339,0.194252
0.308333,0.825,0.0356149,0.181479,0.18494
0.308333,0.841667,0.0578441,0.167422,0.177133
0.308333,0.858333,0.0870605,0.15115,0.17443
0.308333,0.875,0.125931,0.132691,0.182936
0.308333,0.891667,0.177672,0.112246,0.210158
0.308333,0.908333,0.245881,0.0902786,0.26193
0.308333,0.925,0.334143,0.0676233,0.340917
0.308333,0.941667,0.445342,0.0455708,0.447668
0.308333,0.958333,0.580627,0.0258915,0.581204
0.308333,0.975,0.738079,0.0107268,0.738157
0.308333,0.991667,0.911336,0.00227895,0.911339
0.325,0.00833333,-0.00430503,0.000161022,0.00430804
0.325,0.025,-0.0125517,0.00076997,0.0125753
0.325,0.0416667,-0.0204804,0.00192328,0.0205706
0.325,0.0583333,-0.0281284,0.00356723,0.0283537
0.325,0.075,-0.035526,0.0056579,0.0359737
0.325,0.0916667,-0.0426976,0.00816003,0.0434704
0.325,0.108333,-0.0496625,0.011046,0.0508761
0.325,0.125,-0.0564354,0.0142947,0.0582176
0.325,0.141667,-0.0630263,0.0178907,0.0655163
0.325,0.158333,-0.069441,0.0218232,0.0727894
0.325,0.175,-0.0756807,0.0260853,0.08005
0.325,0.191667,-0.0817421,0.0306727,0.0873074
0.325,0.208333,-0.0876173,0.0355834,0.0945673
0.325,0.225,-0.0932934,0.0408165,0.101831
0.325,0.241667,-0.0987524,0.0463716,0.109098
0.325,0.258333,-0.103972,0.0522477,0.116361
0.325,0.275,-0.108924,0.0584426,0.123612
0.325,0.291667,-0.113576,0.0649521,0.130836
0.325,0.308333,-0.117891,0.071769,0.138019
0.325,0.325,-0.12183,0.0788826,0.145138
0.325,0.341667,-0.125349,0.0862778,0.152172
0.325,0.358333,-0.128402,0.0939345,0.159093
0.325,0.375,-0.130943,0.101827,0.165876
0.325,0.391667,-0.132924,0.109924,0.172488
0.325,0.408333,-0.134303,0.118188,0.178901
0.325,0.425,-0.135035,0.126574,0.185082
0.325,0.441667,-0.135084,0.135031,0.191
0.325,0.458333,-0.134417,0.143503,0.196624
0.325,0.475,-0.13301,0.151926,0.201924
0.325,0.491667,-0.130847,0.160233,0.206871
0.325,0.508333,-0.127922,0.16835,0.211437
0.325,0.525,-0.124236,0.176199,0.215594
0.325,0.541667,-0.119806,0.183701,0.219316
0.325,0.558333,-0.114656,0.190772,0.222576
0.325,0.575,-0.108821,0.197328,0.225345
0.325,0.591667,-0.102346,0.203282,0.227592
0.325,0.608333,-0.0952833,0.208549,0.229285
0.325,0.625,-0.0876902,0.213044,0.230385
0.325,0.641667,-0.0796266,0.216679,0.230847
0.325,0.658333,-0.0711496,0.219371,0.230621
0.325,0.675,-0.0623082,0.221033,0.229648
0.325,0.691667,-0.0531341,0.221579,0.227861
0.325,0.708333,-0.043631,0.22092,0.225187
0.325,0.725,-0.033758,0.218964,0.221551
0.325,0.741667,-0.0234084,0.215615,0.216882
0.325,0.758333,-0.0123789,0.210769,0.211132
0.325,0.775,-0.000329917,0.204317,0.204317
0.325,0.791667,0.0132678,0.196141,0.19659
0.325,0.808333,0.0291989,0.186124,0.1884
0.325,0.825,0.0485814,0.174152,0.180801
0.325,0.841667,0.0729481,0.160138,0.175971
0.325,0.858333,0.104318,0.144049,0.177855
0.325,0.875,0.145228,0.125952,0.192237
0.325,0.891667,0.198687,0.106086,0.225234
0.325,0.908333,0.267985,0.084934,0.281122
0.325,0.925,0.356308,0.0633205,0.36189
0.325,0.941667,0.466079,0.0424715,0.46801
0.325,0.958333,0.598017,0.0240237,0.598499
0.325,0.975,0.749963,0.00991374,0.750029
0.325,0.991667,0.915714,0.00209914,0.915716
0.341667,0.00833333,-0.00461942,0.000153315,0.00462197
0.341667,0.025,-0.0134251,0.000732018,0.013445
0.341667,0.0416667,-0.0218545,0.00182604,0.0219307
0.341667,0.0583333,-0.0299553,0.00338293,0.0301457
0.341667,0.075,-0.0377671,0.00536007,0.0381455
0.341667,0.0916667,-0.0453224,0.00772364,0.0459758
0.341667,0.108333,-0.0526477,0.0104475,0.0536743
0.341667,0.125,-0.0597638,0.0135123,0.0612723
0.341667,0.141667,-0.0666861,0.0169044,0.0687953
0.341667,0.158333,-0.0734245,0.020615,0.0762635
0.341667,0.175,-0.0799837,0.0246393,0.0836928
0.341667,0.191667,-0.0863631,0.0289758,0.0910943
0.341667,0.208333,-0.0925562,0.0336248,0.0984748
0.341667,0.225,-0.0985512,0.0385883,0.105837
0.341667,0.241667,-0.10433,0.0438688,0.113178
0.341667,0.258333,-0.10987,0.0494683,0.120492
0.341667,0.275,-0.11514,0.0553876,0.127769
0.341667,0.291667,-0.120107,0.0616254,0.134994
0.341667,0.308333,-0.124729,0.0681777,0.142146
0.341667,0.325,-0.128964,0.0750362,0.149205
0.341667,0.341667,-0.132762,0.0821884,0.156143
0.341667,0.358333,-0.136073,0.0896164,0.162932
0.341667,0.375,-0.138844,0.0972965,0.169541
0.341667,0.391667,-0.141022,0.105198,0.175937
0.341667,0.408333,-0.142555,0.113285,0.182086
0.341667,0.425,-0.143395,0.121512,0.187956
0.341667,0.441667,-0.143498,0.129829,0.193512
0.341667,0.458333,-0.142824,0.138177,0.198725
0.341667,0.475,-0.141343,0.146493,0.203564
0.341667,0.491667,-0.139034,0.154706,0.208001
0.341667,0.508333,-0.135886,0.16274,0.212012
0.341667,0.525,-0.131897,0.170516,0.215575
0.341667,0.541667,-0.12708,0.177949,0.218667
0.341667,0.558333,-0.121458,0.184954,0.221268
0.341667,0.575,-0.115063,0.191442,0.22336
0.341667,0.591667,-0.107942,0.197325,0.224919
0.341667,0.608333,-0.100145,0.202515,0.225924
0.341667,0.625,-0.0917312,0.206924,0.226345
0.341667,0.641667,-0.0827608,0.210463,0.226151
0.341667,0.658333,-0.0732915,0.213048,0.225302
0.341667,0.675,-0.0633721,0.214592,0.223754
0.341667,0.691667,-0.0530335,0.215009,0.221453
0.341667,0.708333,-0.0422775,0.214215,0.218347
0.341667,0.725,-0.03106,0.212119,0.214381
0.341667,0.741667,-0.0192694,0.208632,0.20952
0.341667,0.758333,-0.00669692,0.203657,0.203767
0.341667,0.775,0.007003,0.197094,0.197219
0.341667,0.791667,0.0223632,0.188842,0.190161
0.341667,0.808333,0.0401658,0.178797,0.183253
0.341667,0.825,0.0615135,0.16687,0.177847
0.341667,0.841667,0.0879007,0.152999,0.176452
0.341667,0.858333,0.121271,0.137183,0.183101
0.341667,0.875,0.164032,0.119523,0.202959
0.341667,0.891667,0.218991,0.100281,0.24086
0.341667,0.908333,0.289156,0.0799575,0.300007
0.341667,0.925,0.377351,0.0593568,0.381991
0.341667,0.941667,0.485599,0.039643,0.487214
0.341667,0.958333,0.614256,0.0223318,0.614662
0.341667,0.975,0.760985,0.00918076,0.76104
0.341667,0.991667,0.919751,0.00193737,0.919753
0.358333,0.00833333,-0.0049168,0.000144006,0.00491891
0.358333,0.025,-0.0142489,0.000686354,0.0142654
0.358333,0.0416667,-0.023148,0.00170946,0.023211
0.358333,0.0583333,-0.0316721,0.00316274,0.0318297
0.358333,0.075,-0.0398702,0.00500547,0.0401832
0.358333,0.0916667,-0.0477832,0.00720577,0.0483235
0.358333,0.108333,-0.0554447,0.00973953,0.0562936
0.358333,0.125,-0.0628817,0.0125895,0.0641296
0.358333,0.141667,-0.0701151,0.0157443,0.0718611
0.358333,0.158333,-0.0771594,0.0191975,0.0795117
0.358333,0.175,-0.0840227,0.0229469,0.0870998
0.358333,0.191667,-0.0907073,0.0269936,0.0946386
0.358333,0.208333,-0.0972085,0.031341,0.102136
0.358333,0.225,-0.103516,0.035994,0.109595
0.358333,0.241667,-0.109611,0.0409581,0.117013
0.358333,0.258333,-0.115469,0.0462387,0.124383
0.358333,0.275,-0.121061,0.0518399,0.131693
0.358333,0.291667,-0.126347,0.0577636,0.138926
0.358333,0.308333,-0.131286,0.0640088,0.146059
0.358333,0.325,-0.135828,0.0705706,0.153067
0.358333,0.341667,-0.139919,0.0774392,0.159919
0.358333,0.358333,-0.143504,0.0845991,0.166585
0.358333,0.375,-0.146523,0.0920287,0.173027
0.358333,0.391667,-0.148916,0.0996995,0.179209
0.358333,0.408333,-0.150624,0.107576,0.185095
0.358333,0.425,-0.151592,0.115614,0.190648
0.358333,0.441667,-0.151767,0.123763,0.195833
0.358333,0.458333,-0.151104,0.131965,0.200617
0.358333,0.475,-0.149567,0.140153,0.204971
0.358333,0.491667,-0.147127,0.148257,0.208869
0.358333,0.508333,-0.143768,0.156198,0.21229
0.358333,0.525,-0.139486,0.163894,0.215215
0.358333,0.541667,-0.134289,0.171258,0.21763
0.358333,0.558333,-0.128197,0.178202,0.219523
0.358333,0.575,-0.121244,0.184634,0.220885
0.358333,0.591667,-0.113474,0.190464,0.221705
0.358333,0.608333,-0.104939,0.1956,0.221972
0.358333,0.625,-0.0956981,0.199953,0.221674
0.358333,0.641667,-0.0858136,0.203433,0.220792
0.358333,0.658333,-0.0753442,0.205955,0.219303
0.358333,0.675,-0.0643396,0.207431,0.21718
0.358333,0.691667,-0.0528311,0.207779,0.21439
0.358333,0.708333,-0.0408196,0.206913,0.210901
0.358333,0.725,-0.0282593,0.204751,0.206692
0.358333,0.741667,-0.0150358,0.201204,0.201765
0.358333,0.758333,-0.000936503,0.196185,0.196187
0.358333,0.775,0.0143871,0.189603,0.190148
0.358333,0.791667,0.0314682,0.181367,0.184076
0.358333,0.808333,0.0510824,0.17139,0.178841
0.358333,0.825,0.0743124,0.159602,0.176054
0.358333,0.841667,0.10261,0.145964,0.178422
0.358333,0.858333,0.137841,0.1305,0.189817
0.358333,0.875,0.182285,0.113338,0.214647
0.358333,0.891667,0.238556,0.0947615,0.256688
0.358333,0.908333,0.309401,0.0752747,0.318426
0.358333,0.925,0.397318,0.0556626,0.401198
0.358333,0.941667,0.503979,0.0370286,0.505337
0.358333,0.958333,0.629438,0.0207778,0.629781
0.358333,0.975,0.771222,0.00851007,0.771269
0.358333,0.991667,0.923477,0.00178949,0.923479
0.375,0.00833333,-0.00519395,0.000133077,0.00519565
0.375,0.025,-0.0150141,0.000632953,0.0150274
0.375,0.0416667,-0.0243467,0.00157362,0.0243975
0.375,0.0583333,-0.0332602,0.00290697,0.033387
0.375,0.075,-0.0418129,0.00459478,0.0420646
0.375,0.0916667,-0.0500539,0.00660765,0.0504881
0.375,0.108333,-0.0580242,0.00892397,0.0587064
0.375,0.125,-0.0657573,0.011529,0.0667603
0.375,0.141667,-0.0732794,0.014414,0.0746836
0.375,0.158333,-0.0806097,0.0175753,0.0825034
0.375,0.175,-0.0877602,0.0210135,0.0902409
0.375,0.191667,-0.0947357,0.0247325,0.0979109
0.375,0.208333,-0.101534,0.0287389,0.105523
0.375,0.225,-0.108145,0.0330409,0.11308
0.375,0.241667,-0.114552,0.0376473,0.120579
0.375,0.258333,-0.120729,0.0425669,0.128013
0.375,0.275,-0.126643,0.0478072,0.135366
0.375,0.291667,-0.132255,0.0533739,0.142619
0.375,0.308333,-0.137519,0.0592693,0.149747
0.375,0.325,-0.142379,0.0654917,0.15672
0.375,0.341667,-0.146779,0.0720347,0.163503
0.375,0.358333,-0.150655,0.0788856,0.170058
0.375,0.375,-0.153941,0.0860254,0.176347
0.375,0.391667,-0.15657,0.0934278,0.182327
0.375,0.408333,-0.158476,0.101058,0.187956
0.375,0.425,-0.159594,0.108875,0.193195
0.375,0.441667,-0.159866,0.116828,0.198004
0.375,0.458333,-0.159237,0.124857,0.20235
0.375,0.475,-0.157664,0.132898,0.206203
0.375,0.491667,-0.155112,0.140876,0.209537
0.375,0.508333,-0.15156,0.148713,0.212335
0.375,0.525,-0.147,0.156323,0.214583
0.375,0.541667,-0.141434,0.163618,0.216274
0.375,0.558333,-0.134883,0.170506,0.217407
0.375,0.575,-0.127378,0.176895,0.217984
0.375,0.591667,-0.118963,0.182689,0.218008
0.375,0.608333,-0.109692,0.187796,0.217485
0.375,0.625,-0.0996251,0.192124,0.216418
0.375,0.641667,-0.0888258,0.195584,0.214809
0.375,0.658333,-0.0773555,0.198086,0.212655
0.375,0.675,-0.0652656,0.199547,0.209949
0.375,0.691667,-0.0525885,0.199884,0.206686
0.375,0.708333,-0.0393258,0.199013,0.202861
0.375,0.725,-0.0254309,0.196854,0.198489
0.375,0.741667,-0.0107882,0.193324,0.193625
0.375,0.758333,0.00481657,0.188343,0.188404
0.375,0.775,0.0217328,0.181826,0.183121
0.375,0.791667,0.0404909,0.173694,0.178351
0.375,0.808333,0.0618569,0.163874,0.17516
0.375,0.825,0.0868897,0.15231,0.175352
0.375,0.841667,0.116995,0.138986,0.181673
0.375,0.858333,0.15396,0.123945,0.197651
0.375,0.875,0.199937,0.107337,0.226927
0.375,0.891667,0.257358,0.0894603,0.272464
0.375,0.908333,0.328726,0.0708202,0.336268
0.375,0.925,0.416247,0.0521788,0.419504
0.375,0.941667,0.521282,0.0345808,0.522428
0.375,0.958333,0.643635,0.0193308,0.643926
0.375,0.975,0.780736,0.00788728,0.780776
0.375,0.991667,0.926919,0.00165219,0.926921
0.391667,0.00833333,-0.0054476,0.000120519,0.00544893
0.391667,0.025,-0.0157117,0.000571834,0.0157221
0.391667,0.0416667,-0.0254366,0.00141867,0.0254762
0.391667,0.0583333,-0.0347012,0.00261611,0.0347996
0.391667,0.075,-0.0435728,0.00412905,0.043768
0.391667,0.0916667,-0.052109,0.00593108,0.0524454
0.391667,0.108333,-0.060358,0.00800354,0.0608863
0.391667,0.125,-0.0683598,0.0103346,0.0691365
0.391667,0.141667,-0.076146,0.0129185,0.0772341
0.391667,0.158333,-0.0837405,0.0157545,0.0852096
0.391667,0.175,-0.0911593,0.0188461,0.093087
0.391667,0.191667,-0.0984102,0.0222007,0.100883
0.391667,0.208333,-0.105493,0.0258278,0.108609
0.391667,0.225,-0.112399,0.0297391,0.116267
0.391667,0.241667,-0.119112,0.0339469,0.123855
0.391667,0.258333,-0.125605,0.0384635,0.131362
0.391667,0.275,-0.131844,0.0433004,0.138773
0.391667,0.291667,-0.137787,0.0484667,0.146063
0.391667,0.308333,-0.143384,0.0539685,0.153204
0.391667,0.325,-0.148576,0.0598079,0.160162
0.391667,0.341667,-0.153299,0.0659818,0.166896
0.391667,0.358333,-0.157485,0.0724812,0.173364
0.391667,0.375,-0.16106,0.0792897,0.179519
0.391667,0.391667,-0.163948,0.0863839,0.185314
0.391667,0.408333,-0.166076,0.0937315,0.190701
0.391667,0.425,-0.167371,0.101292,0.195636
0.391667,0.441667,-0.167765,0.109016,0.200074
0.391667,0.458333,-0.167196,0.116846,0.203979
0.391667,0.475,-0.165613,0.124715,0.20732
0.391667,0.491667,-0.162975,0.132549,0.210072
0.391667,0.508333,-0.159253,0.140268,0.212219
0.391667,0.525,-0.154434,0.147786,0.213753
0.391667,0.541667,-0.148519,0.15501,0.214677
0.391667,0.558333,-0.141525,0.161848,0.214998
0.391667,0.575,-0.133481,0.168204,0.214732
0.391667,0.591667,-0.124432,0.173981,0.213899
0.391667,0.608333,-0.114433,0.179084,0.212523
0.391667,0.625,-0.103547,0.18342,0.21063
0.391667,0.641667,-0.0918396,0.186897,0.208242
0.391667,0.658333,-0.0793742,0.189427,0.205384
0.391667,0.675,-0.0662053,0.190924,0.202077
0.391667,0.691667,-0.0523675,0.191307,0.198345
0.391667,0.708333,-0.0378637,0.190495,0.194222
0.391667,0.725,-0.022648,0.18841,0.189766
0.391667,0.741667,-0.00660475,0.184973,0.185091
0.391667,0.758333,0.0104803,0.180107,0.180412
0.391667,0.775,0.0289553,0.173738,0.176134
0.391667,0.791667,0.0493457,0.165793,0.17298
0.391667,0.808333,0.0724045,0.156211,0.172175
0.391667,0.825,0.0991643,0.144952,0.175627
0.391667,0.841667,0.130983,0.132015,0.185969
0.391667,0.858333,0.169565,0.117463,0.206276
0.391667,0.875,0.216942,0.101461,0.239496
0.391667,0.891667,0.275373,0.0843176,0.287993
0.391667,0.908333,0.347133,0.0665363,0.353452
0.391667,0.925,0.434164,0.0488539,0.436904
0.391667,0.941667,0.537558,0.0322596,0.538525
0.391667,0.958333,0.656905,0.0179647,0.657151
0.391667,0.975,0.789574,0.00730056,0.789608
0.391667,0.991667,0.930094,0.00152277,0.930095
0.408333,0.00833333,-0.00567452,0.00010634,0.00567551
0.408333,0.025,-0.016333,0.00050309,0.0163407
0.408333,0.0416667,-0.0264042,0.00124498,0.0264336
0.408333,0.0583333,-0.0359772,0.00229105,0.0360501
0.408333,0.075,-0.0451286,0.0036099,0.0452728
0.408333,0.0916667,-0.053924,0.00517866,0.0541721
0.408333,0.108333,-0.0624189,0.00698203,0.0628082
0.408333,0.125,-0.0706595,0.00901147,0.0712318
0.408333,0.141667,-0.0786831,0.0112643,0.0794853
0.408333,0.158333,-0.0865183,0.0137431,0.087603
0.408333,0.175,-0.0941849,0.0164546,0.0956114
0.408333,0.191667,-0.101694,0.0194091,0.10353
0.408333,0.208333,-0.109047,0.0226199,0.111369
0.408333,0.225,-0.116238,0.0261018,0.119133
0.408333,0.241667,-0.12325,0.0298709,0.126818
0.408333,0.258333,-0.130056,0.0339432,0.134412
0.408333,0.275,-0.136621,0.0383339,0.141897
0.408333,0.291667,-0.142899,0.0430561,0.149245
0.408333,0.308333,-0.148838,0.0481199,0.156423
0.408333,0.325,-0.154373,0.0535314,0.163391
0.408333,0.341667,-0.159436,0.0592914,0.170104
0.408333,0.358333,-0.163951,0.0653943,0.176511
0.408333,0.375,-0.167836,0.0718278,0.18256
0.408333,0.391667,-0.171009,0.0785712,0.188196
0.408333,0.408333,-0.173387,0.0855953,0.193364
0.408333,0.425,-0.174888,0.0928617,0.198013
0.408333,0.441667,-0.175434,0.100323,0.202093
0.408333,0.458333,-0.174956,0.107922,0.205564
0.408333,0.475,-0.173393,0.115593,0.208391
0.408333,0.491667,-0.170698,0.123262,0.21055
0.408333,0.508333,-0.166834,0.130847,0.212025
0.408333,0.525,-0.161784,0.138262,0.212815
0.408333,0.541667,-0.155544,0.145412,0.212929
0.408333,0.558333,-0.148128,0.152203,0.212386
0.408333,0.575,-0.139566,0.158536,0.211217
0.408333,0.591667,-0.129901,0.164314,0.20946
0.408333,0.608333,-0.119191,0.169438,0.207161
0.408333,0.625,-0.1075,0.173813,0.20437
0.408333,0.641667,-0.0948969,0.177346,0.201139
0.408333,0.658333,-0.0814492,0.179948,0.197523
0.408333,0.675,-0.0672141,0.181535,0.193578
0.408333,0.691667,-0.0522294,0.182023,0.189368
0.408333,0.708333,-0.0365001,0.181333,0.18497
0.408333,0.725,-0.0199823,0.17939,0.180499
0.408333,0.741667,-0.00256126,0.176118,0.176137
0.408333,0.758333,0.0159757,0.171445,0.172188
0.408333,0.775,0.0359736,0.165301,0.16917
0.408333,0.791667,0.0579509,0.157622,0.167938
0.408333,0.808333,0.0826452,0.148358,0.169825
0.408333,0.825,0.11106,0.13748,0.176735
0.408333,0.841667,0.144503,0.125002,0.191067
0.408333,0.858333,0.184598,0.111,0.215401
0.408333,0.875,0.233258,0.0956532,0.252109
0.408333,0.891667,0.292576,0.0792777,0.303126
0.408333,0.908333,0.364619,0.0623706,0.369915
0.408333,0.925,0.451088,0.0456431,0.453391
0.408333,0.941667,0.55284,0.0300305,0.553655
0.408333,0.958333,0.66929,0.0166578,0.669497
0.408333,0.975,0.797771,0.00673999,0.797799
0.408333,0.991667,0.933016,0.00139897,0.933017
0.425,0.00833333,-0.00587148,9.05694e-05,0.00587218
0.425,0.025,-0.0168693,0.000426929,0.0168747
0.425,0.0416667,-0.0272362,0.00105319,0.0272566
0.425,0.0583333,-0.0370713,0.00193314,0.0371217
0.425,0.075,-0.0464601,0.00303972,0.0465594
0.425,0.0916667,-0.0554758,0.00435407,0.0556464
0.425,0.108333,-0.0641812,0.00586468,0.0644486
0.425,0.125,-0.0726286,0.00756653,0.0730217
0.425,0.141667,-0.0808608,0.00946036,0.0814123
0.425,0.158333,-0.088911,0.011552,0.0896584
0.425,0.175,-0.0968031,0.0138514,0.0977891
0.425,0.191667,-0.104551,0.0163723,0.105825
0.425,0.208333,-0.11216,0.0191313,0.11378
0.425,0.225,-0.119623,0.0221466,0.121656
0.425,0.241667,-0.126925,0.025438,0.129449
0.425,0.258333,-0.13404,0.0290253,0.137146
0.425,0.275,-0.14093,0.0329274,0.144725
0.425,0.291667,-0.147547,0.0371617,0.152155
0.425,0.308333,-0.153835,0.0417424,0.159397
0.425,0.325,-0.159725,0.0466798,0.166407
0.425,0.341667,-0.165143,0.051979,0.17313
0.425,0.358333,-0.170006,0.0576387,0.179511
0.425,0.375,-0.174226,0.0636505,0.185488
0.425,0.391667,-0.17771,0.0699975,0.190999
0.425,0.408333,-0.180367,0.0766539,0.19598
0.425,0.425,-0.182105,0.0835844,0.200371
0.425,0.441667,-0.182837,0.0907438,0.204117
0.425,0.458333,-0.182485,0.0980771,0.207171
0.425,0.475,-0.180978,0.10552,0.209493
0.425,0.491667,-0.17826,0.112998,0.211057
0.425,0.508333,-0.17429,0.12043,0.21185
0.425,0.525,-0.169041,0.127729,0.211871
0.425,0.541667,-0.162508,0.134799,0.211139
0.425,0.558333,-0.1547,0.141543,0.209682
0.425,0.575,-0.145646,0.147863,0.207548
0.425,0.591667,-0.135391,0.153656,0.204795
0.425,0.608333,-0.123993,0.158824,0.201492
0.425,0.625,-0.111518,0.163268,0.197719
0.425,0.641667,-0.0980397,0.166896,0.193562
0.425,0.658333,-0.0836289,0.169616,0.189113
0.425,0.675,-0.0683468,0.171343,0.184471
0.425,0.691667,-0.0522348,0.171993,0.17975
0.425,0.708333,-0.035301,0.17149,0.175085
0.425,0.725,-0.0175042,0.169756,0.170656
0.425,0.741667,0.00126815,0.166721,0.166726
0.425,0.758333,0.0212259,0.162315,0.163697
0.425,0.775,0.0427096,0.156473,0.162197
0.425,0.791667,0.0662283,0.149138,0.163182
0.425,0.808333,0.0925024,0.140268,0.168023
0.425,0.825,0.122504,0.129844,0.178513
0.425,0.841667,0.15749,0.117892,0.196727
0.425,0.858333,0.199003,0.104502,0.224773
0.425,0.875,0.248841,0.0898604,0.264569
0.425,0.891667,0.30894,0.0742889,0.317747
0.425,0.908333,0.381174,0.0582759,0.385603
0.425,0.925,0.467029,0.0425063,0.46896
0.425,0.941667,0.567155,0.0278632,0.567839
0.425,0.958333,0.68082,0.0153911,0.680994
0.425,0.975,0.805352,0.00619713,0.805376
0.425,0.991667,0.935694,0.0012789,0.935695
0.441667,0.00833333,-0.00603538,7.32706e-05,0.00603583
0.441667,0.025,-0.0173123,0.000343699,0.0173157
0.441667,0.0416667,-0.0279202,0.000844286,0.027933
0.441667,0.0583333,-0.0379675,0.00154435,0.0379989
0.441667,0.075,-0.0475481,0.00242181,0.0476097
0.441667,0.0916667,-0.0567428,0.00346232,0.0568483
0.441667,0.108333,-0.065621,0.00465843,0.0657862
0.441667,0.125,-0.0742412,0.00600889,0.074484
0.441667,0.141667,-0.0826513,0.00751798,0.0829925
0.441667,0.158333,-0.0908891,0.00919483,0.091353
0.441667,0.175,-0.0989825,0.0110528,0.0995977
0.441667,0.191667,-0.106949,0.0131087,0.107749
0.441667,0.208333,-0.114795,0.0153825,0.115821
0.441667,0.225,-0.122517,0.0178958,0.123817
0.441667,0.241667,-0.130099,0.020672,0.131731
0.441667,0.258333,-0.137516,0.0237345,0.139549
0.441667,0.275,-0.144728,0.0271063,0.147244
0.441667,0.291667,-0.151686,0.0308089,0.154783
0.441667,0.308333,-0.158329,0.0348609,0.162121
0.441667,0.325,-0.164585,0.039277,0.169206
0.441667,0.341667,-0.170373,0.044067,0.17598
0.441667,0.358333,-0.175603,0.0492342,0.182375
0.441667,0.375,-0.18018,0.0547747,0.188322
0.441667,0.391667,-0.184003,0.0606762,0.193749
0.441667,0.408333,-0.18697,0.066917,0.198584
0.441667,0.425,-0.18898,0.0734655,0.202758
0.441667,0.441667,-0.189936,0.0802799,0.206205
0.441667,0.458333,-0.189747,0.0873077,0.20887
0.441667,0.475,-0.188336,0.0944865,0.210709
0.441667,0.491667,-0.185637,0.101744,0.211691
0.441667,0.508333,-0.1816,0.108999,0.2118
0.441667,0.525,-0.176193,0.116164,0.211041
0.441667,0.541667,-0.169405,0.123144,0.209434
0.441667,0.558333,-0.161243,0.129839,0.20702
0.441667,0.575,-0.151733,0.136149,0.203861
0.441667,0.591667,-0.14092,0.141972,0.200036
0.441667,0.608333,-0.128864,0.147205,0.19564
0.441667,0.625,-0.115635,0.151748,0.190785
0.441667,0.641667,-0.101309,0.155507,0.185596
0.441667,0.658333,-0.0859613,0.158389,0.180212
0.441667,0.675,-0.0696578,0.160306,0.174786
0.441667,0.691667,-0.0524438,0.161176,0.169493
0.441667,0.708333,-0.0343316,0.16092,0.164541
0.441667,0.725,-0.0152831,0.159463,0.160194
0.441667,0.741667,0.00481064,0.156735,0.156809
0.441667,0.758333,0.0261558,0.152669,0.154893
0.441667,0.775,0.0490866,0.147204,0.155173
0.441667,0.791667,0.0741014,0.140289,0.158657
0.441667,0.808333,0.101901,0.131888,0.166668
0.441667,0.825,0.133426,0.121991,0.180788
0.441667,0.841667,0.169878,0.110633,0.202727
0.441667,0.858333,0.212724,0.0979149,0.234177
0.441667,0.875,0.263646,0.0840308,0.276714
0.441667,0.891667,0.324435,0.0693024,0.331754
0.441667,0.908333,0.396786,0.0542088,0.400472
0.441667,0.925,0.481989,0.0394073,0.483597
0.441667,0.941667,0.580514,0.0257312,0.581084
0.441667,0.958333,0.691516,0.0141483,0.691661
0.441667,0.975,0.812335,0.00566469,0.812354
0.441667,0.991667,0.938133,0.00116092,0.938134
0.458333,0.00833333,-0.00616325,5.45417e-05,0.00616349
0.458333,0.025,-0.0176543,0.000253914,0.0176561
0.458333,0.0416667,-0.0284446,0.00061963,0.0284513
0.458333,0.0583333,-0.038651,0.00112735,0.0386675
0.458333,0.075,-0.0483753,0.00176058,0.0484074
0.458333,0.0916667,-0.0577054,0.00250987,0.05776
0.458333,0.108333,-0.0667169,0.00337215,0.0668021
0.458333,0.125,-0.0754738,0.00435008,0.0755991
0.458333,0.141667,-0.0840292,0.00545152,0.0842059
0.458333,0.158333,-0.0924255,0.0066889,0.0926672
0.458333,0.175,-0.100694,0.00807876,0.101018
0.458333,0.191667,-0.108856,0.00964112,0.109282
0.458333,0.208333,-0.11692,0.0113989,0.117474
0.458333,0.225,-0.124884,0.0133771,0.125598
0.458333,0.241667,-0.132734,0.0156025,0.133648
0.458333,0.258333,-0.140443,0.0181021,0.141605
0.458333,0.275,-0.147973,0.0209029,0.149442
0.458333,0.291667,-0.155271,0.0240304,0.157119
0.458333,0.308333,-0.162273,0.0275077,0.164588
0.458333,0.325,-0.168903,0.0313544,0.171789
0.458333,0.341667,-0.175075,0.0355851,0.178655
0.458333,0.358333,-0.180692,0.0402082,0.185111
0.458333,0.375,-0.185649,0.045225,0.191079
0.458333,0.391667,-0.189839,0.0506283,0.196474
0.458333,0.408333,-0.193148,0.0564012,0.201215
0.458333,0.425,-0.195466,0.062517,0.20522
0.458333,0.441667,-0.196684,0.0689378,0.208416
0.458333,0.458333,-0.196703,0.0756151,0.210736
0.458333,0.475,-0.195433,0.0824892,0.212129
0.458333,0.491667,-0.192799,0.0894903,0.212556
0.458333,0.508333,-0.188742,0.0965389,0.211998
0.458333,0.525,-0.183224,0.103547,0.210459
0.458333,0.541667,-0.176227,0.110421,0.207964
0.458333,0.558333,-0.167755,0.11706,0.20456
0.458333,0.575,-0.157832,0.123363,0.200323
0.458333,0.591667,-0.146503,0.129224,0.195351
0.458333,0.608333,-0.133829,0.13454,0.189766
0.458333,0.625,-0.119883,0.139209,0.183714
0.458333,0.641667,-0.104744,0.143133,0.177365
0.458333,0.658333,-0.0884929,0.146219,0.170912
0.458333,0.675,-0.0712,0.148376,0.164575
0.458333,0.691667,-0.0529155,0.14952,0.158608
0.458333,0.708333,-0.033656,0.149573,0.153313
0.458333,0.725,-0.0133876,0.148459,0.149061
0.458333,0.741667,0.00799435,0.146108,0.146326
0.458333,0.758333,0.030691,0.142455,0.145724
0.458333,0.775,0.0550291,0.137442,0.148049
0.458333,0.791667,0.0814947,0.131022,0.154299
0.458333,0.808333,0.110768,0.123164,0.165647
0.458333,0.825,0.143754,0.113866,0.183387
0.458333,0.841667,0.181603,0.103171,0.208863
0.458333,0.858333,0.225702,0.0911873,0.243426
0.458333,0.875,0.277626,0.0781141,0.288406
0.458333,0.891667,0.339026,0.0642721,0.345065
0.458333,0.908333,0.411432,0.0501288,0.414475
0.458333,0.925,0.49596,0.0363135,0.497287
0.458333,0.941667,0.592923,0.0236105,0.593393
0.458333,0.958333,0.701386,0.0129147,0.701505
0.458333,0.975,0.818727,0.00513627,0.818743
0.458333,0.991667,0.940338,0.0010436,0.940339
0.475,0.00833333,-0.00625238,3.45226e-05,0.00625247
0.475,0.025,-0.0178884,0.000158276,0.0178891
0.475,0.0416667,-0.028799,0.00038104,0.0288016
0.475,0.0583333,-0.039109,0.000685598,0.039115
0.475,0.075,-0.0489267,0.00106158,0.0489383
0.475,0.0916667,-0.0583467,0.00150482,0.0583661
0.475,0.108333,-0.0674501,0.0020168,0.0674802
0.475,0.125,-0.0763061,0.0026042,0.0763506
0.475,0.141667,-0.0849727,0.00327838,0.0850359
0.475,0.158333,-0.0934962,0.00405501,0.0935841
0.475,0.175,-0.101912,0.0049536,0.102032
0.475,0.191667,-0.110244,0.00599707,0.110407
0.475,0.208333,-0.118504,0.0072112,0.118723
0.475,0.225,-0.126691,0.0086241,0.126984
0.475,0.241667,-0.134793,0.0102655,0.135184
0.475,0.258333,-0.142784,0.0121661,0.143301
0.475,0.275,-0.150623,0.0143565,0.151306
0.475,0.291667,-0.158258,0.0168664,0.159154
0.475,0.308333,-0.16562,0.0197234,0.166791
0.475,0.325,-0.172631,0.022952,0.17415
0.475,0.341667,-0.179198,0.0265719,0.181157
0.475,0.358333,-0.185217,0.0305972,0.187728
0.475,0.375,-0.190578,0.0350348,0.193772
0.475,0.391667,-0.195162,0.0398833,0.199196
0.475,0.408333,-0.198847,0.0451318,0.203904
0.475,0.425,-0.20151,0.0507589,0.207805
0.475,0.441667,-0.203034,0.0567321,0.210811
0.475,0.458333,-0.203306,0.0630076,0.212846
0.475,0.475,-0.202226,0.0695298,0.213845
0.475,0.491667,-0.199709,0.0762323,0.213764
0.475,0.508333,-0.195686,0.0830382,0.212576
0.475,0.525,-0.190111,0.0898613,0.210279
0.475,0.541667,-0.18296,0.0966078,0.2069
0.475,0.558333,-0.174231,0.103178,0.20249
0.475,0.575,-0.163948,0.109468,0.197135
0.475,0.591667,-0.152153,0.115373,0.190949
0.475,0.608333,-0.138908,0.120786,0.184078
0.475,0.625,-0.12429,0.125604,0.176704
0.475,0.641667,-0.108382,0.129726,0.169043
0.475,0.658333,-0.0912686,0.133055,0.161349
0.475,0.675,-0.0730253,0.135499,0.153924
0.475,0.691667,-0.0537077,0.136972,0.147125
0.475,0.708333,-0.0333374,0.137393,0.14138
0.475,0.725,-0.0118854,0.136687,0.137203
0.475,0.741667,0.010748,0.134782,0.13521
0.475,0.758333,0.0347578,0.131615,0.136127
0.475,0.775,0.060462,0.127128,0.140774
0.475,0.791667,0.0883327,0.121278,0.150037
0.475,0.808333,0.119028,0.114038,0.16484
0.475,0.825,0.153417,0.105413,0.186142
0.475,0.841667,0.192597,0.0954513,0.214952
0.475,0.858333,0.237877,0.0842664,0.252361
0.475,0.875,0.290729,0.0720615,0.299527
0.475,0.891667,0.352672,0.059154,0.357599
0.475,0.908333,0.425085,0.0459979,0.427567
0.475,0.925,0.508926,0.0331944,0.510007
0.475,0.941667,0.604375,0.0214793,0.604757
0.475,0.958333,0.710432,0.0116773,0.710528
0.475,0.975,0.82453,0.00460614,0.824543
0.475,0.991667,0.942307,0.000925684,0.942308
0.491667,0.00833333,-0.00630036,1.33975e-05,0.00630037
0.491667,0.025,-0.0180086,5.76833e-05,0.0180087
0.491667,0.0416667,-0.0289749,0.000130798,0.0289752
0.491667,0.0583333,-0.0393304,0.000223362,0.039331
0.491667,0.075,-0.0491897,0.00033161,0.0491908
0.491667,0.0916667,-0.0586524,0.000456941,0.0586542
0.491667,0.108333,-0.067805,0.000605536,0.0678077
0.491667,0.125,-0.0767212,0.000788031,0.0767252
0.491667,0.141667,-0.0854631,0.00101922,0.0854692
0.491667,0.158333,-0.094081,0.00131775,0.0940903
0.491667,0.175,-0.102614,0.00170587,0.102628
0.491667,0.191667,-0.111089,0.00220905,0.11111
0.491667,0.208333,-0.11952,0.00285563,0.119554
0.491667,0.225,-0.127909,0.00367636,0.127962
0.491667,0.241667,-0.136245,0.00470385,0.136326
0.491667,0.258333,-0.144501,0.00597189,0.144625
0.491667,0.275,-0.152639,0.00751467,0.152824
0.491667,0.291667,-0.160603,0.00936586,0.160876
0.491667,0.308333,-0.168324,0.0115576,0.16872
0.491667,0.325,-0.175718,0.0141191,0.176284
0.491667,0.341667,-0.182688,0.0170759,0.183484
0.491667,0.358333,-0.189124,0.0204478,0.190227
0.491667,0.375,-0.194909,0.024248,0.196411
0.491667,0.391667,-0.199913,0.0284816,0.201932
0.491667,0.408333,-0.204006,0.0331444,0.206681
0.491667,0.425,-0.207055,0.0382215,0.210553
0.491667,0.441667,-0.208928,0.043687,0.213447
0.491667,0.458333,-0.209503,0.0495029,0.215272
0.491667,0.475,-0.208667,0.055619,0.215953
0.491667,0.491667,-0.206324,0.0619734,0.215431
0.491667,0.508333,-0.202396,0.0684929,0.213671
0.491667,0.525,-0.196826,0.0750942,0.210664
0.491667,0.541667,-0.189583,0.0816851,0.206432
0.491667,0.558333,-0.18066,0.0881665,0.201026
0.491667,0.575,-0.170077,0.0944345,0.194536
0.491667,0.591667,-0.157876,0.100382,0.187086
0.491667,0.608333,-0.144118,0.105902,0.178844
0.491667,0.625,-0.128883,0.110887,0.17002
0.491667,0.641667,-0.112257,0.115233,0.160874
0.491667,0.658333,-0.0943305,0.118842,0.151729
0.491667,0.675,-0.0751833,0.121618,0.142981
0.491667,0.691667,-0.0548767,0.123472,0.135118
0.491667,0.708333,-0.0334379,0.124321,0.128739
0.491667,0.725,-0.0108433,0.124086,0.124559
0.491667,0.741667,0.0130009,0.122696,0.123383
0.491667,0.758333,0.0382827,0.120086,0.126041
0.491667,0.775,0.0653099,0.116201,0.133297
0.491667,0.791667,0.0945395,0.110997,0.145801
0.491667,0.808333,0.126606,0.104452,0.164131
0.491667,0.825,0.162342,0.0965742,0.188895
0.491667,0.841667,0.20279,0.0874178,0.22083
0.491667,0.858333,0.249186,0.0771,0.260841
0.491667,0.875,0.3029,0.065825,0.30997
0.491667,0.891667,0.365329,0.0539053,0.369284
0.491667,0.908333,0.43771,0.0417802,0.4397
0.491667,0.925,0.520863,0.0300215,0.521727
0.491667,0.941667,0.614857,0.0193176,0.61516
0.491667,0.958333,0.718646,0.010424,0.718722
0.491667,0.975,0.829742,0.00406919,0.829752
0.491667,0.991667,0.944039,0.000806044,0.944039
0.508333,0.00833333,-0.00630521,-8.60371e-06,0.00630522
0.508333,0.025,-0.01801,-4.67604e-05,0.0180101
0.508333,0.0416667,-0.0289651,-0.00012834,0.0289654
0.508333,0.0583333,-0.0393069,-0.000254261,0.0393077
0.508333,0.075,-0.0491545,-0.000421294,0.0491563
0.508333,0.0916667,-0.0586121,-0.000622288,0.0586154
0.508333,0.108333,-0.06777,-0.000846344,0.0677753
0.508333,0.125,-0.0767062,-0.00107895,0.0767137
0.508333,0.141667,-0.0854862,-0.00130213,0.0854961
0.508333,0.158333,-0.0941641,-0.00149451,0.094176
0.508333,0.175,-0.102782,-0.00163153,0.102795
0.508333,0.191667,-0.11137,-0.00168553,0.111382
0.508333,0.208333,-0.119945,-0.00162608,0.119956
0.508333,0.225,-0.128511,-0.00142021,0.128518
0.508333,0.241667,-0.137058,-0.00103292,0.137062
0.508333,0.258333,-0.145562,-0.000427639,0.145562
0.508333,0.275,-0.153982,0.000433032,0.153983
0.508333,0.291667,-0.162264,0.00158651,0.162272
0.508333,0.308333,-0.170337,0.00306922,0.170364
0.508333,0.325,-0.178112,0.00491551,0.17818
0.508333,0.341667,-0.18549,0.00715631,0.185628
0.508333,0.358333,-0.192355,0.00981781,0.192605
0.508333,0.375,-0.19858,0.01292,0.199
0.508333,0.391667,-0.20403,0.0164752,0.204694
0.508333,0.408333,-0.208563,0.0204866,0.209567
0.508333,0.425,-0.212035,0.0249473,0.213498
0.508333,0.441667,-0.214304,0.0298386,0.216371
0.508333,0.458333,-0.215234,0.0351299,0.218082
0.508333,0.475,-0.2147,0.0407778,0.218539
0.508333,0.491667,-0.212594,0.0467265,0.217669
0.508333,0.508333,-0.208826,0.0529077,0.215424
0.508333,0.525,-0.20333,0.0592421,0.211785
0.508333,0.541667,-0.196067,0.0656404,0.206763
0.508333,0.558333,-0.187022,0.0720052,0.200404
0.508333,0.575,-0.176211,0.0782327,0.192797
0.508333,0.591667,-0.163672,0.0842153,0.184067
0.508333,0.608333,-0.149469,0.0898437,0.174393
0.508333,0.625,-0.133682,0.0950088,0.164004
0.508333,0.641667,-0.1164,0.0996037,0.153199
0.508333,0.658333,-0.0977177,0.103525,0.142359
0.508333,0.675,-0.0777212,0.106674,0.131985
0.508333,0.691667,-0.0564771,0.108959,0.122726
0.508333,0.708333,-0.0340184,0.110292,0.115419
0.508333,0.725,-0.0103276,0.110591,0.111072
0.508333,0.741667,0.0146826,0.109784,0.110762
0.508333,0.758333,0.0411916,0.107804,0.115405
0.508333,0.775,0.0694965,0.104594,0.125577
0.508333,0.791667,0.100038,0.100113,0.141528
0.508333,0.808333,0.133424,0.0943415,0.163409
0.508333,0.825,0.170453,0.0872894,0.191504
0.508333,0.841667,0.212111,0.0790141,0.22635
0.508333,0.858333,0.259561,0.0696355,0.26874
0.508333,0.875,0.314078,0.0593571,0.319638
0.508333,0.891667,0.376943,0.0484847,0.380048
0.508333,0.908333,0.449265,0.0374411,0.450822
0.508333,0.925,0.53174,0.0267682,0.532413
0.508333,0.941667,0.624345,0.0171065,0.62458
0.508333,0.958333,0.726014,0.00914388,0.726071
0.508333,0.975,0.834353,0.0035207,0.83436
0.508333,0.991667,0.945529,0.000683658,0.945529
0.525,0.00833333,-0.00626546,-3.12058e-05,0.00626554
0.525,0.025,-0.0178892,-0.000153751,0.0178898
0.525,0.0416667,-0.0287651,-0.000393151,0.0287678
0.525,0.0583333,-0.0390329,-0.000741364,0.0390399
0.525,0.075,-0.048815,-0.0011879,0.0488295
0.525,0.0916667,-0.0582188,-0.00171977,0.0582442
0.525,0.108333,-0.0673377,-0.00232143,0.0673777
0.525,0.125,-0.0762527,-0.00297471,0.0763107
0.525,0.141667,-0.0850326,-0.00365872,0.0851113
0.525,0.158333,-0.0937344,-0.0043498,0.0938353
0.525,0.175,-0.102403,-0.00502147,0.102526
0.525,0.191667,-0.111072,-0.00564446,0.111215
0.525,0.208333,-0.11976,-0.00618671,0.11992
0.525,0.225,-0.128474,-0.00661364,0.128644
0.525,0.241667,-0.137207,-0.00688831,0.13738
0.525,0.258333,-0.145934,-0.00697191,0.146101
0.525,0.275,-0.154618,-0.00682426,0.154769
0.525,0.291667,-0.163202,-0.00640456,0.163328
0.525,0.308333,-0.171614,-0.00567229,0.171708
0.525,0.325,-0.179765,-0.00458823,0.179824
0.525,0.341667,-0.187551,-0.00311579,0.187576
0.525,0.358333,-0.19485,-0.00122228,0.194853
0.525,0.375,-0.20153,0.0011195,0.201533
0.525,0.391667,-0.207446,0.00392975,0.207484
0.525,0.408333,-0.212449,0.00722015,0.212572
0.525,0.425,-0.216382,0.0109923,0.216661
0.525,0.441667,-0.219092,0.0152367,0.219622
0.525,0.458333,-0.220431,0.0199311,0.22133
0.525,0.475,-0.22026,0.0250406,0.221679
0.525,0.491667,-0.218459,0.0305168,0.22058
0.525,0.508333,-0.214924,0.0362982,0.217968
0.525,0.525,-0.209579,0.042311,0.213808
0.525,0.541667,-0.202375,0.04847,0.208098
0.525,0.558333,-0.193289,0.0546805,0.200874
0.525,0.575,-0.18233,0.0608401,0.192213
0.525,0.591667,-0.169536,0.0668413,0.182236
0.525,0.608333,-0.154966,0.0725731,0.171118
0.525,0.625,-0.138701,0.0779241,0.159091
0.525,0.641667,-0.120835,0.0827838,0.146473
0.525,0.658333,-0.101465,0.0870451,0.133686
0.525,0.675,-0.0806829,0.090605,0.121322
0.525,0.691667,-0.0585607,0.0933661,0.110212
0.525,0.708333,-0.0351377,0.0952368,0.101512
0.525,0.725,-0.0104032,0.0961323,0.0966936
0.525,0.741667,0.0157227,0.0959752,0.0972545
0.525,0.758333,0.0434106,0.0946967,0.104173
0.525,0.775,0.0729449,0.0922393,0.117597
0.525,0.791667,0.104748,0.0885611,0.137169
0.525,0.808333,0.139404,0.0836426,0.162572
0.525,0.825,0.177671,0.0774968,0.193837
0.525,0.841667,0.220483,0.0701823,0.231384
0.525,0.858333,0.268931,0.0618198,0.275944
0.525,0.875,0.324197,0.0526103,0.328438
0.525,0.891667,0.387456,0.042851,0.389818
0.525,0.908333,0.4597,0.032947,0.460879
0.525,0.925,0.541517,0.0234086,0.542022
0.525,0.941667,0.632811,0.0148283,0.632984
0.525,0.958333,0.732513,0.00782668,0.732554
0.525,0.975,0.838348,0.00295635,0.838353
0.525,0.991667,0.94677,0.000557589,0.94677
0.541667,0.00833333,-0.00618023,-5.40904e-05,0.00618046
0.541667,0.025,-0.0176443,-0.000261795,0.0176462
0.541667,0.0416667,-0.0283725,-0.000659973,0.0283802
0.541667,0.0583333,-0.038506,-0.00123129,0.0385257
0.541667,0.075,-0.0481689,-0.00195785,0.0482087
0.541667,0.0916667,-0.0574701,-0.00282089,0.0575393
0.541667,0.108333,-0.0665053,-0.00380039,0.0666138
0.541667,0.125,-0.0753575,-0.00487481,0.075515
0.541667,0.141667,-0.0840979,-0.00602076,0.0843132
0.541667,0.158333,-0.0927861,-0.00721275,0.093066
0.541667,0.175,-0.10147,-0.00842296,0.101819
0.541667,0.191667,-0.110184,-0.00962101,0.110603
0.541667,0.208333,-0.118952,-0.0107739,0.119439
0.541667,0.225,-0.127783,-0.011846,0.128331
0.541667,0.241667,-0.13667,-0.0127991,0.137268
0.541667,0.258333,-0.145594,-0.0135928,0.146227
0.541667,0.275,-0.154515,-0.0141846,0.155164
0.541667,0.291667,-0.163379,-0.0145308,0.164024
0.541667,0.308333,-0.172113,-0.0145873,0.17273
0.541667,0.325,-0.180627,-0.01431,0.181193
0.541667,0.341667,-0.188814,-0.0136569,0.189307
0.541667,0.358333,-0.196548,-0.0125887,0.196951
0.541667,0.375,-0.203691,-0.0110706,0.203992
0.541667,0.391667,-0.210092,-0.00907399,0.210288
0.541667,0.408333,-0.21559,-0.00657792,0.21569
0.541667,0.425,-0.22002,-0.00357099,0.220049
0.541667,0.441667,-0.223217,-5.27435e-05,0.223217
0.541667,0.458333,-0.225019,0.003965,0.225054
0.541667,0.475,-0.225274,0.00845709,0.225433
0.541667,0.491667,-0.223848,0.0133845,0.224248
0.541667,0.508333,-0.220625,0.0186942,0.221416
0.541667,0.525,-0.215516,0.0243196,0.216884
0.541667,0.541667,-0.208458,0.0301812,0.210632
0.541667,0.558333,-0.199423,0.0361887,0.202679
0.541667,0.575,-0.188409,0.0422421,0.193087
0.541667,0.591667,-0.17545,0.0482347,0.18196
0.541667,0.608333,-0.160603,0.0540548,0.169456
0.541667,0.625,-0.143948,0.0595885,0.155794
0.541667,0.641667,-0.125581,0.0647222,0.141278
0.541667,0.658333,-0.105602,0.069344,0.126334
0.541667,0.675,-0.0841076,0.0733461,0.111596
0.541667,0.691667,-0.061176,0.0766255,0.0980509
0.541667,0.708333,-0.0368527,0.0790854,0.0872503
0.541667,0.725,-0.011134,0.080636,0.081401
0.541667,0.741667,0.0160516,0.0811952,0.0827667
0.541667,0.758333,0.0448647,0.0806909,0.0923248
0.541667,0.775,0.0755763,0.079063,0.109374
0.541667,0.791667,0.10859,0.0762681,0.132698
0.541667,0.808333,0.144463,0.0722865,0.161539
0.541667,0.825,0.183913,0.0671316,0.195783
0.541667,0.841667,0.227825,0.0608624,0.235814
0.541667,0.858333,0.277215,0.0535986,0.282349
0.541667,0.875,0.333184,0.0455366,0.336281
0.541667,0.891667,0.396801,0.0369636,0.398519
0.541667,0.908333,0.468957,0.0282648,0.469808
0.541667,0.925,0.550145,0.0199177,0.550505
0.541667,0.941667,0.640214,0.0124662,0.640336
0.541667,0.958333,0.738114,0.00646264,0.738143
0.541667,0.975,0.841707,0.00237206,0.84171
0.541667,0.991667,0.947755,0.000426966,0.947755
0.558333,0.00833333,-0.0060493,-7.68999e-05,0.00604979
0.558333,0.025,-0.0172753,-0.00036923,0.0172792
0.558333,0.0416667,-0.0277879,-0.00092476,0.0278033
0.558333,0.0583333,-0.0377275,-0.00171671,0.0377665
0.558333,0.075,-0.0472179,-0.00271984,0.0472961
0.558333,0.0916667,-0.0563683,-0.00390974,0.0565038
0.558333,0.108333,-0.0652752,-0.00526222,0.065487
0.558333,0.125,-0.0740227,-0.00675278,0.0743301
0.558333,0.141667,-0.0826836,-0.008356,0.0831048
0.558333,0.158333,-0.0913194,-0.0100451,0.0918702
0.558333,0.175,-0.0999799,-0.0117915,0.100673
0.558333,0.191667,-0.108703,-0.0135644,0.109546
0.558333,0.208333,-0.117514,-0.0153306,0.11851
0.558333,0.225,-0.126425,-0.017054,0.12757
0.558333,0.241667,-0.135433,-0.018696,0.136717
0.558333,0.258333,-0.144518,-0.020215,0.145925
0.558333,0.275,-0.153646,-0.0215672,0.155152
0.558333,0.291667,-0.162762,-0.0227065,0.164338
0.558333,0.308333,-0.171795,-0.0235855,0.173406
0.558333,0.325,-0.180653,-0.024156,0.182261
0.558333,0.341667,-0.189227,-0.0243707,0.19079
0.558333,0.358333,-0.19739,-0.0241835,0.198866
0.558333,0.375,-0.204998,-0.0235521,0.206347
0.558333,0.391667,-0.211894,-0.0224389,0.213079
0.558333,0.408333,-0.217909,-0.020813,0.218901
0.558333,0.425,-0.222868,-0.0186523,0.223648
0.558333,0.441667,-0.226594,-0.015945,0.227154
0.558333,0.458333,-0.228913,-0.0126912,0.229264
0.558333,0.475,-0.229659,-0.00890427,0.229831
0.558333,0.491667,-0.228683,-0.00461214,0.228729
0.558333,0.508333,-0.225855,0.000142589,0.225855
0.558333,0.525,-0.221071,0.00530251,0.221135
0.558333,0.541667,-0.214258,0.0107961,0.21453
0.558333,0.558333,-0.205373,0.0165387,0.206038
0.558333,0.575,-0.194408,0.0224346,0.195698
0.558333,0.591667,-0.181388,0.0283789,0.183594
0.558333,0.608333,-0.166366,0.0342602,0.169857
0.558333,0.625,-0.149421,0.0399628,0.154673
0.558333,0.641667,-0.130648,0.0453695,0.138301
0.558333,0.658333,-0.110151,0.0503641,0.121119
0.558333,0.675,-0.0880293,0.0548328,0.10371
0.558333,0.691667,-0.0643674,0.0586668,0.0870916
0.558333,0.708333,-0.039217,0.0617628,0.0731616
0.558333,0.725,-0.0125821,0.0640248,0.0652494
0.558333,0.741667,0.0156001,0.0653654,0.0672012
0.558333,0.758333,0.0454788,0.0657074,0.0799111
0.558333,0.775,0.0773106,0.0649872,0.100996
0.558333,0.791667,0.111479,0.0631589,0.128128
0.558333,0.808333,0.148513,0.060201,0.160251
0.558333,0.825,0.189093,0.0561261,0.197247
0.558333,0.841667,0.234049,0.050992,0.239539
0.558333,0.858333,0.284332,0.0449156,0.287858
0.558333,0.875,0.340958,0.0380871,0.343079
0.558333,0.891667,0.404906,0.0307812,0.406074
0.558333,0.908333,0.476971,0.0233614,0.477543
0.558333,0.925,0.557568,0.016271,0.557806
0.558333,0.941667,0.64651,0.0100034,0.646587
0.558333,0.958333,0.742783,0.00504238,0.7428
0.558333,0.975,0.844407,0.00176395,0.844409
0.558333,0.991667,0.948473,0.000290964,0.948473
0.575,0.00833333,-0.00587322,-9.92442e-05,0.00587405
0.575,0.025,-0.0167842,-0.00047425,0.0167909
0.575,0.0416667,-0.0270147,-0.00118315,0.0270406
0.575,0.0583333,-0.0367022,-0.00218979,0.0367675
0.575,0.075,-0.0459682,-0.00346176,0.0460983
0.575,0.0916667,-0.0549206,-0.00496934,0.055145
0.575,0.108333,-0.0636553,-0.0066846,0.0640053
0.575,0.125,-0.0722563,-0.00858051,0.072764
0.575,0.141667,-0.0807973,-0.0106302,0.0814935
0.575,0.158333,-0.0893407,-0.0128062,0.0902539
0.575,0.175,-0.0979385,-0.0150798,0.0990927
0.575,0.191667,-0.106631,-0.0174206,0.108044
0.575,0.208333,-0.115445,-0.0197957,0.11713
0.575,0.225,-0.124397,-0.0221695,0.126357
0.575,0.241667,-0.133485,-0.0245037,0.135716
0.575,0.258333,-0.142694,-0.0267566,0.145181
0.575,0.275,-0.151991,-0.0288834,0.154711
0.575,0.291667,-0.161324,-0.0308367,0.164245
0.575,0.308333,-0.170624,-0.0325663,0.173704
0.575,0.325,-0.179799,-0.0340207,0.182989
0.575,0.341667,-0.18874,-0.0351472,0.191984
0.575,0.358333,-0.197318,-0.0358938,0.200556
0.575,0.375,-0.205385,-0.0362103,0.208553
0.575,0.391667,-0.21278,-0.0360499,0.215813
0.575,0.408333,-0.219327,-0.0353715,0.222161
0.575,0.425,-0.224841,-0.0341412,0.227419
0.575,0.441667,-0.229135,-0.0323346,0.231405
0.575,0.458333,-0.232021,-0.0299387,0.233945
0.575,0.475,-0.233322,-0.0269535,0.234874
0.575,0.491667,-0.232871,-0.0233936,0.234043
0.575,0.508333,-0.230525,-0.0192891,0.231331
0.575,0.525,-0.226164,-0.0146859,0.22664
0.575,0.541667,-0.219699,-0.00964551,0.21991
0.575,0.558333,-0.211075,-0.00424444,0.211118
0.575,0.575,-0.200273,0.00142751,0.200278
0.575,0.591667,-0.187308,0.00726912,0.187449
0.575,0.608333,-0.172227,0.0131702,0.17273
0.575,0.625,-0.155105,0.0190142,0.156267
0.575,0.641667,-0.136036,0.024681,0.138257
0.575,0.658333,-0.115125,0.0300497,0.118982
0.575,0.675,-0.0924744,0.0350007,0.0988765
0.575,0.691667,-0.0681733,0.039418,0.0787488
0.575,0.708333,-0.0422801,0.0431913,0.0604409
0.575,0.725,-0.0148068,0.0462174,0.0485314
0.575,0.741667,0.0142998,0.0484021,0.0504702
0.575,0.758333,0.0451771,0.0496621,0.0671364
0.575,0.775,0.0780658,0.049929,0.092667
0.575,0.791667,0.113329,0.0491528,0.123529
0.575,0.808333,0.151465,0.0473094,0.158682
0.575,0.825,0.193117,0.0444086,0.198157
0.575,0.841667,0.239062,0.0405055,0.242469
0.575,0.858333,0.290188,0.0357123,0.292377
0.575,0.875,0.347432,0.0302109,0.348743
0.575,0.891667,0.411688,0.0242613,0.412402
0.575,0.908333,0.483667,0.0182032,0.48401
0.575,0.925,0.563722,0.0124436,0.56386
0.575,0.941667,0.651644,0.00742359,0.651686
0.575,0.958333,0.746477,0.00355665,0.746486
0.575,0.975,0.84642,0.00112824,0.846421
0.575,0.991667,0.948912,0.000148787,0.948912
0.591667,0.00833333,-0.00565333,-0.000120708,0.00565462
0.591667,0.025,-0.0161749,-0.00057495,0.0161851
0.591667,0.0416667,-0.0260596,-0.00143055,0.0260988
0.591667,0.0583333,-0.0354391,-0.00264228,0.0355374
0.591667,0.075,-0.0444308,-0.00417097,0.0446261
0.591667,0.0916667,-0.0531395,-0.00598203,0.0534752
0.591667,0.108333,-0.061659,-0.00804428,0.0621815
0.591667,0.125,-0.0700723,-0.0103288,0.0708295
0.591667,0.141667,-0.0784527,-0.0128077,0.0794913
0.591667,0.158333,-0.0868634,-0.0154537,0.0882274
0.591667,0.175,-0.0953575,-0.0182385,0.097086
0.591667,0.191667,-0.103977,-0.0211328,0.106103
0.591667,0.208333,-0.112752,-0.024105,0.1153
0.591667,0.225,-0.121701,-0.0271207,0.124686
0.591667,0.241667,-0.130825,-0.0301427,0.134253
0.591667,0.258333,-0.140114,-0.0331299,0.143977
0.591667,0.275,-0.149537,-0.0360379,0.153818
0.591667,0.291667,-0.159045,-0.0388184,0.163714
0.591667,0.308333,-0.168572,-0.0414196,0.173586
0.591667,0.325,-0.178029,-0.0437869,0.183334
0.591667,0.341667,-0.187307,-0.0458636,0.19284
0.591667,0.358333,-0.196276,-0.0475918,0.201964
0.591667,0.375,-0.204789,-0.0489136,0.210549
0.591667,0.391667,-0.212678,-0.0497735,0.218424
0.591667,0.408333,-0.219762,-0.0501192,0.225405
0.591667,0.425,-0.225851,-0.0499049,0.231298
0.591667,0.441667,-0.230744,-0.0490925,0.235909
0.591667,0.458333,-0.234246,-0.0476544,0.239044
0.591667,0.475,-0.236161,-0.0455756,0.240519
0.591667,0.491667,-0.236312,-0.0428553,0.240166
0.591667,0.508333,-0.234536,-0.0395086,0.23784
0.591667,0.525,-0.230697,-0.0355675,0.233423
0.591667,0.541667,-0.224692,-0.0310811,0.226831
0.591667,0.558333,-0.216449,-0.026115,0.218019
0.591667,0.575,-0.205935,-0.0207508,0.206978
0.591667,0.591667,-0.193154,-0.015084,0.193742
0.591667,0.608333,-0.178144,-0.00922167,0.178383
0.591667,0.625,-0.160974,-0.00327997,0.161007
0.591667,0.641667,-0.141733,0.00261889,0.141758
0.591667,0.658333,-0.120527,0.00834958,0.120816
0.591667,0.675,-0.0974599,0.0137865,0.0984302
0.591667,0.691667,-0.0726248,0.0188064,0.0750202
0.591667,0.708333,-0.0460862,0.0232909,0.0516372
0.591667,0.725,-0.0178641,0.0271283,0.0324819
0.591667,0.741667,0.0120845,0.0302166,0.0325435
0.591667,0.758333,0.0438839,0.0324652,0.0545874
0.591667,0.775,0.0777584,0.0337992,0.0847865
0.591667,0.791667,0.114048,0.0341634,0.119055
0.591667,0.808333,0.153223,0.0335292,0.156849
0.591667,0.825,0.195886,0.0319021,0.198467
0.591667,0.841667,0.242765,0.0293326,0.244531
0.591667,0.858333,0.294684,0.0259263,0.295823
0.591667,0.875,0.352509,0.0218543,0.353186
0.591667,0.891667,0.417055,0.0173597,0.417416
0.591667,0.908333,0.488962,0.0127556,0.489129
0.591667,0.925,0.568532,0.00841002,0.568595
0.591667,0.941667,0.655554,0.00470993,0.655571
0.591667,0.958333,0.749148,0.00199613,0.749151
0.591667,0.975,0.847712,0.000461135,0.847712
0.591667,0.991667,0.949061,-3.59499e-07,0.949061
0.608333,0.00833333,-0.00539182,-0.000140863,0.00539366
0.608333,0.025,-0.0154538,-0.000669365,0.0154683
0.608333,0.0416667,-0.0249324,-0.00166224,0.0249877
0.608333,0.0583333,-0.0339512,-0.00306577,0.0340893
0.608333,0.075,-0.0426213,-0.00483457,0.0428946
0.608333,0.0916667,-0.0510428,-0.00692981,0.0515111
0.608333,0.108333,-0.0593057,-0.00931764,0.0600332
0.608333,0.125,-0.067491,-0.0119678,0.0685439
0.608333,0.141667,-0.0756706,-0.0148523,0.0771144
0.608333,0.158333,-0.0839076,-0.0179443,0.0858049
0.608333,0.175,-0.0922557,-0.0212171,0.0946641
0.608333,0.191667,-0.100759,-0.0246429,0.103728
0.608333,0.208333,-0.109449,-0.0281922,0.113022
0.608333,0.225,-0.118347,-0.0318328,0.122554
0.608333,0.241667,-0.12746,-0.0355295,0.132319
0.608333,0.258333,-0.136779,-0.0392428,0.142297
0.608333,0.275,-0.146277,-0.0429294,0.152447
0.608333,0.291667,-0.155912,-0.0465413,0.16271
0.608333,0.308333,-0.165619,-0.050026,0.173009
0.608333,0.325,-0.175313,-0.0533272,0.183244
0.608333,0.341667,-0.184888,-0.0563844,0.193295
0.608333,0.358333,-0.194216,-0.0591347,0.203019
0.608333,0.375,-0.203148,-0.0615136,0.212257
0.608333,0.391667,-0.211516,-0.0634564,0.220829
0.608333,0.408333,-0.219134,-0.0649005,0.228543
0.608333,0.425,-0.225806,-0.0657872,0.235194
0.608333,0.441667,-0.231324,-0.0660641,0.240573
0.608333,0.458333,-0.23548,-0.0656881,0.24447
0.608333,0.475,-0.238067,-0.0646272,0.246683
0.608333,0.491667,-0.23889,-0.0628634,0.247023
0.608333,0.508333,-0.237772,-0.0603945,0.245323
0.608333,0.525,-0.23456,-0.0572357,0.241442
0.608333,0.541667,-0.22913,-0.0534207,0.235275
0.608333,0.558333,-0.221395,-0.0490016,0.226753
0.608333,0.575,-0.211306,-0.0440488,0.215848
0.608333,0.591667,-0.19885,-0.0386492,0.202571
0.608333,0.608333,-0.184055,-0.0329045,0.186973
0.608333,0.625,-0.16698,-0.0269286,0.169138
0.608333,0.641667,-0.14771,-0.0208445,0.149173
0.608333,0.658333,-0.126345,-0.0147808,0.127206
0.608333,0.675,-0.102991,-0.00886906,0.103372
0.608333,0.691667,-0.0777429,-0.00323992,0.0778104
0.608333,0.708333,-0.0506716,0.00197941,0.0507103
0.608333,0.725,-0.0218047,0.00666815,0.0228015
0.608333,0.741667,0.00889034,0.0107148,0.0139228
0.608333,0.758333,0.0415241,0.0140203,0.0438271
0.608333,0.775,0.076303,0.0165016,0.078067
0.608333,0.791667,0.113545,0.0180968,0.114978
0.608333,0.808333,0.153688,0.0187707,0.15483
0.608333,0.825,0.197297,0.0185231,0.198164
0.608333,0.841667,0.24505,0.0173974,0.245667
0.608333,0.858333,0.297713,0.0154904,0.298116
0.608333,0.875,0.356083,0.0129598,0.356319
0.608333,0.891667,0.420907,0.0100289,0.421026
0.608333,0.908333,0.492762,0.00698132,0.492812
0.608333,0.925,0.571916,0.00414346,0.571931
0.608333,0.941667,0.658169,0.0018449,0.658172
0.608333,0.958333,0.750741,0.00035113,0.750741
0.608333,0.975,0.848248,-0.000241298,0.848248
0.608333,0.991667,0.948903,-0.000157299,0.948903
0.625,0.00833333,-0.00509174,-0.000159276,0.00509423
0.625,0.025,-0.0146293,-0.000755522,0.0146488
0.625,0.0416667,-0.0236462,-0.00187352,0.0237203
0.625,0.0583333,-0.0322556,-0.00345187,0.0324398
0.625,0.075,-0.0405603,-0.00543974,0.0409234
0.625,0.0916667,-0.0486536,-0.00779478,0.0492741
0.625,0.108333,-0.0566208,-0.0104812,0.0575827
0.625,0.125,-0.0645391,-0.013468,0.0659294
0.625,0.141667,-0.0724784,-0.0167278,0.0743837
0.625,0.158333,-0.0805007,-0.0202351,0.083005
0.625,0.175,-0.0886601,-0.023965,0.0918419
0.625,0.191667,-0.0970013,-0.0278923,0.100932
0.625,0.208333,-0.105559,-0.0319904,0.1103
0.625,0.225,-0.114357,-0.03623,0.119959
0.625,0.241667,-0.123405,-0.0405788,0.129906
0.625,0.258333,-0.132699,-0.045,0.140122
0.625,0.275,-0.142218,-0.0494524,0.150571
0.625,0.291667,-0.151923,-0.0538894,0.161197
0.625,0.308333,-0.161754,-0.0582591,0.171926
0.625,0.325,-0.171632,-0.0625042,0.182659
0.625,0.341667,-0.181454,-0.0665621,0.193277
0.625,0.358333,-0.191096,-0.0703658,0.203639
0.625,0.375,-0.20041,-0.0738448,0.213582
0.625,0.391667,-0.209229,-0.0769263,0.222922
0.625,0.408333,-0.217366,-0.0795373,0.231461
0.625,0.425,-0.224618,-0.0816066,0.238983
0.625,0.441667,-0.230774,-0.0830673,0.245269
0.625,0.458333,-0.235614,-0.0838594,0.250092
0.625,0.475,-0.23892,-0.083933,0.253234
0.625,0.491667,-0.240483,-0.0832509,0.254485
0.625,0.508333,-0.240108,-0.0817912,0.253657
0.625,0.525,-0.237624,-0.0795496,0.250586
0.625,0.541667,-0.232889,-0.0765412,0.245145
0.625,0.558333,-0.225795,-0.0728011,0.237241
0.625,0.575,-0.216274,-0.0683851,0.226828
0.625,0.591667,-0.204297,-0.0633684,0.2139
0.625,0.608333,-0.189876,-0.0578442,0.198492
0.625,0.625,-0.173057,-0.0519214,0.180678
0.625,0.641667,-0.153916,-0.0457215,0.160564
0.625,0.658333,-0.132548,-0.0393752,0.138273
0.625,0.675,-0.109055,-0.0330187,0.113944
0.625,0.691667,-0.0835355,-0.0267901,0.0877263
0.625,0.708333,-0.0560626,-0.0208256,0.0598057
0.625,0.725,-0.0266719,-0.0152559,0.0307268
0.625,0.741667,0.00465822,-0.0102031,0.0112162
0.625,0.758333,0.0380241,-0.0057764,0.0384604
0.625,0.775,0.0736137,-0.00206842,0.0736428
0.625,0.791667,0.11172,0.000849921,0.111724
0.625,0.808333,0.152753,0.00293532,0.152781
0.625,0.825,0.197236,0.00417927,0.19728
0.625,0.841667,0.2458,0.00461596,0.245844
0.625,0.858333,0.299155,0.00433029,0.299187
0.625,0.875,0.358037,0.00346393,0.358054
0.625,0.891667,0.42313,0.00221685,0.423136
0.625,0.908333,0.494963,0.000840124,0.494964
0.625,0.925,0.573779,-0.000385315,0.573779
0.625,0.941667,0.65941,-0.00119054,0.659411
0.625,0.958333,0.751192,-0.00138885,0.751193
0.625,0.975,0.847983,-0.000983308,0.847984
0.625,0.991667,0.948423,-0.000322923,0.948423
0.641667,0.00833333,-0.004757,-0.000175524,0.00476024
0.641667,0.025,-0.0137119,-0.000831502,0.0137371
0.641667,0.0416667,-0.0222173,-0.00205981,0.0223126
0.641667,0.0583333,-0.0303736,-0.00379244,0.0306094
0.641667,0.075,-0.0382729,-0.00597406,0.0387364
0.641667,0.0916667,-0.0460005,-0.00855964,0.0467901
0.641667,0.108333,-0.0536351,-0.0115122,0.0548566
0.641667,0.125,-0.0612493,-0.0148009,0.0630123
0.641667,0.141667,-0.06891,-0.0183993,0.071324
0.641667,0.158333,-0.0766774,-0.0222839,0.0798498
0.641667,0.175,-0.0846049,-0.0264326,0.0886379
0.641667,0.191667,-0.0927384,-0.0308234,0.0977266
0.641667,0.208333,-0.101114,-0.0354332,0.107143
0.641667,0.225,-0.109759,-0.0402366,0.116902
0.641667,0.241667,-0.118686,-0.0452048,0.127004
0.641667,0.258333,-0.127897,-0.050305,0.137434
0.641667,0.275,-0.137374,-0.055499,0.148161
0.641667,0.291667,-0.147085,-0.060743,0.159135
0.641667,0.308333,-0.156978,-0.0659868,0.170283
0.641667,0.325,-0.166976,-0.0711735,0.181513
0.641667,0.341667,-0.176985,-0.0762397,0.192708
0.641667,0.358333,-0.186885,-0.0811157,0.203729
0.641667,0.375,-0.196532,-0.0857262,0.214415
0.641667,0.391667,-0.20576,-0.0899916,0.224579
0.641667,0.408333,-0.214385,-0.0938293,0.234019
0.641667,0.425,-0.222203,-0.0971561,0.242514
0.641667,0.441667,-0.228995,-0.0998906,0.249833
0.641667,0.458333,-0.234535,-0.101956,0.255738
0.641667,0.475,-0.238597,-0.103283,0.259992
0.641667,0.491667,-0.240956,-0.103813,0.262369
0.641667,0.508333,-0.241403,-0.103504,0.262657
0.641667,0.525,-0.239746,-0.102328,0.260671
0.641667,0.541667,-0.235824,-0.100279,0.25626
0.641667,0.558333,-0.229508,-0.097371,0.249309
0.641667,0.575,-0.220707,-0.0936412,0.23975
0.641667,0.591667,-0.209373,-0.0891492,0.227562
0.641667,0.608333,-0.195498,-0.0839758,0.212771
0.641667,0.625,-0.179113,-0.0782214,0.195448
0.641667,0.641667,-0.160279,-0.0720029,0.175709
0.641667,0.658333,-0.139083,-0.0654506,0.153714
0.641667,0.675,-0.115623,-0.0587039,0.129672
0.641667,0.691667,-0.0899933,-0.051907,0.10389
0.641667,0.708333,-0.0622712,-0.0452049,0.0769493
0.641667,0.725,-0.0324986,-0.038739,0.0505655
0.641667,0.741667,-0.000664135,-0.0326426,0.0326494
0.641667,0.758333,0.0333141,-0.0270368,0.0429047
0.641667,0.775,0.0696047,-0.0220256,0.0730064
0.641667,0.791667,0.108477,-0.017691,0.10991
0.641667,0.808333,0.150307,-0.0140868,0.150966
0.641667,0.825,0.195583,-0.0112326,0.195905
0.641667,0.841667,0.24489,-0.00910612,0.245059
0.641667,0.858333,0.298883,-0.00763754,0.298981
0.641667,0.875,0.358243,-0.00670484,0.358306
0.641667,0.891667,0.423602,-0.00613494,0.423646
0.641667,0.908333,0.495447,-0.00571356,0.49548
0.641667,0.925,0.574015,-0.0052092,0.574039
0.641667,0.941667,0.659187,-0.00441781,0.659202
0.641667,0.958333,0.750431,-0.00323562,0.750438
0.641667,0.975,0.846873,-0.00176971,0.846875
0.641667,0.991667,0.947602,-0.000498254,0.947602
0.658333,0.00833333,-0.00439233,-0.000189208,0.00439641
0.658333,0.025,-0.0127144,-0.000895493,0.0127459
0.658333,0.0416667,-0.0206653,-0.00221682,0.0207838
0.658333,0.0583333,-0.0283301,-0.00407984,0.0286224
0.658333,0.075,-0.0357889,-0.0064259,0.0363612
0.658333,0.0916667,-0.0431168,-0.00920818,0.0440891
0.658333,0.108333,-0.0503851,-0.0123893,0.051886
0.658333,0.125,-0.0576607,-0.0159394,0.0598232
0.658333,0.141667,-0.0650061,-0.0198336,0.0679644
0.658333,0.158333,-0.0724792,-0.0240511,0.0763655
0.658333,0.175,-0.0801325,-0.028573,0.0850743
0.658333,0.191667,-0.0880119,-0.0333812,0.0941297
0.658333,0.208333,-0.0961556,-0.0384568,0.103561
0.658333,0.225,-0.104592,-0.0437789,0.113385
0.658333,0.241667,-0.11334,-0.0493236,0.123607
0.658333,0.258333,-0.122404,-0.0550623,0.134218
0.658333,0.275,-0.131774,-0.0609615,0.145192
0.658333,0.291667,-0.141422,-0.0669811,0.156482
0.658333,0.308333,-0.151304,-0.0730739,0.168026
0.658333,0.325,-0.161352,-0.0791853,0.179735
0.658333,0.341667,-0.171477,-0.0852524,0.1915
0.658333,0.358333,-0.181565,-0.0912045,0.203185
0.658333,0.375,-0.191482,-0.0969634,0.214632
0.658333,0.391667,-0.201065,-0.102444,0.225658
0.658333,0.408333,-0.210132,-0.107555,0.236058
0.658333,0.425,-0.218481,-0.112203,0.245608
0.658333,0.441667,-0.225892,-0.116293,0.254069
0.658333,0.458333,-0.232135,-0.119731,0.261194
0.658333,0.475,-0.236973,-0.122428,0.26673
0.658333,0.491667,-0.240172,-0.124305,0.270434
0.658333,0.508333,-0.241507,-0.125294,0.272074
0.658333,0.525,-0.240768,-0.125345,0.271441
0.658333,0.541667,-0.237773,-0.124423,0.26836
0.658333,0.558333,-0.232369,-0.122521,0.262692
0.658333,0.575,-0.224444,-0.119652,0.254346
0.658333,0.591667,-0.213925,-0.115855,0.243282
0.658333,0.608333,-0.200781,-0.111194,0.229515
0.658333,0.625,-0.185022,-0.105756,0.213114
0.658333,0.641667,-0.166694,-0.0996494,0.194209
0.658333,0.658333,-0.145869,-0.0930001,0.172994
0.658333,0.675,-0.122636,-0.085948,0.149755
0.658333,0.691667,-0.0970837,-0.0786417,0.124939
0.658333,0.708333,-0.0692906,-0.0712339,0.0993753
0.658333,0.725,-0.0393028,-0.0638762,0.0749992
0.658333,0.741667,-0.00711841,-0.056714,0.057159
0.658333,0.758333,0.0273301,-0.0498815,0.056878
0.658333,0.775,0.0641921,-0.0434962,0.0775406
0.658333,0.791667,0.103712,-0.0376533,0.110335
0.658333,0.808333,0.146235,-0.0324202,0.149785
0.658333,0.825,0.192211,-0.0278304,0.194216
0.658333,0.841667,0.242182,-0.0238773,0.243356
0.658333,0.858333,0.296755,-0.0205097,0.297462
0.658333,0.875,0.356559,-0.0176294,0.356994
0.658333,0.891667,0.422181,-0.0150947,0.422451
0.658333,0.908333,0.494084,-0.0127328,0.494248
0.658333,0.925,0.572508,-0.0103666,0.572602
0.658333,0.941667,0.657398,-0.00786202,0.657445
0.658333,0.958333,0.748378,-0.00520313,0.748397
0.658333,0.975,0.844862,-0.00260623,0.844866
0.658333,0.991667,0.946419,-0.000684518,0.946419
0.675,0.00833333,-0.00400323,-0.000199963,0.00400822
0.675,0.025,-0.0116515,-0.000945858,0.0116898
0.675,0.0416667,-0.0190122,-0.00234065,0.0191558
0.675,0.0583333,-0.0261537,-0.00430721,0.026506
0.675,0.075,-0.0331418,-0.00678476,0.0338292
0.675,0.0916667,-0.0400407,-0.00972579,0.041205
0.675,0.108333,-0.0469126,-0.0130934,0.0487055
0.675,0.125,-0.0538176,-0.0168592,0.0563965
0.675,0.141667,-0.0608134,-0.0210008,0.0643374
0.675,0.158333,-0.0679548,-0.0255004,0.0725819
0.675,0.175,-0.0752925,-0.0303429,0.0811767
0.675,0.191667,-0.0828721,-0.0355147,0.0901614
0.675,0.208333,-0.090733,-0.0410015,0.0995671
0.675,0.225,-0.0989066,-0.0467878,0.109415
0.675,0.241667,-0.107414,-0.0528548,0.119714
0.675,0.258333,-0.116266,-0.0591799,0.130461
0.675,0.275,-0.125458,-0.0657345,0.141636
0.675,0.291667,-0.134969,-0.0724839,0.153201
0.675,0.308333,-0.144763,-0.0793854,0.165101
0.675,0.325,-0.154779,-0.0863879,0.177255
0.675,0.341667,-0.164939,-0.0934311,0.189563
0.675,0.358333,-0.175137,-0.100445,0.201896
0.675,0.375,-0.185245,-0.107351,0.214103
0.675,0.391667,-0.195112,-0.114059,0.226005
0.675,0.408333,-0.204559,-0.120474,0.237399
0.675,0.425,-0.213388,-0.126492,0.248062
0.675,0.441667,-0.221382,-0.132005,0.25775
0.675,0.458333,-0.228308,-0.136905,0.266209
0.675,0.475,-0.233925,-0.141082,0.273176
0.675,0.491667,-0.237989,-0.144436,0.27839
0.675,0.508333,-0.240262,-0.146874,0.281599
0.675,0.525,-0.240518,-0.148318,0.282573
0.675,0.541667,-0.238553,-0.148708,0.281108
0.675,0.558333,-0.234193,-0.148006,0.277041
0.675,0.575,-0.227298,-0.146197,0.270255
0.675,0.591667,-0.217769,-0.143295,0.260685
0.675,0.608333,-0.20555,-0.139342,0.248329
0.675,0.625,-0.190627,-0.134405,0.233245
0.675,0.641667,-0.173022,-0.128579,0.215567
0.675,0.658333,-0.152789,-0.121982,0.195509
0.675,0.675,-0.130002,-0.114747,0.1734
0.675,0.691667,-0.104744,-0.107026,0.149753
0.675,0.708333,-0.0770876,-0.0989763,0.125454
0.675,0.725,-0.0470811,-0.0907586,0.102244
0.675,0.741667,-0.0147304,-0.0825304,0.0838347
0.675,0.758333,0.020019,-0.0744398,0.0770847
0.675,0.775,0.0572975,-0.0666195,0.0878702
0.675,0.791667,0.0973245,-0.0591808,0.113905
0.675,0.808333,0.140416,-0.0522077,0.149807
0.675,0.825,0.186984,-0.0457514,0.1925
0.675,0.841667,0.23753,-0.039825,0.240845
0.675,0.858333,0.292615,-0.0344005,0.29463
0.675,0.875,0.352826,-0.0294085,0.35405
0.675,0.891667,0.418715,-0.0247441,0.419445
0.675,0.908333,0.490726,-0.0202816,0.491145
0.675,0.925,0.569122,-0.0159043,0.569345
0.675,0.941667,0.653929,-0.0115538,0.654031
0.675,0.958333,0.744944,-0.00730854,0.744979
0.675,0.975,0.841892,-0.00349999,0.841899
0.675,0.991667,0.944851,-0.000883268,0.944852
0.691667,0.00833333,-0.00359585,-0.000207478,0.00360183
0.691667,0.025,-0.0105394,-0.00098119,0.010585
0.691667,0.0416667,-0.0172829,-0.00242797,0.0174526
0.691667,0.0583333,-0.0238759,-0.00446865,0.0242905
0.691667,0.075,-0.0303691,-0.00704169,0.0311748
0.691667,0.0916667,-0.0368142,-0.0101,0.0381745
0.691667,0.108333,-0.0432635,-0.013608,0.0453532
0.691667,0.125,-0.0497696,-0.0175394,0.0527697
0.691667,0.141667,-0.0563845,-0.0218748,0.0604791
0.691667,0.158333,-0.063159,-0.0266,0.0685319
0.691667,0.175,-0.0701416,-0.0317042,0.076974
0.691667,0.191667,-0.0773772,-0.0371783,0.0858456
0.691667,0.208333,-0.0849059,-0.0430135,0.0951797
0.691667,0.225,-0.0927611,-0.0491999,0.105001
0.691667,0.241667,-0.100968,-0.0557248,0.115325
0.691667,0.258333,-0.109541,-0.0625716,0.126152
0.691667,0.275,-0.118482,-0.0697185,0.137472
0.691667,0.291667,-0.127778,-0.0771368,0.149256
0.691667,0.308333,-0.1374,-0.0847897,0.161456
0.691667,0.325,-0.147298,-0.0926317,0.174004
0.691667,0.341667,-0.157402,-0.100607,0.186808
0.691667,0.358333,-0.167618,-0.108648,0.19975
0.691667,0.375,-0.177829,-0.116677,0.212689
0.691667,0.391667,-0.187891,-0.124605,0.225454
0.691667,0.408333,-0.197638,-0.132331,0.237849
0.691667,0.425,-0.206876,-0.139745,0.249653
0.691667,0.441667,-0.215395,-0.14673,0.260624
0.691667,0.458333,-0.222963,-0.153163,0.270502
0.691667,0.475,-0.229338,-0.158917,0.279017
0.691667,0.491667,-0.23427,-0.16387,0.285894
0.691667,0.508333,-0.23751,-0.167904,0.290865
0.691667,0.525,-0.238818,-0.170912,0.293675
0.691667,0.541667,-0.237971,-0.172804,0.294095
0.691667,0.558333,-0.234772,-0.17351,0.291931
0.691667,0.575,-0.229054,-0.172984,0.287035
0.691667,0.591667,-0.220691,-0.171208,0.279314
0.691667,0.608333,-0.209596,-0.168194,0.268737
0.691667,0.625,-0.195726,-0.163985,0.255343
0.691667,0.641667,-0.179078,-0.158654,0.239249
0.691667,0.658333,-0.159681,-0.152303,0.220668
0.691667,0.675,-0.13759,-0.145057,0.199931
0.691667,0.691667,-0.112873,-0.137061,0.177556
0.691667,0.708333,-0.0855943,-0.128475,0.154377
0.691667,0.725,-0.0558006,-0.119466,0.131856
0.691667,0.741667,-0.0235021,-0.110203,0.112681
0.691667,0.758333,0.0113446,-0.100848,0.101484
0.691667,0.775,0.0488529,-0.0915489,0.103768
0.691667,0.791667,0.0892183,-0.0824368,0.121473
0.691667,0.808333,0.132727,-0.0736154,0.151776
0.691667,0.825,0.179759,-0.065158,0.191203
0.691667,0.841667,0.230773,-0.0571023,0.237733
0.691667,0.858333,0.286294,-0.049449,0.290533
0.691667,0.875,0.34687,-0.0421636,0.349423
0.691667,0.891667,0.413027,-0.0351843,0.414523
0.691667,0.908333,0.485206,-0.0284398,0.486039
0.691667,0.925,0.563705,-0.0218807,0.56413
0.691667,0.941667,0.648647,-0.0155321,0.648833
0.691667,0.958333,0.740022,-0.00957382,0.740084
0.691667,0.975,0.837891,-0.00446024,0.837903
0.691667,0.991667,0.942871,-0.00109654,0.942872
0.708333,0.00833333,-0.00317693,-0.000211503,0.00318396
0.708333,0.025,-0.00939585,-0.00100037,0.00944895
0.708333,0.0416667,-0.015504,-0.00247616,0.0157005
0.708333,0.0583333,-0.0215309,-0.00455951,0.0220084
0.708333,0.075,-0.0275111,-0.0071896,0.028435
0.708333,0.0916667,-0.0334828,-0.0103208,0.0350374
0.708333,0.108333,-0.039488,-0.0139198,0.0418696
0.708333,0.125,-0.0455706,-0.017963,0.0489832
0.708333,0.141667,-0.0517766,-0.0224346,0.0564281
0.708333,0.158333,-0.0581522,-0.0273241,0.0642518
0.708333,0.175,-0.0647431,-0.0326253,0.0724988
0.708333,0.191667,-0.0715929,-0.0383341,0.0812099
0.708333,0.208333,-0.078742,-0.0444472,0.0904204
0.708333,0.225,-0.0862253,-0.0509607,0.100159
0.708333,0.241667,-0.094071,-0.0578684,0.110445
0.708333,0.258333,-0.102298,-0.0651608,0.121288
0.708333,0.275,-0.110915,-0.072823,0.132685
0.708333,0.291667,-0.119916,-0.0808337,0.144616
0.708333,0.308333,-0.129279,-0.0891635,0.157045
0.708333,0.325,-0.138966,-0.0977735,0.169916
0.708333,0.341667,-0.148918,-0.106614,0.183148
0.708333,0.358333,-0.159051,-0.115624,0.196638
0.708333,0.375,-0.169262,-0.124729,0.210254
0.708333,0.391667,-0.179419,-0.133841,0.22384
0.708333,0.408333,-0.189366,-0.142859,0.237209
0.708333,0.425,-0.198922,-0.15167,0.250148
0.708333,0.441667,-0.207884,-0.16015,0.262419
0.708333,0.458333,-0.216028,-0.168162,0.273764
0.708333,0.475,-0.223112,-0.175568,0.283907
0.708333,0.491667,-0.228886,-0.182224,0.292565
0.708333,0.508333,-0.233095,-0.187987,0.299454
0.708333,0.525,-0.235487,-0.192724,0.304297
0.708333,0.541667,-0.235822,-0.196312,0.306839
0.708333,0.558333,-0.233881,-0.198646,0.306856
0.708333,0.575,-0.229473,-0.199643,0.304163
0.708333,0.591667,-0.222441,-0.19925,0.298631
0.708333,0.608333,-0.212667,-0.197442,0.290191
0.708333,0.625,-0.200076,-0.194231,0.278847
0.708333,0.641667,-0.184632,-0.189658,0.264687
0.708333,0.658333,-0.166335,-0.183803,0.247892
0.708333,0.675,-0.145215,-0.176771,0.228769
0.708333,0.691667,-0.121318,-0.168697,0.207791
0.708333,0.708333,-0.0946959,-0.159737,0.185696
0.708333,0.725,-0.065387,-0.150057,0.163684
0.708333,0.741667,-0.0334014,-0.139834,0.143768
0.708333,0.758333,0.0012975,-0.129244,0.12925
0.708333,0.775,0.0388084,-0.118451,0.124646
0.708333,0.791667,0.079306,-0.107606,0.133673
0.708333,0.808333,0.12305,-0.0968377,0.156585
0.708333,0.825,0.170386,-0.0862449,0.19097
0.708333,0.841667,0.221741,-0.0758962,0.23437
0.708333,0.858333,0.277604,-0.0658278,0.285302
0.708333,0.875,0.338494,-0.0560474,0.343103
0.708333,0.891667,0.404921,-0.0465444,0.407587
0.708333,0.908333,0.477334,-0.0373103,0.47879
0.708333,0.925,0.556081,-0.0283723,0.556804
0.708333,0.941667,0.641399,-0.019848,0.641706
0.708333,0.958333,0.733492,-0.0120281,0.73359
0.708333,0.975,0.832779,-0.00549936,0.832797
0.708333,0.991667,0.940448,-0.00132712,0.940449
0.725,0.00833333,-0.00275362,-0.000211861,0.00276176
0.725,0.025,-0.00823965,-0.00100261,0.00830043
0.725,0.0416667,-0.0137037,-0.00248338,0.0139269
0.725,0.0583333,-0.0191548,-0.00457656,0.0196939
0.725,0.075,-0.0246102,-0.00722356,0.0256485
0.725,0.0916667,-0.0300947,-0.0103814,0.031835
0.725,0.108333,-0.0356389,-0.0140197,0.0382973
0.725,0.125,-0.041278,-0.0181184,0.0450793
0.725,0.141667,-0.0470511,-0.0226651,0.0522256
0.725,0.158333,-0.0529996,-0.0276538,0.0597803
0.725,0.175,-0.0591657,-0.0330827,0.0677868
0.725,0.191667,-0.0655915,-0.0389529,0.0762861
0.725,0.208333,-0.0723167,-0.0452667,0.0853157
0.725,0.225,-0.0793776,-0.0520263,0.094908
0.725,0.241667,-0.0868049,-0.0592324,0.105088
0.725,0.258333,-0.0946218,-0.0668826,0.115873
0.725,0.275,-0.102842,-0.0749699,0.127267
0.725,0.291667,-0.111467,-0.0834811,0.139262
0.725,0.308333,-0.120484,-0.0923953,0.151833
0.725,0.325,-0.129865,-0.101682,0.164937
0.725,0.341667,-0.139561,-0.1113,0.178507
0.725,0.358333,-0.149504,-0.121195,0.192456
0.725,0.375,-0.159601,-0.131299,0.206669
0.725,0.391667,-0.169737,-0.14153,0.221001
0.725,0.408333,-0.179769,-0.15179,0.235281
0.725,0.425,-0.189532,-0.161965,0.249309
0.725,0.441667,-0.198833,-0.171928,0.262857
0.725,0.458333,-0.207458,-0.181536,0.275671
0.725,0.475,-0.215174,-0.190638,0.287476
0.725,0.491667,-0.221734,-0.199072,0.297986
0.725,0.508333,-0.226879,-0.206677,0.306903
0.725,0.525,-0.230352,-0.213291,0.313935
0.725,0.541667,-0.231901,-0.218758,0.3188
0.725,0.558333,-0.231288,-0.222938,0.32124
0.725,0.575,-0.228297,-0.22571,0.321037
0.725,0.591667,-0.222742,-0.226978,0.318014
0.725,0.608333,-0.214475,-0.226676,0.31206
0.725,0.625,-0.203383,-0.224773,0.30313
0.725,0.641667,-0.189395,-0.221275,0.291261
0.725,0.658333,-0.172477,-0.216224,0.276589
0.725,0.675,-0.152627,-0.2097,0.259363
0.725,0.691667,-0.129864,-0.201815,0.239987
0.725,0.708333,-0.104216,-0.19271,0.219085
0.725,0.725,-0.0757095,-0.182546,0.197623
0.725,0.741667,-0.044346,-0.171501,0.177142
0.725,0.758333,-0.0100909,-0.159759,0.160077
0.725,0.775,0.0271453,-0.1475,0.149977
0.725,0.791667,0.0675208,-0.134897,0.150852
0.725,0.808333,0.111272,-0.122102,0.165198
0.725,0.825,0.158717,-0.109248,0.192681
0.725,0.841667,0.210253,-0.0964394,0.231315
0.725,0.858333,0.26634,-0.083756,0.279199
0.725,0.875,0.327478,-0.0712569,0.335141
0.725,0.891667,0.39417,-0.058993,0.39856
0.725,0.908333,0.466887,-0.0470292,0.46925
0.725,0.925,0.546041,-0.035481,0.547193
0.725,0.941667,0.632003,-0.0245705,0.63248
0.725,0.958333,0.725208,-0.0147112,0.725357
0.725,0.975,0.826457,-0.00663443,0.826483
0.725,0.991667,0.937542,-0.00157885,0.937543
0.741667,0.00833333,-0.00233336,-0.000208458,0.00234265
0.741667,0.025,-0.00709023,-0.000987506,0.00715867
0.741667,0.0416667,-0.0119113,-0.00244869,0.0121604
0.741667,0.0583333,-0.0167846,-0.00451817,0.0173821
0.741667,0.075,-0.0217105,-0.00714111,0.0228548
0.741667,0.0916667,-0.0266996,-0.0102782,0.0286096
0.741667,0.108333,-0.031771,-0.013903,0.0346798
0.741667,0.125,-0.0369513,-0.0179989,0.0411018
0.741667,0.141667,-0.0422722,-0.0225579,0.0479145
0.741667,0.158333,-0.0477698,-0.027578,0.0551588
0.741667,0.175,-0.0534827,-0.033062,0.0628768
0.741667,0.191667,-0.0594505,-0.0390159,0.0711098
0.741667,0.208333,-0.0657122,-0.0454477,0.0798973
0.741667,0.225,-0.0723046,-0.0523656,0.0892755
0.741667,0.241667,-0.0792603,-0.0597771,0.0992749
0.741667,0.258333,-0.0866061,-0.0676873,0.109919
0.741667,0.275,-0.0943605,-0.0760971,0.121222
0.741667,0.291667,-0.102532,-0.0850023,0.133185
0.741667,0.308333,-0.111116,-0.0943911,0.145796
0.741667,0.325,-0.120094,-0.104243,0.159026
0.741667,0.341667,-0.12943,-0.114526,0.172825
0.741667,0.358333,-0.139069,-0.125196,0.187121
0.741667,0.375,-0.148933,-0.136194,0.201816
0.741667,0.391667,-0.158921,-0.147447,0.216787
0.741667,0.408333,-0.16891,-0.158862,0.231878
0.741667,0.425,-0.178748,-0.17033,0.246907
0.741667,0.441667,-0.18826,-0.181725,0.261659
0.741667,0.458333,-0.197246,-0.192902,0.275893
0.741667,0.475,-0.205485,-0.203703,0.289342
0.741667,0.491667,-0.212737,-0.213954,0.301717
0.741667,0.508333,-0.218749,-0.223476,0.312718
0.741667,0.525,-0.223262,-0.232083,0.322038
0.741667,0.541667,-0.226016,-0.239591,0.329374
0.741667,0.558333,-0.22676,-0.245824,0.334439
0.741667,0.575,-0.225257,-0.250618,0.336973
0.741667,0.591667,-0.221297,-0.253835,0.336756
0.741667,0.608333,-0.214696,-0.255361,0.333622
0.741667,0.625,-0.205309,-0.255116,0.327469
0.741667,0.641667,-0.193025,-0.253058,0.318272
0.741667,0.658333,-0.177771,-0.249184,0.306097
0.741667,0.675,-0.159507,-0.243534,0.291121
0.741667,0.691667,-0.138218,-0.236186,0.273656
0.741667,0.708333,-0.113902,-0.227252,0.254199
0.741667,0.725,-0.0865614,-0.216879,0.233515
0.741667,0.741667,-0.0561843,-0.205233,0.212785
0.741667,0.758333,-0.0227284,-0.1925,0.193837
0.741667,0.775,0.0138942,-0.17887,0.179409
0.741667,0.791667,0.0538319,-0.164534,0.173116
0.741667,0.808333,0.0973045,-0.149672,0.178521
0.741667,0.825,0.14461,-0.134452,0.197457
0.741667,0.841667,0.196121,-0.119022,0.229412
0.741667,0.858333,0.25228,-0.103515,0.272691
0.741667,0.875,0.313574,-0.0880506,0.325702
0.741667,0.891667,0.380514,-0.0727552,0.387407
0.741667,0.908333,0.453605,-0.057781,0.45727
0.741667,0.925,0.533341,-0.0433469,0.535099
0.741667,0.941667,0.620241,-0.0297953,0.620956
0.741667,0.958333,0.714994,-0.0176787,0.715212
0.741667,0.975,0.818805,-0.00788957,0.818843
0.741667,0.991667,0.934105,-0.00185723,0.934107
0.758333,0.00833333,-0.00192367,-0.000201289,0.00193417
0.758333,0.025,-0.00596721,-0.000955058,0.00604316
0.758333,0.0416667,-0.0101561,-0.00237213,0.0104295
0.758333,0.0583333,-0.014458,-0.00438448,0.0151082
0.758333,0.075,-0.0188563,-0.00694247,0.0200937
0.758333,0.0916667,-0.0233477,-0.0100116,0.0254037
0.758333,0.108333,-0.0279402,-0.0135697,0.0310611
0.758333,0.125,-0.0326513,-0.0176045,0.0370949
0.758333,0.141667,-0.0375057,-0.022112,0.0435387
0.758333,0.158333,-0.0425339,-0.0270944,0.0504305
0.758333,0.175,-0.0477703,-0.0325589,0.0578107
0.758333,0.191667,-0.0532518,-0.0385161,0.065721
0.758333,0.208333,-0.059016,-0.0449793,0.0742026
0.758333,0.225,-0.0650997,-0.0519626,0.0832951
0.758333,0.241667,-0.0715366,-0.0594798,0.093034
0.758333,0.258333,-0.0783562,-0.0675433,0.103449
0.758333,0.275,-0.0855814,-0.0761623,0.114564
0.758333,0.291667,-0.0932265,-0.0853415,0.12639
0.758333,0.308333,-0.101295,-0.095079,0.138927
0.758333,0.325,-0.109778,-0.105365,0.152161
0.758333,0.341667,-0.11865,-0.116178,0.166058
0.758333,0.358333,-0.12787,-0.127486,0.180565
0.758333,0.375,-0.137376,-0.139243,0.195604
0.758333,0.391667,-0.147084,-0.151384,0.211071
0.758333,0.408333,-0.156888,-0.163828,0.226833
0.758333,0.425,-0.166655,-0.176476,0.242729
0.758333,0.441667,-0.176229,-0.189205,0.258564
0.758333,0.458333,-0.185428,-0.201876,0.274113
0.758333,0.475,-0.194049,-0.214329,0.289122
0.758333,0.491667,-0.201865,-0.226384,0.303313
0.758333,0.508333,-0.208633,-0.237849,0.316386
0.758333,0.525,-0.214099,-0.248521,0.328026
0.758333,0.541667,-0.218002,-0.25819,0.337916
0.758333,0.558333,-0.220084,-0.266648,0.345743
0.758333,0.575,-0.220093,-0.273693,0.351211
0.758333,0.591667,-0.217798,-0.279139,0.354054
0.758333,0.608333,-0.212986,-0.282822,0.35405
0.758333,0.625,-0.205478,-0.284609,0.351032
0.758333,0.641667,-0.195124,-0.2844,0.3449
0.758333,0.658333,-0.181809,-0.282136,0.335642
0.758333,0.675,-0.165452,-0.277803,0.32334
0.758333,0.691667,-0.145995,-0.271429,0.308202
0.758333,0.708333,-0.123401,-0.263086,0.290589
0.758333,0.725,-0.0976377,-0.252885,0.271079
0.758333,0.741667,-0.0686688,-0.24097,0.250563
0.758333,0.758333,-0.0364346,-0.227512,0.230411
0.758333,0.775,-0.000838172,-0.212704,0.212705
0.758333,0.791667,0.0382695,-0.196745,0.200433
0.758333,0.808333,0.0811023,-0.179842,0.197284
0.758333,0.825,0.127947,-0.162198,0.206588
0.758333,0.841667,0.179165,-0.144008,0.229866
0.758333,0.858333,0.235188,-0.125467,0.266562
0.758333,0.875,0.296506,-0.106772,0.315145
0.758333,0.891667,0.36365,-0.0881365,0.374179
0.758333,0.908333,0.437178,-0.0698205,0.442718
0.758333,0.925,0.517679,-0.052166,0.520301
0.758333,0.941667,0.605843,-0.0356579,0.606891
0.758333,0.958333,0.702628,-0.0210103,0.702942
0.758333,0.975,0.80967,-0.00929947,0.809724
0.758333,0.991667,0.930078,-0.0021702,0.93008
0.775,0.00833333,-0.00153199,-0.000190443,0.00154378
0.775,0.025,-0.00488997,-0.000905695,0.00497314
0.775,0.0416667,-0.00846731,-0.00225479,0.00876239
0.775,0.0583333,-0.012212,-0.00417744,0.0129067
0.775,0.075,-0.0160912,-0.00663069,0.0174038
0.775,0.0916667,-0.0200887,-0.00958569,0.0222585
0.775,0.108333,-0.0242017,-0.0130252,0.0274842
0.775,0.125,-0.0284388,-0.0169415,0.0331026
0.775,0.141667,-0.0328178,-0.0213345,0.039143
0.775,0.158333,-0.0373636,-0.0262103,0.0456401
0.775,0.175,-0.0421062,-0.0315803,0.0526332
0.775,0.191667,-0.0470796,-0.0374594,0.0601638
0.775,0.208333,-0.0523192,-0.0438653,0.0682749
0.775,0.225,-0.0578611,-0.0508174,0.0770086
0.775,0.241667,-0.0637397,-0.0583358,0.0864049
0.775,0.258333,-0.0699861,-0.0664394,0.0965
0.775,0.275,-0.0766265,-0.0751456,0.107324
0.775,0.291667,-0.0836803,-0.0844676,0.1189
0.775,0.308333,-0.0911579,-0.0944136,0.131239
0.775,0.325,-0.0990586,-0.104985,0.144341
0.775,0.341667,-0.107369,-0.116172,0.15819
0.775,0.358333,-0.116059,-0.127957,0.17275
0.775,0.375,-0.125083,-0.140304,0.187966
0.775,0.391667,-0.134374,-0.153166,0.203756
0.775,0.408333,-0.143845,-0.166474,0.220011
0.775,0.425,-0.153383,-0.180141,0.236595
0.775,0.441667,-0.162854,-0.194057,0.253337
0.775,0.458333,-0.172098,-0.20809,0.270036
0.775,0.475,-0.180931,-0.222086,0.286458
0.775,0.491667,-0.189146,-0.235868,0.302341
0.775,0.508333,-0.196516,-0.249238,0.317393
0.775,0.525,-0.202799,-0.261983,0.331304
0.775,0.541667,-0.207742,-0.273873,0.343749
0.775,0.558333,-0.211084,-0.284675,0.354396
0.775,0.575,-0.21257,-0.294153,0.362921
0.775,0.591667,-0.211951,-0.302077,0.369017
0.775,0.608333,-0.208994,-0.308232,0.372405
0.775,0.625,-0.203488,-0.312427,0.372851
0.775,0.641667,-0.195249,-0.3145,0.370179
0.775,0.658333,-0.184121,-0.314326,0.364282
0.775,0.675,-0.169976,-0.311824,0.355142
0.775,0.691667,-0.152712,-0.306957,0.342847
0.775,0.708333,-0.132248,-0.299736,0.327614
0.775,0.725,-0.10851,-0.290217,0.30984
0.775,0.741667,-0.0814262,-0.278503,0.290162
0.775,0.758333,-0.0509063,-0.264731,0.269581
0.775,0.775,-0.0168317,-0.249074,0.249642
0.775,0.791667,0.0209616,-0.231731,0.232677
0.775,0.808333,0.0626961,-0.21292,0.221959
0.775,0.825,0.108662,-0.192875,0.221378
0.775,0.841667,0.159226,-0.171841,0.234269
0.775,0.858333,0.214825,-0.15008,0.262057
0.775,0.875,0.27597,-0.127877,0.304158
0.775,0.891667,0.343229,-0.105556,0.359094
0.775,0.908333,0.417231,-0.0835043,0.425505
0.775,0.925,0.498685,-0.0622178,0.502551
0.775,0.941667,0.588465,-0.042354,0.589987
0.775,0.958333,0.687825,-0.0248218,0.688273
0.775,0.975,0.798855,-0.010915,0.79893
0.775,0.991667,0.925378,-0.00252946,0.925382
0.791667,0.00833333,-0.00116549,-0.000176102,0.00117872
0.791667,0.025,-0.00387713,-0.000840283,0.00396714
0.791667,0.0416667,-0.00687265,-0.00209879,0.00718597
0.791667,0.0583333,-0.0100819,-0.00390097,0.0108103
0.791667,0.075,-0.0134574,-0.00621176,0.0148218
0.791667,0.0916667,-0.0169706,-0.00900884,0.0192135
0.791667,0.108333,-0.0206089,-0.0122803,0.0239903
0.791667,0.125,-0.0243728,-0.016023,0.029168
0.791667,0.141667,-0.0282733,-0.0202407,0.0347716
0.791667,0.158333,-0.0323298,-0.0249431,0.0408335
0.791667,0.175,-0.0365682,-0.030145,0.0473915
0.791667,0.191667,-0.0410186,-0.035865,0.054487
0.791667,0.208333,-0.0457145,-0.0421249,0.0621637
0.791667,0.225,-0.0506902,-0.0489484,0.0704659
0.791667,0.241667,-0.0559799,-0.0563608,0.0794373
0.791667,0.258333,-0.0616156,-0.0643873,0.0891191
0.791667,0.275,-0.0676259,-0.0730522,0.0995484
0.791667,0.291667,-0.0740337,-0.0823774,0.110757
0.791667,0.308333,-0.0808552,-0.0923806,0.122767
0.791667,0.325,-0.0880971,-0.103074,0.135592
0.791667,0.341667,-0.0957554,-0.114461,0.149233
0.791667,0.358333,-0.103813,-0.126536,0.163672
0.791667,0.375,-0.112237,-0.139281,0.178875
0.791667,0.391667,-0.120978,-0.152661,0.194785
0.791667,0.408333,-0.129968,-0.166626,0.211319
0.791667,0.425,-0.139115,-0.181105,0.228368
0.791667,0.441667,-0.148307,-0.196005,0.24579
0.791667,0.458333,-0.157409,-0.211208,0.263413
0.791667,0.475,-0.16626,-0.226572,0.281029
0.791667,0.491667,-0.174677,-0.24193,0.298399
0.791667,0.508333,-0.182456,-0.257088,0.315253
0.791667,0.525,-0.189373,-0.27183,0.331291
0.791667,0.541667,-0.195187,-0.28592,0.346191
0.791667,0.558333,-0.199651,-0.299106,0.359617
0.791667,0.575,-0.202507,-0.311125,0.371225
0.791667,0.591667,-0.203503,-0.321711,0.380673
0.791667,0.608333,-0.202393,-0.330604,0.387636
0.791667,0.625,-0.198943,-0.337556,0.391819
0.791667,0.641667,-0.192938,-0.342339,0.392965
0.791667,0.658333,-0.184186,-0.344758,0.390874
0.791667,0.675,-0.172517,-0.344653,0.385419
0.791667,0.691667,-0.157783,-0.341907,0.376558
0.791667,0.708333,-0.139853,-0.336452,0.364361
0.791667,0.725,-0.118607,-0.328268,0.349038
0.791667,0.741667,-0.0939252,-0.317387,0.330993
0.791667,0.758333,-0.0656767,-0.303889,0.310906
0.791667,0.775,-0.0337053,-0.287902,0.289869
0.791667,0.791667,0.00218513,-0.269595,0.269604
0.791667,0.808333,0.0422445,-0.249178,0.252734
0.791667,0.825,0.0867888,-0.226899,0.242931
0.791667,0.841667,0.136209,-0.203043,0.244499
0.791667,0.858333,0.190977,-0.17794,0.261026
0.791667,0.875,0.251645,-0.15197,0.293973
0.791667,0.891667,0.318848,-0.125586,0.342689
0.791667,0.908333,0.393311,-0.0993361,0.405662
0.791667,0.925,0.475887,-0.0739056,0.481592
0.791667,0.941667,0.567664,-0.0501711,0.569877
0.791667,0.958333,0.670209,-0.0292857,0.670848
0.791667,0.975,0.786091,-0.0128125,0.786196
0.791667,0.991667,0.919896,-0.00295261,0.919901
0.808333,0.00833333,-0.000830896,-0.000158543,0.000845887
0.808333,0.025,-0.00294605,-0.000760135,0.00304254
0.808333,0.0416667,-0.00539807,-0.00190737,0.00572514
0.808333,0.0583333,-0.00810084,-0.00356091,0.00884894
0.808333,0.075,-0.0109939,-0.00569473,0.0123812
0.808333,0.0916667,-0.0140381,-0.00829366,0.016305
0.808333,0.108333,-0.0172121,-0.0113514,0.0206183
0.808333,0.125,-0.0205092,-0.0148693,0.0253322
0.808333,0.141667,-0.023934,-0.0188546,0.0304686
0.808333,0.158333,-0.027501,-0.0233204,0.0360575
0.808333,0.175,-0.0312315,-0.0282839,0.0421354
0.808333,0.191667,-0.0351524,-0.0337668,0.0487431
0.808333,0.208333,-0.039294,-0.0397938,0.0559246
0.808333,0.225,-0.0436888,-0.0463923,0.0637256
0.808333,0.241667,-0.0483696,-0.0535918,0.0721921
0.808333,0.258333,-0.0533687,-0.0614225,0.0813692
0.808333,0.275,-0.0587154,-0.0699151,0.0912996
0.808333,0.291667,-0.0644355,-0.0790987,0.102022
0.808333,0.308333,-0.070549,-0.0889999,0.11357
0.808333,0.325,-0.0770689,-0.0996413,0.125968
0.808333,0.341667,-0.083999,-0.111039,0.139232
0.808333,0.358333,-0.0913327,-0.1232,0.153362
0.808333,0.375,-0.0990504,-0.136123,0.168346
0.808333,0.391667,-0.107118,-0.149789,0.18415
0.808333,0.408333,-0.115484,-0.164168,0.200718
0.808333,0.425,-0.12408,-0.179207,0.21797
0.808333,0.441667,-0.132816,-0.194834,0.235797
0.808333,0.458333,-0.14158,-0.210951,0.254058
0.808333,0.475,-0.15024,-0.227436,0.272578
0.808333,0.491667,-0.158639,-0.244136,0.291151
0.808333,0.508333,-0.166599,-0.260874,0.309533
0.808333,0.525,-0.17392,-0.277442,0.327448
0.808333,0.541667,-0.180386,-0.293605,0.344591
0.808333,0.558333,-0.185764,-0.309108,0.360632
0.808333,0.575,-0.189811,-0.323671,0.375222
0.808333,0.591667,-0.192279,-0.337005,0.387999
0.808333,0.608333,-0.192917,-0.348812,0.398607
0.808333,0.625,-0.191483,-0.358796,0.406694
0.808333,0.641667,-0.187742,-0.366668,0.411937
0.808333,0.658333,-0.181471,-0.37216,0.414047
0.808333,0.675,-0.172467,-0.375031,0.412787
0.808333,0.691667,-0.160538,-0.375073,0.407985
0.808333,0.708333,-0.145506,-0.372122,0.399558
0.808333,0.725,-0.1272,-0.36606,0.387531
0.808333,0.741667,-0.10545,-0.356823,0.372078
0.808333,0.758333,-0.0800731,-0.344399,0.353585
0.808333,0.775,-0.0508608,-0.328834,0.332744
0.808333,0.791667,-0.0175675,-0.310233,0.31073
0.808333,0.808333,0.0201066,-0.28876,0.289459
0.808333,0.825,0.0625294,-0.264642,0.271929
0.808333,0.841667,0.110149,-0.238178,0.262415
0.808333,0.858333,0.163503,-0.209747,0.265946
0.808333,0.875,0.223227,-0.179825,0.286649
0.808333,0.891667,0.290062,-0.149005,0.326095
0.808333,0.908333,0.36487,-0.118027,0.383485
0.808333,0.925,0.448688,-0.0878171,0.457201
0.808333,0.941667,0.542849,-0.0595375,0.546104
0.808333,0.958333,0.649263,-0.0346628,0.650188
0.808333,0.975,0.771009,-0.0151085,0.771157
0.808333,0.991667,0.913477,-0.0034667,0.913483
0.825,0.00833333,-0.000534261,-0.000138138,0.000551831
0.825,0.025,-0.00211232,-0.000667008,0.00221512
0.825,0.0416667,-0.0040668,-0.00168486,0.00440201
0.825,0.0583333,-0.0062984,-0.00316512,0.00704896
0.825,0.075,-0.00873598,-0.00509173,0.0101115
0.825,0.0916667,-0.0113318,-0.00745709,0.0135653
0.825,0.108333,-0.0140572,-0.0102607,0.0174036
0.825,0.125,-0.0168992,-0.0135078,0.0216343
0.825,0.141667,-0.0198573,-0.0172093,0.0262768
0.825,0.158333,-0.0229411,-0.0213802,0.0313594
0.825,0.175,-0.0261679,-0.0260403,0.0369168
0.825,0.191667,-0.0295608,-0.0312127,0.0429892
0.825,0.208333,-0.033147,-0.0369244,0.0496199
0.825,0.225,-0.0369564,-0.0432053,0.0568549
0.825,0.241667,-0.0410202,-0.0500877,0.0647413
0.825,0.258333,-0.0453692,-0.0576059,0.0733267
0.825,0.275,-0.050033,-0.0657952,0.0826578
0.825,0.291667,-0.0550384,-0.0746912,0.0927793
0.825,0.308333,-0.060408,-0.0843281,0.103732
0.825,0.325,-0.0661592,-0.0947374,0.115552
0.825,0.341667,-0.0723021,-0.105946,0.128266
0.825,0.358333,-0.0788386,-0.117976,0.141894
0.825,0.375,-0.0857599,-0.130838,0.15644
0.825,0.391667,-0.0930455,-0.144534,0.171894
0.825,0.408333,-0.100661,-0.159051,0.188228
0.825,0.425,-0.108557,-0.174358,0.205391
0.825,0.441667,-0.116665,-0.190406,0.223305
0.825,0.458333,-0.124899,-0.207121,0.241865
0.825,0.475,-0.133153,-0.224405,0.260935
0.825,0.491667,-0.141299,-0.242132,0.280345
0.825,0.508333,-0.149188,-0.260144,0.299887
0.825,0.525,-0.156652,-0.278255,0.31932
0.825,0.541667,-0.163501,-0.296244,0.338368
0.825,0.558333,-0.169527,-0.313864,0.356721
0.825,0.575,-0.174511,-0.330837,0.374042
0.825,0.591667,-0.178218,-0.346864,0.38997
0.825,0.608333,-0.18041,-0.361625,0.404129
0.825,0.625,-0.180844,-0.374788,0.416137
0.825,0.641667,-0.179279,-0.386017,0.425617
0.825,0.658333,-0.175478,-0.39498,0.432206
0.825,0.675,-0.169213,-0.401357,0.435569
0.825,0.691667,-0.160259,-0.404848,0.435413
0.825,0.708333,-0.1484,-0.405184,0.431505
0.825,0.725,-0.133419,-0.402133,0.423688
0.825,0.741667,-0.115094,-0.395509,0.411915
0.825,0.758333,-0.0931864,-0.385177,0.396289
0.825,0.775,-0.0674295,-0.37106,0.377137
0.825,0.791667,-0.0375124,-0.353147,0.355134
0.825,0.808333,-0.00306435,-0.331505,0.331519
0.825,0.825,0.0363627,-0.306286,0.308437
0.825,0.841667,0.081311,-0.277745,0.289402
0.825,0.858333,0.132431,-0.246267,0.279616
0.825,0.875,0.190498,-0.212388,0.285304
0.825,0.891667,0.256419,-0.176838,0.311484
0.825,0.908333,0.331266,-0.14057,0.359857
0.825,0.925,0.416322,-0.10481,0.429313
0.825,0.941667,0.513224,-0.0710995,0.518126
0.825,0.958333,0.62427,-0.0413563,0.625638
0.825,0.975,0.753077,-0.0179856,0.753292
0.825,0.991667,0.905895,-0.00411447,0.905905
0.841667,0.00833333,-0.000280813,-0.000115354,0.000303582
0.841667,0.025,-0.00138921,-0.000563121,0.00149901
0.841667,0.0416667,-0.00289855,-0.00143671,0.00323508
0.841667,0.0583333,-0.00469967,-0.00272353,0.0054318
0.841667,0.075,-0.00671366,-0.00441806,0.00803695
0.841667,0.0916667,-0.00888638,-0.00652049,0.011022
0.841667,0.108333,-0.0111838,-0.00903582,0.0143779
0.841667,0.125,-0.013588,-0.0119733,0.0181106
0.841667,0.141667,-0.0160943,-0.0153461,0.022238
0.841667,0.158333,-0.0187081,-0.0191713,0.0267867
0.841667,0.175,-0.0214428,-0.0234695,0.0317901
0.841667,0.191667,-0.024318,-0.028265,0.0372864
0.841667,0.208333,-0.0273576,-0.0335855,0.0433177
0.841667,0.225,-0.0305884,-0.0394622,0.0499291
0.841667,0.241667,-0.034039,-0.0459291,0.0571676
0.841667,0.258333,-0.0377384,-0.053023,0.0650817
0.841667,0.275,-0.0417149,-0.0607826,0.0737202
0.841667,0.291667,-0.0459952,-0.0692479,0.0831314
0.841667,0.308333,-0.0506031,-0.0784592,0.0933623
0.841667,0.325,-0.0555584,-0.0884556,0.104456
0.841667,0.341667,-0.0608756,-0.0992739,0.116452
0.841667,0.358333,-0.0665628,-0.110947,0.129382
0.841667,0.375,-0.0726201,-0.1235,0.143269
0.841667,0.391667,-0.0790383,-0.136951,0.158122
0.841667,0.408333,-0.085797,-0.151306,0.173938
0.841667,0.425,-0.0928633,-0.166556,0.190695
0.841667,0.441667,-0.10019,-0.182676,0.208347
0.841667,0.458333,-0.107714,-0.19962,0.226827
0.841667,0.475,-0.115356,-0.217316,0.246035
0.841667,0.491667,-0.123015,-0.23567,0.265844
0.841667,0.508333,-0.130576,-0.254554,0.28609
0.841667,0.525,-0.137899,-0.273809,0.306574
0.841667,0.541667,-0.144829,-0.293244,0.327059
0.841667,0.558333,-0.15119,-0.312633,0.347272
0.841667,0.575,-0.156791,-0.331717,0.366905
0.841667,0.591667,-0.161425,-0.350203,0.385617
0.841667,0.608333,-0.164874,-0.367771,0.403037
0.841667,0.625,-0.166912,-0.384075,0.418776
0.841667,0.641667,-0.167306,-0.398749,0.432426
0.841667,0.658333,-0.165821,-0.411416,0.443576
0.841667,0.675,-0.162217,-0.421693,0.451818
0.841667,0.691667,-0.156258,-0.429198,0.456757
0.841667,0.708333,-0.147701,-0.433561,0.458029
0.841667,0.725,-0.136297,-0.434433,0.455311
0.841667,0.741667,-0.121783,-0.43149,0.448346
0.841667,0.758333,-0.103872,-0.424449,0.436974
0.841667,0.775,-0.082239,-0.413071,0.421178
0.841667,0.791667,-0.0565054,-0.397181,0.40118
0.841667,0.808333,-0.0262169,-0.376678,0.377589
0.841667,0.825,0.00917752,-0.35156,0.35168
0.841667,0.841667,0.0503501,-0.321955,0.325868
0.841667,0.858333,0.098118,-0.288159,0.304406
0.841667,0.875,0.153466,-0.250692,0.293936
0.841667,0.891667,0.217566,-0.210358,0.302631
0.841667,0.908333,0.291805,-0.168312,0.336867
0.841667,0.925,0.377837,-0.126126,0.398332
0.841667,0.941667,0.477712,-0.085839,0.485363
0.841667,0.958333,0.5942,-0.0500005,0.5963
0.841667,0.975,0.731514,-0.0217381,0.731836
0.841667,0.991667,0.896815,-0.00496564,0.896829
0.858333,0.00833333,-7.47419e-05,-9.07584e-05,0.000117573
0.858333,0.025,-0.000787174,-0.000451182,0.000907308
0.858333,0.0416667,-0.00190865,-0.00116961,0.00223851
0.858333,0.0583333,-0.00332423,-0.00224821,0.0040131
0.858333,0.075,-0.00495055,-0.0036923,0.00617585
0.858333,0.0916667,-0.00672972,-0.00550973,0.00869748
0.858333,0.108333,-0.00862429,-0.00771062,0.0115686
0.858333,0.125,-0.0106132,-0.0103075,0.0147948
0.858333,0.141667,-0.0126884,-0.0133155,0.0183929
0.858333,0.158333,-0.014852,-0.0167523,0.022388
0.858333,0.175,-0.0171141,-0.020639,0.0268116
0.858333,0.191667,-0.0194907,-0.0249996,0.0316997
0.858333,0.208333,-0.0220023,-0.0298618,0.0370921
0.858333,0.225,-0.0246724,-0.0352564,0.0430319
0.858333,0.241667,-0.0275265,-0.0412179,0.0495644
0.858333,0.258333,-0.0305909,-0.047784,0.0567372
0.858333,0.275,-0.0338917,-0.0549951,0.0645996
0.858333,0.291667,-0.0374543,-0.0628939,0.0732015
0.858333,0.308333,-0.041302,-0.0715247,0.0825932
0.858333,0.325,-0.0454555,-0.0809323,0.0928237
0.858333,0.341667,-0.0499317,-0.0911607,0.10394
0.858333,0.358333,-0.0547427,-0.102252,0.115984
0.858333,0.375,-0.0598951,-0.114244,0.128992
0.858333,0.391667,-0.065388,-0.127168,0.142994
0.858333,0.408333,-0.0712124,-0.141048,0.158005
0.858333,0.425,-0.0773497,-0.155896,0.17403
0.858333,0.441667,-0.0837699,-0.171709,0.191054
0.858333,0.458333,-0.0904306,-0.18847,0.209042
0.858333,0.475,-0.0972753,-0.206137,0.227936
0.858333,0.491667,-0.104232,-0.224647,0.24765
0.858333,0.508333,-0.111213,-0.243909,0.268067
0.858333,0.525,-0.118114,-0.263801,0.289036
0.858333,0.541667,-0.124811,-0.284168,0.31037
0.858333,0.558333,-0.131165,-0.304821,0.331844
0.858333,0.575,-0.13702,-0.325533,0.353194
0.858333,0.591667,-0.142203,-0.34604,0.374119
0.858333,0.608333,-0.146527,-0.366042,0.39428
0.858333,0.625,-0.149795,-0.385203,0.413303
0.858333,0.641667,-0.151797,-0.403156,0.430786
0.858333,0.658333,-0.152314,-0.419505,0.4463
0.858333,0.675,-0.151121,-0.433831,0.459398
0.858333,0.691667,-0.147984,-0.445697,0.469622
0.858333,0.708333,-0.142656,-0.454653,0.476508
0.858333,0.725,-0.134878,-0.460245,0.479601
0.858333,0.741667,-0.124367,-0.462022,0.478468
0.858333,0.758333,-0.110808,-0.459543,0.472714
0.858333,0.775,-0.0938355,-0.452388,0.462017
0.858333,0.791667,-0.0730154,-0.440171,0.446186
0.858333,0.808333,-0.0478176,-0.422564,0.425261
0.858333,0.825,-0.0175845,-0.399319,0.399706
0.858333,0.841667,0.0185056,-0.370318,0.370781
0.858333,0.858333,0.0614794,-0.335631,0.341216
0.858333,0.875,0.112609,-0.295603,0.316326
0.858333,0.891667,0.173451,-0.250967,0.305073
0.858333,0.908333,0.245878,-0.202971,0.318831
0.858333,0.925,0.332121,-0.153514,0.365884
0.858333,0.941667,0.434872,-0.105245,0.447427
0.858333,0.958333,0.557566,-0.06161,0.560959
0.858333,0.975,0.705129,-0.0268542,0.705641
0.858333,0.991667,0.885711,-0.00613855,0.885732
0.875,0.00833333,8.10183e-05,-6.50409e-05,0.000103896
0.875,0.025,-0.000313159,-0.00033447,0.000458191
0.875,0.0416667,-0.0011072,-0.000891584,0.00142156
0.875,0.0583333,-0.00218509,-0.00175365,0.00280177
0.875,0.075,-0.00346272,-0.0029366,0.00454027
0.875,0.0916667,-0.00488138,-0.00445542,0.00660898
0.875,0.108333,-0.00640247,-0.00632475,0.00899967
0.875,0.125,-0.00800333,-0.00855963,0.0117184
0.875,0.141667,-0.00967385,-0.0111762,0.0147814
0.875,0.158333,-0.0114137,-0.0141921,0.0182124
0.875,0.175,-0.0132301,-0.0176278,0.0220403
0.875,0.191667,-0.0151359,-0.0215059,0.0262983
0.875,0.208333,-0.017148,-0.0258529,0.031023
0.875,0.225,-0.0192866,-0.0306983,0.0362541
0.875,0.241667,-0.0215736,-0.0360755,0.0420341
0.875,0.258333,-0.0240318,-0.0420215,0.048408
0.875,0.275,-0.0266846,-0.0485767,0.0554235
0.875,0.291667,-0.0295548,-0.0557846,0.0631301
0.875,0.308333,-0.032664,-0.0636913,0.0715788
0.875,0.325,-0.0360323,-0.0723449,0.0808215
0.875,0.341667,-0.0396771,-0.0817941,0.0909096
0.875,0.358333,-0.0436126,-0.0920876,0.101893
0.875,0.375,-0.0478489,-0.103272,0.113818
0.875,0.391667,-0.0523912,-0.115391,0.126727
0.875,0.408333,-0.0572387,-0.128481,0.140654
0.875,0.425,-0.0623834,-0.142573,0.155624
0.875,0.441667,-0.0678092,-0.157687,0.171649
0.875,0.458333,-0.0734906,-0.173827,0.188724
0.875,0.475,-0.0793913,-0.190984,0.206828
0.875,0.491667,-0.0854634,-0.209127,0.225916
0.875,0.508333,-0.0916459,-0.228201,0.245916
0.875,0.525,-0.0978639,-0.248127,0.266729
0.875,0.541667,-0.104028,-0.268792,0.288221
0.875,0.558333,-0.110034,-0.290054,0.310223
0.875,0.575,-0.115763,-0.31173,0.33253
0.875,0.591667,-0.12108,-0.333602,0.354896
0.875,0.608333,-0.125838,-0.355413,0.377032
0.875,0.625,-0.129874,-0.376861,0.398612
0.875,0.641667,-0.133016,-0.397609,0.419269
0.875,0.658333,-0.135078,-0.417275,0.438594
0.875,0.675,-0.135863,-0.435443,0.456146
0.875,0.691667,-0.135162,-0.451657,0.471447
0.875,0.708333,-0.132749,-0.465429,0.48399
0.875,0.725,-0.128381,-0.476239,0.49324
0.875,0.741667,-0.121785,-0.48354,0.498641
0.875,0.758333,-0.11265,-0.48676,0.499625
0.875,0.775,-0.100603,-0.485305,0.495623
0.875,0.791667,-0.0851929,-0.478576,0.4861
0.875,0.808333,-0.0658475,-0.465977,0.470606
0.875,0.825,-0.0418344,-0.446942,0.448895
0.875,0.841667,-0.0122022,-0.420985,0.421162
0.875,0.858333,0.0242886,-0.387774,0.388534
0.875,0.875,0.0692446,-0.347247,0.354084
0.875,0.891667,0.12472,-0.299788,0.324697
0.875,0.908333,0.193287,-0.246462,0.313215
0.875,0.925,0.278087,-0.189294,0.336399
0.875,0.941667,0.38288,-0.131535,0.404844
0.875,0.958333,0.512214,-0.077827,0.518093
0.875,0.975,0.672069,-0.0341715,0.672937
0.875,0.991667,0.871728,-0.00784424,0.871763
0.891667,0.00833333,0.000185072,-3.905e-05,0.000189147
0.891667,0.025,3.00825e-05,-0.00021699,0.000219065
0.891667,0.0416667,-0.000498033,-0.00061236,0.000789318
0.891667,0.0583333,-0.00128749,-0.00125713,0.00179945
0.891667,0.075,-0.00225752,-0.00217704,0.00313623
0.891667,0.0916667,-0.00335158,-0.0033933,0.00476944
0.891667,0.108333,-0.00453219,-0.00492411,0.00669236
0.891667,0.125,-0.00577681,-0.00678609,0.00891193
0.891667,0.141667,-0.00707455,-0.00899544,0.0114441
0.891667,0.158333,-0.00842347,-0.0115691,0.0143108
0.891667,0.175,-0.00982846,-0.0145254,0.0175381
0.891667,0.191667,-0.0112995,-0.0178852,0.0211556
0.891667,0.208333,-0.0128503,-0.0216724,0.0251957
0.891667,0.225,-0.0144973,-0.0259141,0.0296937
0.891667,0.241667,-0.0162586,-0.0306413,0.0346876
0.891667,0.258333,-0.0181534,-0.0358888,0.0402188
0.891667,0.275,-0.0202014,-0.0416952,0.0463313
0.891667,0.291667,-0.0224223,-0.048103,0.0530722
0.891667,0.308333,-0.0248349,-0.0551579,0.0604911
0.891667,0.325,-0.0274573,-0.0629086,0.0686396
0.891667,0.341667,-0.0303058,-0.0714057,0.0775707
0.891667,0.358333,-0.0333948,-0.0807014,0.087338
0.891667,0.375,-0.0367359,-0.0908477,0.0979941
0.891667,0.391667,-0.0403375,-0.101896,0.10959
0.891667,0.408333,-0.0442039,-0.113894,0.122171
0.891667,0.425,-0.0483346,-0.126885,0.135779
0.891667,0.441667,-0.0527235,-0.140906,0.150447
0.891667,0.458333,-0.0573578,-0.155984,0.166195
0.891667,0.475,-0.0622173,-0.172134,0.183033
0.891667,0.491667,-0.067273,-0.189355,0.200951
0.891667,0.508333,-0.0724866,-0.20763,0.21992
0.891667,0.525,-0.0778094,-0.226919,0.239888
0.891667,0.541667,-0.0831814,-0.247154,0.260776
0.891667,0.558333,-0.088531,-0.268243,0.282475
0.891667,0.575,-0.0937745,-0.290058,0.30484
0.891667,0.591667,-0.0988161,-0.312437,0.327692
0.891667,0.608333,-0.103548,-0.335181,0.350811
0.891667,0.625,-0.107849,-0.358048,0.373938
0.891667,0.641667,-0.111589,-0.380753,0.396768
0.891667,0.658333,-0.114625,-0.402967,0.418953
0.891667,0.675,-0.116802,-0.424315,0.440097
0.891667,0.691667,-0.117953,-0.444372,0.45976
0.891667,0.708333,-0.117895,-0.462663,0.477448
0.891667,0.725,-0.116425,-0.478663,0.492619
0.891667,0.741667,-0.113314,-0.491789,0.504675
0.891667,0.758333,-0.108291,-0.501401,0.512961
0.891667,0.775,-0.101025,-0.506793,0.516764
0.891667,0.791667,-0.0910988,-0.507194,0.515311
0.891667,0.808333,-0.0779667,-0.501769,0.507791
0.891667,0.825,-0.0608958,-0.489624,0.493396
0.891667,0.841667,-0.0388855,-0.469836,0.471442
0.891667,0.858333,-0.0105583,-0.441517,0.441643
0.891667,0.875,0.0259815,-0.403934,0.404769
0.891667,0.891667,0.073317,-0.356728,0.364184
0.891667,0.908333,0.134897,-0.300262,0.329172
0.891667,0.925,0.215185,-0.236139,0.319478
0.891667,0.941667,0.319721,-0.167838,0.361097
0.891667,0.958333,0.45513,-0.101303,0.466267
0.891667,0.975,0.629373,-0.0451787,0.630993
0.891667,0.991667,0.853401,-0.0104831,0.853465
0.908333,0.00833333,0.000237963,-1.38769e-05,0.000238367
0.908333,0.025,0.000244952,-0.000103769,0.000266025
0.908333,0.0416667,-7.75286e-05,-0.000343844,0.000352476
0.908333,0.0583333,-0.000627769,-0.000779374,0.00100076
0.908333,0.075,-0.0013324,-0.00144437,0.00196507
0.908333,0.0916667,-0.00214003,-0.00236486,0.0031894
0.908333,0.108333,-0.00301649,-0.00356136,0.00466717
0.908333,0.125,-0.00394097,-0.005051,0.00640654
0.908333,0.141667,-0.00490298,-0.00684911,0.00842316
0.908333,0.158333,-0.00589985,-0.00897075,0.010737
0.908333,0.175,-0.00693472,-0.0114318,0.0133708
0.908333,0.191667,-0.00801508,-0.0142502,0.0163496
0.908333,0.208333,-0.00915154,-0.0174463,0.0197008
0.908333,0.225,-0.0103569,-0.0210438,0.0234543
0.908333,0.241667,-0.0116455,-0.0250701,0.0276429
0.908333,0.258333,-0.0130326,-0.0295566,0.0323024
0.908333,0.275,-0.0145338,-0.0345387,0.037472
0.908333,0.291667,-0.0161651,-0.0400557,0.0431946
0.908333,0.308333,-0.017942,-0.0461508,0.0495158
0.908333,0.325,-0.0198796,-0.0528707,0.0564846
0.908333,0.341667,-0.0219919,-0.0602652,0.0641525
0.908333,0.358333,-0.0242918,-0.0683865,0.0725728
0.908333,0.375,-0.0267907,-0.0772885,0.0818
0.908333,0.391667,-0.0294977,-0.0870255,0.0918888
0.908333,0.408333,-0.0324198,-0.0976514,0.102892
0.908333,0.425,-0.0355606,-0.109218,0.114862
0.908333,0.441667,-0.0389204,-0.121774,0.127843
0.908333,0.458333,-0.0424951,-0.135362,0.141876
0.908333,0.475,-0.0462755,-0.150017,0.156992
0.908333,0.491667,-0.050247,-0.165763,0.173211
0.908333,0.508333,-0.0543886,-0.182612,0.190539
0.908333,0.525,-0.0586718,-0.200559,0.208965
0.908333,0.541667,-0.0630608,-0.219582,0.228458
0.908333,0.558333,-0.0675113,-0.239633,0.248962
0.908333,0.575,-0.0719702,-0.260642,0.270396
0.908333,0.591667,-0.0763757,-0.282507,0.292649
0.908333,0.608333,-0.0806568,-0.305095,0.315576
0.908333,0.625,-0.0847334,-0.328234,0.338995
0.908333,0.641667,-0.0885167,-0.351717,0.362685
0.908333,0.658333,-0.0919089,-0.375292,0.386382
0.908333,0.675,-0.0948033,-0.398658,0.409776
0.908333,0.691667,-0.0970834,-0.421469,0.432506
0.908333,0.708333,-0.0986211,-0.44332,0.454157
0.908333,0.725,-0.0992733,-0.463746,0.474252
0.908333,0.741667,-0.0988753,-0.48221,0.492243
0.908333,0.758333,-0.0972307,-0.498098,0.507499
0.908333,0.775,-0.0940943,-0.510697,0.519293
0.908333,0.791667,-0.0891445,-0.51918,0.526777
0.908333,0.808333,-0.0819416,-0.522585,0.52897
0.908333,0.825,-0.0718622,-0.519789,0.524733
0.908333,0.841667,-0.0579998,-0.509496,0.512787
0.908333,0.858333,-0.0390163,-0.490243,0.491793
0.908333,0.875,-0.0129245,-0.460462,0.460644
0.908333,0.891667,0.023214,-0.41866,0.419303
0.908333,0.908333,0.0736808,-0.363807,0.371194
0.908333,0.925,0.144541,-0.29607,0.329468
0.908333,0.941667,0.244003,-0.21801,0.327209
0.908333,0.958333,0.382488,-0.136185,0.406009
0.908333,0.975,0.572307,-0.0626016,0.575721
0.908333,0.991667,0.828044,-0.0148739,0.828177
0.925,0.00833333,0.000242819,8.9866e-06,0.000242985
0.925,0.025,0.000340278,-1.37212e-06,0.000340281
0.925,0.0416667,0.000166753,-0.000100974,0.000194942
0.925,0.0583333,-0.000192003,-0.000345561,0.000395319
0.925,0.075,-0.000673788,-0.000775004,0.00102695
0.925,0.0916667,-0.001235,-0.00141823,0.00188059
0.925,0.108333,-0.00184669,-0.00229661,0.00294698
0.925,0.125,-0.00249126,-0.00342654,0.00423646
0.925,0.141667,-0.00315964,-0.00482154,0.0057646
0.925,0.158333,-0.00384916,-0.00649398,0.00754903
0.925,0.175,-0.00456179,-0.00845657,0.00960851
0.925,0.191667,-0.00530286,-0.0107234,0.011963
0.925,0.208333,-0.00608014,-0.013311,0.0146339
0.925,0.225,-0.00690304,-0.0162388,0.0176451
0.925,0.241667,-0.00778212,-0.0195297,0.0210231
0.925,0.258333,-0.00872868,-0.0232104,0.0247975
0.925,0.275,-0.0097544,-0.0273117,0.0290013
0.925,0.291667,-0.0108711,-0.0318681,0.0336713
0.925,0.308333,-0.0120907,-0.0369184,0.0388478
0.925,0.325,-0.0134245,-0.0425048,0.0445744
0.925,0.341667,-0.0148837,-0.0486735,0.0508983
0.925,0.358333,-0.0164788,-0.0554733,0.0578692
0.925,0.375,-0.0182191,-0.0629559,0.0655392
0.925,0.391667,-0.0201133,-0.0711748,0.0739622
0.925,0.408333,-0.0221684,-0.0801847,0.0831927
0.925,0.425,-0.0243896,-0.0900402,0.093285
0.925,0.441667,-0.0267804,-0.100795,0.104292
0.925,0.458333,-0.0293414,-0.112501,0.116264
0.925,0.475,-0.0320707,-0.125205,0.129247
0.925,0.491667,-0.0349627,-0.138948,0.143279
0.925,0.508333,-0.038008,-0.153764,0.158392
0.925,0.525,-0.0411929,-0.169676,0.174604
0.925,0.541667,-0.0444988,-0.186694,0.191924
0.925,0.558333,-0.047902,-0.204813,0.21034
0.925,0.575,-0.0513731,-0.224011,0.229826
0.925,0.591667,-0.0548771,-0.244241,0.250331
0.925,0.608333,-0.0583733,-0.265436,0.271779
0.925,0.625,-0.0618152,-0.287498,0.294068
0.925,0.641667,-0.0651506,-0.310299,0.317065
0.925,0.658333,-0.0683221,-0.333678,0.340601
0.925,0.675,-0.0712673,-0.357434,0.36447
0.925,0.691667,-0.0739184,-0.381324,0.388422
0.925,0.708333,-0.0762019,-0.405058,0.412163
0.925,0.725,-0.0780368,-0.428288,0.435339
0.925,0.741667,-0.0793317,-0.450603,0.457533
0.925,0.758333,-0.0799781,-0.471512,0.478247
0.925,0.775,-0.0798387,-0.490421,0.496878
0.925,0.791667,-0.0787282,-0.50661,0.512691
0.925,0.808333,-0.0763783,-0.519186,0.524774
0.925,0.825,-0.0723802,-0.527027,0.531974
0.925,0.841667,-0.0660867,-0.528715,0.532829
0.925,0.858333,-0.0564489,-0.522449,0.525489
0.925,0.875,-0.0417467,-0.505975,0.507694
0.925,0.891667,-0.0191534,-0.476588,0.476973
0.925,0.908333,0.0159379,-0.431331,0.431625
0.925,0.925,0.0708882,-0.367673,0.374445
0.925,0.941667,0.157033,-0.285112,0.325497
0.925,0.958333,0.290779,-0.188258,0.346401
0.925,0.975,0.493635,-0.0914606,0.502036
0.925,0.991667,0.790349,-0.022821,0.790678
0.941667,0.00833333,0.000206437,2.73611e-05,0.000208242
0.941667,0.025,0.000333044,8.12672e-05,0.000342816
0.941667,0.0416667,0.000257714,9.70741e-05,0.000275391
0.941667,0.0583333,4.53061e-05,1.33239e-05,4.72247e-05
0.941667,0.075,-0.000256018,-0.000212377,0.00033264
0.941667,0.0916667,-0.000612479,-0.000609502,0.000864073
0.941667,0.108333,-0.00100189,-0.0011985,0.00156211
0.941667,0.125,-0.00141092,-0.00199376,0.0024425
0.941667,0.141667,-0.00183275,-0.00300605,0.0035207
0.941667,0.158333,-0.00226526,-0.00424444,0.0048111
0.941667,0.175,-0.00270967,-0.00571792,0.00632747
0.941667,0.191667,-0.00316953,-0.00743656,0.00808383
0.941667,0.208333,-0.00365007,-0.00941241,0.0100954
0.941667,0.225,-0.00415759,-0.0116602,0.0123792
0.941667,0.241667,-0.00469917,-0.0141977,0.0149552
0.941667,0.258333,-0.00528238,-0.0170463,0.017846
0.941667,0.275,-0.00591506,-0.0202307,0.0210777
0.941667,0.291667,-0.00660519,-0.0237796,0.0246799
0.941667,0.308333,-0.00736075,-0.0277252,0.0286857
0.941667,0.325,-0.00818964,-0.0321035,0.0331316
0.941667,0.341667,-0.00909956,-0.0369539,0.0380578
0.941667,0.358333,-0.0100979,-0.0423191,0.0435072
0.941667,0.375,-0.0111917,-0.0482448,0.0495259
0.941667,0.391667,-0.0123874,-0.0547792,0.0561624
0.941667,0.408333,-0.0136909,-0.0619728,0.063467
0.941667,0.425,-0.0151071,-0.0698772,0.0714916
0.941667,0.441667,-0.0166399,-0.0785451,0.0802884
0.941667,0.458333,-0.0182922,-0.0880289,0.0899094
0.941667,0.475,-0.0200652,-0.0983799,0.100405
0.941667,0.491667,-0.0219581,-0.109647,0.111824
0.941667,0.508333,-0.0239686,-0.121875,0.124209
0.941667,0.525,-0.0260916,-0.135104,0.1376
0.941667,0.541667,-0.0283196,-0.149366,0.152027
0.941667,0.558333,-0.0306424,-0.164685,0.167512
0.941667,0.575,-0.0330465,-0.181074,0.184065
0.941667,0.591667,-0.0355156,-0.198531,0.201683
0.941667,0.608333,-0.0380303,-0.217041,0.220348
0.941667,0.625,-0.0405681,-0.236569,0.240023
0.941667,0.641667,-0.043104,-0.257062,0.26065
0.941667,0.658333,-0.0456108,-0.278441,0.282152
0.941667,0.675,-0.0480594,-0.300604,0.304422
0.941667,0.691667,-0.0504196,-0.323421,0.327327
0.941667,0.708333,-0.0526606,-0.346727,0.350704
0.941667,0.725,-0.0547514,-0.370324,0.374349
0.941667,0.741667,-0.0566605,-0.393965,0.398019
0.941667,0.758333,-0.0583543,-0.417352,0.421412
0.941667,0.775,-0.0597932,-0.440111,0.444155
0.941667,0.791667,-0.060923,-0.461773,0.465775
0.941667,0.808333,-0.061657,-0.481725,0.485655
0.941667,0.825,-0.0618413,-0.499144,0.50296
0.941667,0.841667,-0.0611875,-0.512894,0.516531
0.941667,0.858333,-0.0591429,-0.521366,0.52471
0.941667,0.875,-0.0546434,-0.522249,0.5251
0.941667,0.891667,-0.045647,-0.512246,0.514276
0.941667,0.908333,-0.0282686,-0.486803,0.487624
0.941667,0.925,0.00476915,-0.440136,0.440162
0.941667,0.941667,0.0667416,-0.366287,0.372318
0.941667,0.958333,0.180805,-0.262874,0.319051
0.941667,0.975,0.384284,-0.140347,0.40911
0.941667,0.991667,0.72912,-0.0384073,0.730131
0.958333,0.00833333,0.00014112,3.79224e-05,0.000146127
0.958333,0.025,0.000250605,0.000131705,0.000283106
0.958333,0.0416667,0.000230558,0.000225427,0.000322451
0.958333,0.0583333,0.000122713,0.00025886,0.000286474
0.958333,0.075,-4.02336e-05,0.000191305,0.00019549
0.958333,0.0916667,-0.000235525,-4.37147e-06,0.000235565
0.958333,0.108333,-0.000448614,-0.000345666,0.000566338
0.958333,0.125,-0.00067102,-0.000843639,0.00107796
0.958333,0.141667,-0.000898533,-0.00150553,0.00175328
0.958333,0.158333,-0.00112989,-0.00233678,0.00259561
0.958333,0.175,-0.00136583,-0.00334256,0.00361084
0.958333,0.191667,-0.00160846,-0.00452888,0.00480603
0.958333,0.208333,-0.00186082,-0.00590339,0.00618972
0.958333,0.225,-0.00212655,-0.00747592,0.00777249
0.958333,0.241667,-0.00240971,-0.00925889,0.00956733
0.958333,0.258333,-0.00271463,-0.0112676,0.01159
0.958333,0.275,-0.00304577,-0.0135202,0.013859
0.958333,0.291667,-0.00340768,-0.0160381,0.0163962
0.958333,0.308333,-0.00380496,-0.0188458,0.0192261
0.958333,0.325,-0.00424214,-0.0219708,0.0223766
0.958333,0.341667,-0.00472373,-0.0254437,0.0258785
0.958333,0.358333,-0.00525413,-0.0292981,0.0297655
0.958333,0.375,-0.00583759,-0.0335703,0.034074
0.958333,0.391667,-0.00647816,-0.0382991,0.0388432
0.958333,0.408333,-0.00717966,-0.043526,0.0441142
0.958333,0.425,-0.00794558,-0.0492942,0.0499305
0.958333,0.441667,-0.00877899,-0.0556487,0.0563369
0.958333,0.458333,-0.00968246,-0.0626356,0.0633795
0.958333,0.475,-0.010658,-0.0703015,0.0711048
0.958333,0.491667,-0.0117067,-0.0786932,0.0795592
0.958333,0.508333,-0.0128289,-0.0878562,0.0887879
0.958333,0.525,-0.014024,-0.0978345,0.0988345
0.958333,0.541667,-0.0152902,-0.108669,0.10974
0.958333,0.558333,-0.0166244,-0.120397,0.12154
0.958333,0.575,-0.0180223,-0.133051,0.134266
0.958333,0.591667,-0.0194782,-0.146655,0.147943
0.958333,0.608333,-0.0209852,-0.161227,0.162587
0.958333,0.625,-0.0225354,-0.176777,0.178207
0.958333,0.641667,-0.0241199,-0.193301,0.1948
0.958333,0.658333,-0.0257294,-0.210788,0.212352
0.958333,0.675,-0.027355,-0.22921,0.230837
0.958333,0.691667,-0.0289884,-0.248529,0.250214
0.958333,0.708333,-0.0306235,-0.268691,0.27043
0.958333,0.725,-0.0322575,-0.289625,0.291416
0.958333,0.741667,-0.033892,-0.311247,0.313086
0.958333,0.758333,-0.0355354,-0.333447,0.335336
0.958333,0.775,-0.0372039,-0.356096,0.358034
0.958333,0.791667,-0.0389228,-0.379024,0.381017
0.958333,0.808333,-0.040725,-0.402005,0.404063
0.958333,0.825,-0.0426444,-0.424715,0.426851
0.958333,0.841667,-0.044695,-0.446654,0.448885
0.958333,0.858333,-0.0468161,-0.467002,0.469343
0.958333,0.875,-0.0487398,-0.48435,0.486796
0.958333,0.891667,-0.0496756,-0.496228,0.498708
0.958333,0.908333,-0.0475791,-0.498332,0.500598
0.958333,0.925,-0.0374999,-0.48342,0.484873
0.958333,0.941667,-0.00796226,-0.440296,0.440368
0.958333,0.958333,0.0666061,-0.354807,0.361005
0.958333,0.975,0.240586,-0.219439,0.32563
0.958333,0.991667,0.621076,-0.0696368,0.624968
0.975,0.00833333,6.73821e-05,3.57823e-05,7.62937e-05
0.975,0.025,0.000133103,0.000133173,0.000188285
0.975,0.0416667,0.00013493,0.000252515,0.000286304
0.975,0.0583333,9.36978e-05,0.000343659,0.000356204
0.975,0.075,2.69367e-05,0.000372994,0.000373966
0.975,0.0916667,-5.36265e-05,0.00031954,0.000324009
0.975,0.108333,-0.000140907,0.00017117,0.000221707
0.975,0.125,-0.000230999,-7.86404e-05,0.000244018
0.975,0.141667,-0.00032208,-0.000433277,0.000539874
0.975,0.158333,-0.000413674,-0.000894742,0.000985743
0.975,0.175,-0.00050618,-0.00146487,0.00154986
0.975,0.191667,-0.000600563,-0.00214613,0.00222857
0.975,0.208333,-0.000698162,-0.0029422,0.0030239
0.975,0.225,-0.000800554,-0.00385835,0.00394053
0.975,0.241667,-0.000909471,-0.00490163,0.00498529
0.975,0.258333,-0.00102674,-0.0060811,0.00616717
0.975,0.275,-0.00115425,-0.00740788,0.00749726
0.975,0.291667,-0.00129393,-0.00889522,0.00898884
0.975,0.308333,-0.00144769,-0.0105586,0.0106573
0.975,0.325,-0.00161748,-0.0124155,0.0125204
0.975,0.341667,-0.00180523,-0.0144857,0.0145978
0.975,0.358333,-0.00201282,-0.0167911,0.0169113
0.975,0.375,-0.00224215,-0.0193557,0.0194851
0.975,0.391667,-0.00249505,-0.0222053,0.022345
0.975,0.408333,-0.00277327,-0.0253679,0.025519
0.975,0.425,-0.00307853,-0.0288731,0.0290367
0.975,0.441667,-0.0034124,-0.0327522,0.0329295
0.975,0.458333,-0.00377632,-0.037038,0.03723
0.975,0.475,-0.00417159,-0.0417645,0.0419723
0.975,0.491667,-0.00459924,-0.0469665,0.0471912
0.975,0.508333,-0.00506009,-0.0526797,0.0529221
0.975,0.525,-0.00555462,-0.0589395,0.0592007
0.975,0.541667,-0.00608298,-0.0657815,0.0660621
0.975,0.558333,-0.00664494,-0.07324,0.0735409
0.975,0.575,-0.0072399,-0.0813484,0.08167
0.975,0.591667,-0.00786686,-0.0901379,0.0904806
0.975,0.608333,-0.00852451,-0.0996374,0.100001
0.975,0.625,-0.00921128,-0.109873,0.110258
0.975,0.641667,-0.00992556,-0.120866,0.121273
0.975,0.658333,-0.0106659,-0.132638,0.133066
0.975,0.675,-0.0114314,-0.145203,0.145652
0.975,0.691667,-0.0122222,-0.158573,0.159044
0.975,0.708333,-0.0130403,-0.172762,0.173253
0.975,0.725,-0.0138904,-0.187777,0.18829
0.975,0.741667,-0.0147816,-0.203634,0.20417
0.975,0.758333,-0.0157291,-0.22035,0.22091
0.975,0.775,-0.0167571,-0.237954,0.238544
0.975,0.791667,-0.0179028,-0.256493,0.257117
0.975,0.808333,-0.0192215,-0.276036,0.276704
0.975,0.825,-0.0207947,-0.296679,0.297407
0.975,0.841667,-0.0227387,-0.318547,0.319357
0.975,0.858333,-0.0252132,-0.341758,0.342687
0.975,0.875,-0.0284143,-0.36634,0.36744
0.975,0.891667,-0.0325085,-0.391954,0.3933
0.975,0.908333,-0.0373601,-0.417237,0.418906
0.975,0.925,-0.0416173,-0.43825,0.440222
0.975,0.941667,-0.0399125,-0.445307,0.447092
0.975,0.958333,-0.0146945,-0.417546,0.417804
0.975,0.975,0.0873951,-0.318423,0.330198
0.975,0.991667,0.428741,-0.122699,0.445952
0.991667,0.00833333,1.57915e-05,1.57831e-05,2.23267e-05
0.991667,0.025,3.57391e-05,6.7297e-05,7.61983e-05
0.991667,0.0416667,3.85892e-05,0.000141609,0.000146772
0.991667,0.0583333,3.01361e-05,0.000210318,0.000212466
0.991667,0.075,1.54974e-05,0.000255935,0.000256404
0.991667,0.0916667,-2.1309e-06,0.000269286,0.000269295
0.991667,0.108333,-2.09652e-05,0.000246176,0.000247067
0.991667,0.125,-4.00963e-05,0.000185101,0.000189394
0.991667,0.141667,-5.9138e-05,8.58541e-05,0.000104251
0.991667,0.158333,-7.80183e-05,-5.13133e-05,9.33804e-05
0.991667,0.175,-9.68571e-05,-0.000226199,0.000246063
0.991667,0.191667,-0.000115893,-0.000438957,0.000453999
0.991667,0.208333,-0.000135439,-0.000690296,0.000703458
0.991667,0.225,-0.000155853,-0.000981594,0.000993889
0.991667,0.241667,-0.000177523,-0.00131497,0.0013269
0.991667,0.258333,-0.000200853,-0.00169335,0.00170522
0.991667,0.275,-0.000226258,-0.00212046,0.0021325
0.991667,0.291667,-0.000254159,-0.00260088,0.00261327
0.991667,0.308333,-0.00028498,-0.00314001,0.00315292
0.991667,0.325,-0.000319146,-0.00374414,0.00375771
0.991667,0.341667,-0.000357085,-0.00442036,0.00443476
0.991667,0.358333,-0.000399222,-0.00517666,0.00519203
0.991667,0.375,-0.000445984,-0.00602185,0.00603835
0.991667,0.391667,-0.000497793,-0.00696562,0.00698338
0.991667,0.408333,-0.000555069,-0.00801847,0.00803766
0.991667,0.425,-0.000618226,-0.00919175,0.00921252
0.991667,0.441667,-0.000687666,-0.0104976,0.0105201
0.991667,0.458333,-0.000763776,-0.011949,0.0119734
0.991667,0.475,-0.000846922,-0.0135597,0.0135862
0.991667,0.491667,-0.000937441,-0.0153441,0.0153727
0.991667,0.508333,-0.00103564,-0.0173171,0.0173481
0.991667,0.525,-0.00114177,-0.0194945,0.0195279
0.991667,0.541667,-0.00125604,-0.0218923,0.0219283
0.991667,0.558333,-0.00137862,-0.0245269,0.0245657
0.991667,0.575,-0.00150959,-0.0274151,0.0274567
0.991667,0.591667,-0.00164902,-0.0305737,0.0306182
0.991667,0.608333,-0.00179692,-0.0340197,0.0340671
0.991667,0.625,-0.00195331,-0.0377699,0.0378204
0.991667,0.641667,-0.00211822,-0.0418414,0.041895
0.991667,0.658333,-0.00229181,-0.0462515,0.0463082
0.991667,0.675,-0.00247445,-0.0510177,0.0510777
0.991667,0.691667,-0.00266686,-0.0561591,0.0562223
0.991667,0.708333,-0.00287034,-0.0616963,0.061763
0.991667,0.725,-0.0030871,-0.0676537,0.0677241
0.991667,0.741667,-0.00332069,-0.0740616,0.074136
0.991667,0.758333,-0.00357677,-0.0809591,0.081038
0.991667,0.775,-0.00386412,-0.0884,0.0884844
0.991667,0.791667,-0.00419632,-0.0964605,0.0965517
0.991667,0.808333,-0.00459452,-0.105251,0.105352
0.991667,0.825,-0.00509188,-0.114938,0.115051
0.991667,0.841667,-0.00574135,-0.125771,0.125902
0.991667,0.858333,-0.00662879,-0.138141,0.1383
0.991667,0.875,-0.00789431,-0.152665,0.152869
0.991667,0.891667,-0.00975979,-0.170319,0.170598
0.991667,0.908333,-0.0125335,-0.192612,0.193019
0.991667,0.925,-0.0164486,-0.221594,0.222204
0.991667,0.941667,-0.020788,-0.258831,0.259664
0.991667,0.958333,-0.0203962,-0.300015,0.300708
0.991667,0.975,0.00718485,-0.313227,0.313309
0.991667,0.991667,0.153021,-0.153021,0.216404
