0.00833333,0.00833333,6.61941e-05,-6.6258e-05,9.36578e-05
0.00833333,0.025,0.000207486,-0.000340065,0.000398365
0.00833333,0.0416667,0.000273967,-0.000821645,0.000866117
0.00833333,0.0583333,0.000274227,-0.00136997,0.00139714
0.00833333,0.075,0.000224025,-0.00186835,0.00188173
0.00833333,0.0916667,0.000132295,-0.00222479,0.00222872
0.00833333,0.108333,2.36377e-06,-0.00235958,0.00235958
0.00833333,0.125,-0.000164706,-0.00219737,0.00220353
0.00833333,0.141667,-0.000367393,-0.0016654,0.00170544
0.00833333,0.158333,-0.000601987,-0.000696153,0.000920335
0.00833333,0.175,-0.000861749,0.00076745,0.00115395
0.00833333,0.191667,-0.00113683,0.00276589,0.00299041
0.00833333,0.208333,-0.00141478,0.00531736,0.00550236
0.00833333,0.225,-0.00168152,0.00841353,0.00857992
0.00833333,0.241667,-0.00192256,0.0120175,0.0121703
0.00833333,0.258333,-0.00212424,0.0160641,0.016204
0.00833333,0.275,-0.00227489,0.0204631,0.0205892
0.00833333,0.291667,-0.00236568,0.0251036,0.0252148
0.00833333,0.308333,-0.00239118,0.0298603,0.0299559
0.00833333,0.325,-0.00234952,0.0346009,0.0346806
0.00833333,0.341667,-0.00224228,0.0391926,0.0392566
0.00833333,0.358333,-0.00207405,0.0435088,0.0435582
0.00833333,0.375,-0.00185195,0.0474346,0.0474708
0.00833333,0.391667,-0.00158493,0.0508714,0.0508961
0.00833333,0.408333,-0.0012831,0.0537393,0.0537547
0.00833333,0.425,-0.000957176,0.0559795,0.0559877
0.00833333,0.441667,-0.000617869,0.0575545,0.0575578
0.00833333,0.458333,-0.000275487,0.0584478,0.0584484
0.00833333,0.475,6.04222e-05,0.0586627,0.0586628
0.00833333,0.491667,0.000381307,0.0582209,0.0582222
0.00833333,0.508333,0.000679774,0.0571598,0.0571638
0.00833333,0.525,0.000949677,0.0555303,0.0555384
0.00833333,0.541667,0.00118616,0.0533944,0.0534075
0.00833333,0.558333,0.00138566,0.0508225,0.0508414
0.00833333,0.575,0.00154588,0.0478909,0.0479158
0.00833333,0.591667,0.00166576,0.0446792,0.0447102
0.00833333,0.608333,0.00174541,0.041268,0.0413049
0.00833333,0.625,0.00178603,0.0377365,0.0377787
0.00833333,0.641667,0.00178981,0.0341606,0.0342074
0.00833333,0.658333,0.00175981,0.0306109,0.0306614
0.00833333,0.675,0.00169977,0.0271512,0.0272044
0.00833333,0.691667,0.00161395,0.0238374,0.023892
0.00833333,0.708333,0.00150683,0.0207165,0.0207713
0.00833333,0.725,0.0013829,0.0178267,0.0178803
0.00833333,0.741667,0.00124626,0.0151975,0.0152485
0.00833333,0.758333,0.00110017,0.012851,0.012898
0.00833333,0.775,0.000946391,0.0108043,0.0108457
0.00833333,0.791667,0.000783803,0.00907404,0.00910783
0.00833333,0.808333,0.000606057,0.00768408,0.00770795
0.00833333,0.825,0.000397237,0.00668069,0.00669249
0.00833333,0.841667,0.000124652,0.00615871,0.00615997
0.00833333,0.858333,-0.000272465,0.00630642,0.0063123
0.00833333,0.875,-0.000899866,0.00747864,0.00753259
0.00833333,0.891667,-0.00193302,0.0103114,0.010491
0.00833333,0.908333,-0.00365331,0.0158977,0.016312
0.00833333,0.925,-0.00650361,0.0260545,0.0268539
0.00833333,0.941667,-0.0111926,0.0437505,0.0451595
0.00833333,0.958333,-0.0190239,0.0739669,0.0763741
0.00833333,0.975,-0.0393465,0.132337,0.138063
0.00833333,0.991667,0.0858417,0.0858418,0.121399
0.025,0.00833333,0.000338758,-0.000206434,0.000396701
0.025,0.025,0.000848353,-0.000846313,0.00119831
0.025,0.0416667,0.00106497,-0.00179686,0.00208874
0.025,0.0583333,0.00102427,-0.00278984,0.00297193
0.025,0.075,0.000774972,-0.00359271,0.00367534
0.025,0.0916667,0.000348147,-0.00400332,0.00401843
0.025,0.108333,-0.00024012,-0.00384216,0.00384965
0.025,0.125,-0.000979386,-0.00294746,0.00310592
0.025,0.141667,-0.00185653,-0.00117588,0.00219759
0.025,0.158333,-0.0028504,0.00159217,0.00326493
0.025,0.175,-0.00392956,0.00544452,0.00671447
0.025,0.191667,-0.00505262,0.0104294,0.0115889
0.025,0.208333,-0.00617069,0.0165494,0.0176624
0.025,0.225,-0.00723097,0.0237583,0.0248343
0.025,0.241667,-0.00818101,0.031962,0.0329924
0.025,0.258333,-0.00897286,0.0410221,0.041992
0.025,0.275,-0.00956648,0.050763,0.0516566
0.025,0.291667,-0.00993228,0.0609805,0.0617841
0.025,0.308333,-0.0100525,0.0714514,0.0721551
0.025,0.325,-0.00992118,0.0819435,0.0825419
0.025,0.341667,-0.009544,0.092225,0.0927175
0.025,0.358333,-0.00893634,0.102073,0.102463
0.025,0.375,-0.00812171,0.111278,0.111574
0.025,0.391667,-0.00712965,0.119656,0.119868
0.025,0.408333,-0.00599366,0.127043,0.127184
0.025,0.425,-0.0047494,0.133306,0.13339
0.025,0.441667,-0.00343303,0.138338,0.13838
0.025,0.458333,-0.00207998,0.142064,0.142079
0.025,0.475,-0.000723922,0.144438,0.144439
0.025,0.491667,0.000603836,0.145441,0.145442
0.025,0.508333,0.00187485,0.145085,0.145097
0.025,0.525,0.0030638,0.143405,0.143437
0.025,0.541667,0.00414865,0.140464,0.140525
0.025,0.558333,0.00511078,0.136348,0.136444
0.025,0.575,0.00593512,0.131165,0.131299
0.025,0.591667,0.00661027,0.125043,0.125218
0.025,0.608333,0.00712868,0.118126,0.118341
0.025,0.625,0.00748686,0.110574,0.110827
0.025,0.641667,0.00768545,0.102553,0.10284
0.025,0.658333,0.00772929,0.0942373,0.0945538
0.025,0.675,0.00762718,0.0857999,0.0861383
0.025,0.691667,0.00739144,0.0774087,0.0777608
0.025,0.708333,0.00703708,0.0692216,0.0695784
0.025,0.725,0.00658064,0.0613833,0.0617351
0.025,0.741667,0.00603853,0.0540224,0.0543588
0.025,0.758333,0.00542478,0.0472518,0.0475622
0.025,0.775,0.00474762,0.0411725,0.0414453
0.025,0.791667,0.00400397,0.0358812,0.0361039
0.025,0.808333,0.00317034,0.0314865,0.0316457
0.025,0.825,0.00218778,0.0281349,0.0282198
0.025,0.841667,0.00093886,0.0260519,0.0260688
0.025,0.858333,-0.00078513,0.0256025,0.0256145
0.025,0.875,-0.00332824,0.0273711,0.0275727
0.025,0.891667,-0.00722634,0.0322598,0.0330592
0.025,0.908333,-0.0132766,0.0415899,0.0436576
0.025,0.925,-0.0226084,0.0571608,0.0614695
0.025,0.941667,-0.0366812,0.081058,0.0889714
0.025,0.958333,-0.0568409,0.114147,0.127516
0.025,0.975,-0.0756293,0.129876,0.150292
0.025,0.991667,0.23509,0.0634063,0.24349
0.0416667,0.00833333,0.000811634,-0.00026657,0.000854289
0.0416667,0.025,0.0017921,-0.00104356,0.0020738
0.0416667,0.0416667,0.0021414,-0.00211345,0.00300869
0.0416667,0.0583333,0.00194994,-0.00312281,0.0036816
0.0416667,0.075,0.00130428,-0.00377517,0.00399413
0.0416667,0.0916667,0.00026476,-0.00381075,0.00381993
0.0416667,0.108333,-0.00112838,-0.00300052,0.00320567
0.0416667,0.125,-0.00284059,-0.00114601,0.00306305
0.0416667,0.141667,-0.00483007,0.00191688,0.00519654
0.0416667,0.158333,-0.00703977,0.00631149,0.00945481
0.0416667,0.175,-0.00939478,0.0121135,0.0153296
0.0416667,0.191667,-0.0118044,0.0193454,0.0226625
0.0416667,0.208333,-0.0141678,0.027974,0.0313571
0.0416667,0.225,-0.0163807,0.0379116,0.0412991
0.0416667,0.241667,-0.0183436,0.0490199,0.0523396
0.0416667,0.258333,-0.0199685,0.0611177,0.0642971
0.0416667,0.275,-0.0211842,0.0739899,0.0769628
0.0416667,0.291667,-0.02194,0.0873976,0.0901094
0.0416667,0.308333,-0.0222067,0.101088,0.103499
0.0416667,0.325,-0.0219768,0.114806,0.11689
0.0416667,0.341667,-0.0212624,0.128298,0.130048
0.0416667,0.358333,-0.0200924,0.141325,0.142746
0.0416667,0.375,-0.0185092,0.153662,0.154773
0.0416667,0.391667,-0.0165652,0.165107,0.165936
0.0416667,0.408333,-0.0143191,0.175481,0.176064
0.0416667,0.425,-0.0118333,0.184628,0.185007
0.0416667,0.441667,-0.00917137,0.192418,0.192636
0.0416667,0.458333,-0.00639579,0.198745,0.198848
0.0416667,0.475,-0.00356706,0.203531,0.203562
0.0416667,0.491667,-0.000742567,0.206717,0.206718
0.0416667,0.508333,0.00202376,0.20827,0.20828
0.0416667,0.525,0.00468175,0.208183,0.208236
0.0416667,0.541667,0.00718502,0.20647,0.206595
0.0416667,0.558333,0.00949111,0.203169,0.20339
0.0416667,0.575,0.0115616,0.198345,0.198681
0.0416667,0.591667,0.0133627,0.192088,0.192552
0.0416667,0.608333,0.0148656,0.184515,0.185113
0.0416667,0.625,0.0160475,0.17577,0.176501
0.0416667,0.641667,0.0168925,0.166023,0.16688
0.0416667,0.658333,0.0173928,0.155468,0.156438
0.0416667,0.675,0.0175491,0.14432,0.145383
0.0416667,0.691667,0.0173714,0.132809,0.13394
0.0416667,0.708333,0.0168777,0.121175,0.122345
0.0416667,0.725,0.0160932,0.10966,0.110835
0.0416667,0.741667,0.0150466,0.0985001,0.0996427
0.0416667,0.758333,0.0137655,0.0879216,0.0889927
0.0416667,0.775,0.0122685,0.0781392,0.0790965
0.0416667,0.791667,0.0105541,0.0693593,0.0701577
0.0416667,0.808333,0.0085826,0.0617914,0.0623846
0.0416667,0.825,0.00624982,0.0556685,0.0560183
0.0416667,0.841667,0.00335033,0.0512778,0.0513871
0.0416667,0.858333,-0.000469297,0.0489997,0.049002
0.0416667,0.875,-0.00576398,0.0493508,0.0496863
0.0416667,0.891667,-0.0133442,0.0530155,0.0546691
0.0416667,0.908333,-0.0243137,0.0608401,0.0655184
0.0416667,0.925,-0.0400046,0.0737022,0.0838593
0.0416667,0.941667,-0.0613102,0.0918302,0.110416
0.0416667,0.958333,-0.0842854,0.110815,0.139226
0.0416667,0.975,-0.0554702,0.10237,0.116433
0.0416667,0.991667,0.341133,0.0426374,0.343788
0.0583333,0.00833333,0.00133699,-0.000258916,0.00136183
0.0583333,0.025,0.0027711,-0.000986538,0.00294147
0.0583333,0.0416667,0.00315874,-0.00191326,0.003693
0.0583333,0.0583333,0.00266891,-0.00264047,0.00375435
0.0583333,0.075,0.0014336,-0.00283665,0.00317834
0.0583333,0.0916667,-0.000451151,-0.00221474,0.00226023
0.0583333,0.108333,-0.0029106,-0.000527098,0.00295794
0.0583333,0.125,-0.00587236,0.00243213,0.00635609
0.0583333,0.141667,-0.00925084,0.00682152,0.011494
0.0583333,0.158333,-0.0129386,0.0127463,0.0181625
0.0583333,0.175,-0.0168051,0.0202532,0.0263173
0.0583333,0.191667,-0.0207015,0.0293284,0.0358986
0.0583333,0.208333,-0.0244698,0.0398986,0.0468046
0.0583333,0.225,-0.0279532,0.0518355,0.0588923
0.0583333,0.241667,-0.0310072,0.0649631,0.0719836
0.0583333,0.258333,-0.0335079,0.079068,0.085875
0.0583333,0.275,-0.0353592,0.0939098,0.100346
0.0583333,0.291667,-0.0364957,0.109232,0.115168
0.0583333,0.308333,-0.0368839,0.124774,0.130112
0.0583333,0.325,-0.0365205,0.140278,0.144954
0.0583333,0.341667,-0.0354291,0.155496,0.159481
0.0583333,0.358333,-0.0336552,0.170198,0.173494
0.0583333,0.375,-0.0312621,0.184176,0.186811
0.0583333,0.391667,-0.0283247,0.197243,0.199266
0.0583333,0.408333,-0.0249256,0.209235,0.210715
0.0583333,0.425,-0.0211511,0.220013,0.221027
0.0583333,0.441667,-0.0170876,0.229457,0.230092
0.0583333,0.458333,-0.0128197,0.237469,0.237815
0.0583333,0.475,-0.00842871,0.243969,0.244115
0.0583333,0.491667,-0.0039921,0.248894,0.248926
0.0583333,0.508333,0.000416946,0.252196,0.252197
0.0583333,0.525,0.00472909,0.253843,0.253887
0.0583333,0.541667,0.00887847,0.253816,0.253971
0.0583333,0.558333,0.0128022,0.252112,0.252437
0.0583333,0.575,0.0164401,0.248746,0.249289
0.0583333,0.591667,0.0197348,0.243753,0.24455
0.0583333,0.608333,0.0226321,0.237187,0.238264
0.0583333,0.625,0.0250822,0.22913,0.230499
0.0583333,0.641667,0.027041,0.219694,0.221352
0.0583333,0.658333,0.0284725,0.209021,0.210951
0.0583333,0.675,0.0293507,0.197288,0.199459
0.0583333,0.691667,0.0296618,0.184707,0.187073
0.0583333,0.708333,0.0294056,0.171522,0.174024
0.0583333,0.725,0.0285953,0.158007,0.160574
0.0583333,0.741667,0.0272549,0.144456,0.147005
0.0583333,0.758333,0.0254134,0.131179,0.133618
0.0583333,0.775,0.0230947,0.118487,0.120716
0.0583333,0.791667,0.0203007,0.106694,0.108608
0.0583333,0.808333,0.0169875,0.09611,0.0975997
0.0583333,0.825,0.0130305,0.087047,0.0880169
0.0583333,0.841667,0.00818093,0.0798263,0.0802444
0.0583333,0.858333,0.00201548,0.0747887,0.0748159
0.0583333,0.875,-0.0061108,0.0722995,0.0725573
0.0583333,0.891667,-0.0170961,0.0727334,0.0747156
0.0583333,0.908333,-0.0320733,0.0764202,0.0828779
0.0583333,0.925,-0.0521521,0.0834649,0.0984186
0.0583333,0.941667,-0.0767275,0.0929015,0.12049
0.0583333,0.958333,-0.0931667,0.0982154,0.135375
0.0583333,0.975,-0.0194872,0.0795575,0.0819094
0.0583333,0.991667,0.414106,0.030335,0.415215
0.075,0.00833333,0.00180497,-0.000209188,0.00181705
0.075,0.025,0.00358447,-0.000763174,0.00366482
0.075,0.0416667,0.00387378,-0.00136512,0.00410728
0.075,0.0583333,0.0029215,-0.0016058,0.00333373
0.075,0.075,0.0009104,-0.00113926,0.00145834
0.075,0.0916667,-0.00202098,0.000331607,0.00204801
0.075,0.108333,-0.00575413,0.00305707,0.0065158
0.075,0.125,-0.0101676,0.0072363,0.0124797
0.075,0.141667,-0.0151202,0.0130112,0.0199477
0.075,0.158333,-0.0204437,0.0204606,0.0289237
0.075,0.175,-0.0259439,0.0295974,0.0393585
0.075,0.191667,-0.0314091,0.0403683,0.0511481
0.075,0.208333,-0.0366226,0.0526582,0.0641412
0.075,0.225,-0.0413769,0.0662976,0.07815
0.075,0.241667,-0.0454869,0.0810731,0.0929619
0.075,0.258333,-0.0487997,0.0967395,0.108351
0.075,0.275,-0.0512019,0.113032,0.124088
0.075,0.291667,-0.0526224,0.129679,0.139949
0.075,0.308333,-0.0530315,0.146411,0.155719
0.075,0.325,-0.052438,0.162972,0.171201
0.075,0.341667,-0.0508836,0.179126,0.186213
0.075,0.358333,-0.0484363,0.194659,0.200594
0.075,0.375,-0.0451834,0.209383,0.214203
0.075,0.391667,-0.0412252,0.223138,0.226914
0.075,0.408333,-0.0366684,0.235789,0.238623
0.075,0.425,-0.0316216,0.247224,0.249238
0.075,0.441667,-0.0261916,0.257355,0.258684
0.075,0.458333,-0.020481,0.266108,0.266895
0.075,0.475,-0.0145864,0.273426,0.273815
0.075,0.491667,-0.00859863,0.279265,0.279398
0.075,0.508333,-0.0026026,0.283589,0.283601
0.075,0.525,0.00332159,0.286369,0.286389
0.075,0.541667,0.00909753,0.287585,0.287729
0.075,0.558333,0.0146512,0.287221,0.287594
0.075,0.575,0.0199098,0.285267,0.285961
0.075,0.591667,0.0248008,0.281725,0.282815
0.075,0.608333,0.0292518,0.276605,0.278148
0.075,0.625,0.0331907,0.269933,0.271966
0.075,0.641667,0.0365468,0.261755,0.264294
0.075,0.658333,0.0392529,0.252142,0.255179
0.075,0.675,0.0412482,0.241197,0.244699
0.075,0.691667,0.0424814,0.229061,0.232967
0.075,0.708333,0.0429143,0.215917,0.22014
0.075,0.725,0.0425243,0.201994,0.206422
0.075,0.741667,0.0413044,0.187566,0.19206
0.075,0.758333,0.0392605,0.172947,0.177347
0.075,0.775,0.0364016,0.158485,0.162611
0.075,0.791667,0.0327239,0.144547,0.148205
0.075,0.808333,0.0281837,0.131511,0.134498
0.075,0.825,0.0226615,0.119747,0.121872
0.075,0.841667,0.015916,0.109601,0.110751
0.075,0.858333,0.00753698,0.101382,0.101662
0.075,0.875,-0.00309207,0.0953311,0.0953812
0.075,0.891667,-0.0168029,0.0915851,0.0931137
0.075,0.908333,-0.0345802,0.0901117,0.0965189
0.075,0.925,-0.0571302,0.0905517,0.107068
0.075,0.941667,-0.082058,0.0914235,0.122849
0.075,0.958333,-0.0884561,0.0867293,0.123881
0.075,0.975,0.0174284,0.0637608,0.0660999
0.075,0.991667,0.467307,0.0228663,0.467866
0.0916667,0.00833333,0.00215286,-0.000138834,0.00215734
0.0916667,0.025,0.00410179,-0.000450316,0.00412644
0.0916667,0.0416667,0.0041244,-0.000616561,0.00417023
0.0916667,0.0583333,0.00253401,-0.000239265,0.00254528
0.0916667,0.075,-0.00043616,0.00102799,0.00111669
0.0916667,0.0916667,-0.00460002,0.00348246,0.00576955
0.0916667,0.108333,-0.00978745,0.0073691,0.0122514
0.0916667,0.125,-0.0158186,0.0128739,0.0203952
0.0916667,0.141667,-0.0224871,0.0201167,0.0301721
0.0916667,0.158333,-0.0295553,0.0291456,0.0415088
0.0916667,0.175,-0.0367585,0.0399346,0.0542767
0.0916667,0.191667,-0.043818,0.0523869,0.0682964
0.0916667,0.208333,-0.050458,0.066341,0.0833495
0.0916667,0.225,-0.0564226,0.0815824,0.0991928
0.0916667,0.241667,-0.0614913,0.0978568,0.115573
0.0916667,0.258333,-0.0654896,0.114885,0.13224
0.0916667,0.275,-0.0682958,0.132376,0.148955
0.0916667,0.291667,-0.069842,0.150042,0.165501
0.0916667,0.308333,-0.0701122,0.16761,0.181683
0.0916667,0.325,-0.0691359,0.184827,0.197334
0.0916667,0.341667,-0.0669806,0.201468,0.21231
0.0916667,0.358333,-0.0637431,0.217339,0.226493
0.0916667,0.375,-0.0595398,0.232278,0.239787
0.0916667,0.391667,-0.0544992,0.246153,0.252114
0.0916667,0.408333,-0.0487537,0.258861,0.263412
0.0916667,0.425,-0.0424349,0.270324,0.273635
0.0916667,0.441667,-0.0356688,0.280484,0.282743
0.0916667,0.458333,-0.0285733,0.2893,0.290708
0.0916667,0.475,-0.0212573,0.296745,0.297505
0.0916667,0.491667,-0.0138207,0.302799,0.303114
0.0916667,0.508333,-0.0063549,0.307449,0.307515
0.0916667,0.525,0.00105544,0.310687,0.310689
0.0916667,0.541667,0.00833047,0.312505,0.312616
0.0916667,0.558333,0.0153932,0.312894,0.313273
0.0916667,0.575,0.0221672,0.311848,0.312635
0.0916667,0.591667,0.028575,0.309358,0.310675
0.0916667,0.608333,0.0345367,0.305419,0.307366
0.0916667,0.625,0.0399686,0.300028,0.302679
0.0916667,0.641667,0.0447839,0.293191,0.296592
0.0916667,0.658333,0.0488931,0.284927,0.289092
0.0916667,0.675,0.0522062,0.275274,0.280181
0.0916667,0.691667,0.0546358,0.264298,0.269886
0.0916667,0.708333,0.0561012,0.2521,0.258267
0.0916667,0.725,0.0565326,0.238828,0.245427
0.0916667,0.741667,0.0558742,0.224678,0.231521
0.0916667,0.758333,0.0540855,0.209902,0.216758
0.0916667,0.775,0.0511365,0.194804,0.201404
0.0916667,0.791667,0.0469968,0.179734,0.185776
0.0916667,0.808333,0.0416134,0.165067,0.170231
0.0916667,0.825,0.0348789,0.151184,0.155155
0.0916667,0.841667,0.0265898,0.138438,0.140968
0.0916667,0.858333,0.0164054,0.127115,0.128169
0.0916667,0.875,0.00381825,0.117387,0.117449
0.0916667,0.891667,-0.0118413,0.109261,0.109901
0.0916667,0.908333,-0.031323,0.102515,0.107194
0.0916667,0.925,-0.0549064,0.096594,0.111109
0.0916667,0.941667,-0.0785626,0.0900027,0.119468
0.0916667,0.958333,-0.0753774,0.0781226,0.108558
0.0916667,0.975,0.0523602,0.0530803,0.0745594
0.0916667,0.991667,0.508262,0.0180883,0.508583
0.108333,0.00833333,0.00235397,-6.23999e-05,0.0023548
0.108333,0.025,0.00425236,-0.000102846,0.00425361
0.108333,0.0416667,0.00381285,0.000224128,0.00381943
0.108333,0.0583333,0.00139427,0.00129787,0.00190485
0.108333,0.075,-0.00272383,0.00345778,0.00440176
0.108333,0.0916667,-0.00830465,0.00699537,0.0108583
0.108333,0.108333,-0.0151196,0.0121452,0.0193935
0.108333,0.125,-0.0229212,0.0190749,0.02982
0.108333,0.141667,-0.0314284,0.0278757,0.0420095
0.108333,0.158333,-0.0403246,0.0385573,0.055792
0.108333,0.175,-0.0492679,0.0510468,0.0709444
0.108333,0.191667,-0.0579089,0.0651947,0.0871998
0.108333,0.208333,-0.0659127,0.0807859,0.104263
0.108333,0.225,-0.0729788,0.0975551,0.121831
0.108333,0.241667,-0.0788586,0.115204,0.139609
0.108333,0.258333,-0.0833653,0.133419,0.157322
0.108333,0.275,-0.0863794,0.151887,0.174731
0.108333,0.291667,-0.0878476,0.170309,0.191631
0.108333,0.308333,-0.0877774,0.188412,0.207855
0.108333,0.325,-0.0862286,0.205953,0.223275
0.108333,0.341667,-0.0833024,0.222726,0.237794
0.108333,0.358333,-0.0791301,0.238564,0.251345
0.108333,0.375,-0.0738619,0.253334,0.263882
0.108333,0.391667,-0.0676565,0.266938,0.275378
0.108333,0.408333,-0.0606736,0.279307,0.285821
0.108333,0.425,-0.0530669,0.290395,0.295204
0.108333,0.441667,-0.0449802,0.300178,0.30353
0.108333,0.458333,-0.0365449,0.308645,0.310801
0.108333,0.475,-0.0278795,0.315794,0.317023
0.108333,0.491667,-0.0190897,0.321632,0.322198
0.108333,0.508333,-0.01027,0.326165,0.326327
0.108333,0.525,-0.00150607,0.329404,0.329407
0.108333,0.541667,0.00712302,0.331355,0.331431
0.108333,0.558333,0.015542,0.332024,0.332388
0.108333,0.575,0.0236765,0.331412,0.332257
0.108333,0.591667,0.0314509,0.329516,0.331014
0.108333,0.608333,0.0387855,0.326331,0.328628
0.108333,0.625,0.045595,0.321847,0.32506
0.108333,0.641667,0.051787,0.316054,0.320269
0.108333,0.658333,0.0572617,0.308947,0.314208
0.108333,0.675,0.0619123,0.300525,0.306836
0.108333,0.691667,0.065627,0.290804,0.298117
0.108333,0.708333,0.0682916,0.279819,0.288032
0.108333,0.725,0.0697939,0.26764,0.276591
0.108333,0.741667,0.0700282,0.254374,0.263838
0.108333,0.758333,0.0688996,0.240182,0.249869
0.108333,0.775,0.0663246,0.225277,0.234838
0.108333,0.791667,0.0622279,0.209928,0.218957
0.108333,0.808333,0.0565299,0.194448,0.202498
0.108333,0.825,0.0491245,0.179168,0.185781
0.108333,0.841667,0.039849,0.164409,0.169169
0.108333,0.858333,0.0284507,0.150427,0.153094
0.108333,0.875,0.014565,0.137363,0.138133
0.108333,0.891667,-0.00227583,0.125177,0.125197
0.108333,0.908333,-0.0225642,0.113598,0.115817
0.108333,0.925,-0.0462107,0.102064,0.112038
0.108333,0.941667,-0.0679368,0.0893338,0.112232
0.108333,0.958333,-0.0569492,0.0721597,0.0919251
0.108333,0.975,0.0852808,0.0458529,0.0968261
0.108333,0.991667,0.541268,0.014918,0.541473
0.125,0.00833333,0.00240424,1.20073e-05,0.00240427
0.125,0.025,0.00400722,0.000247081,0.00401483
0.125,0.0416667,0.00288641,0.00109144,0.00308587
0.125,0.0583333,-0.000569164,0.0029073,0.00296249
0.125,0.075,-0.00603775,0.0060245,0.0085293
0.125,0.0916667,-0.0132287,0.0107246,0.0170299
0.125,0.108333,-0.021847,0.017226,0.0278214
0.125,0.125,-0.0315671,0.0256695,0.0406867
0.125,0.141667,-0.0420213,0.0361072,0.0554032
0.125,0.158333,-0.0528039,0.0484975,0.0716956
0.125,0.175,-0.0634885,0.0627075,0.0892358
0.125,0.191667,-0.0736532,0.0785242,0.107661
0.125,0.208333,-0.0829067,0.095671,0.126596
0.125,0.225,-0.090912,0.113829,0.145678
0.125,0.241667,-0.0974026,0.132657,0.164576
0.125,0.258333,-0.102192,0.151813,0.183003
0.125,0.275,-0.105176,0.170968,0.200729
0.125,0.291667,-0.106328,0.189822,0.217573
0.125,0.308333,-0.10569,0.208113,0.233412
0.125,0.325,-0.103362,0.225617,0.248167
0.125,0.341667,-0.0994848,0.242159,0.261798
0.125,0.358333,-0.0942305,0.257604,0.274297
0.125,0.375,-0.0877851,0.271857,0.285679
0.125,0.391667,-0.0803393,0.284859,0.295972
0.125,0.408333,-0.0720783,0.296578,0.305211
0.125,0.425,-0.0631764,0.307003,0.313436
0.125,0.441667,-0.0537923,0.316142,0.320685
0.125,0.458333,-0.0440673,0.324009,0.326992
0.125,0.475,-0.0341258,0.330629,0.332385
0.125,0.491667,-0.0240759,0.336024,0.336885
0.125,0.508333,-0.0140122,0.340219,0.340507
0.125,0.525,-0.00401827,0.343235,0.343258
0.125,0.541667,0.00583025,0.345088,0.345138
0.125,0.558333,0.0154623,0.345792,0.346137
0.125,0.575,0.0248083,0.345351,0.346241
0.125,0.591667,0.0337972,0.343769,0.345426
0.125,0.608333,0.0423536,0.34104,0.34366
0.125,0.625,0.0503954,0.337156,0.340901
0.125,0.641667,0.0578316,0.332103,0.337101
0.125,0.658333,0.0645609,0.325867,0.3322
0.125,0.675,0.0704705,0.318431,0.326135
0.125,0.691667,0.0754369,0.309784,0.318836
0.125,0.708333,0.0793265,0.299923,0.310236
0.125,0.725,0.0819987,0.288863,0.300276
0.125,0.741667,0.0833098,0.276642,0.288914
0.125,0.758333,0.083118,0.263334,0.27614
0.125,0.775,0.081288,0.249057,0.261987
0.125,0.791667,0.077694,0.233976,0.246538
0.125,0.808333,0.0722172,0.218303,0.229938
0.125,0.825,0.0647375,0.202282,0.212389
0.125,0.841667,0.0551167,0.18616,0.194148
0.125,0.858333,0.043178,0.170146,0.17554
0.125,0.875,0.0286924,0.154356,0.157
0.125,0.891667,0.0113869,0.138752,0.139218
0.125,0.908333,-0.00899483,0.123098,0.123427
0.125,0.925,-0.0320844,0.106936,0.111645
0.125,0.941667,-0.0517512,0.0893542,0.103259
0.125,0.958333,-0.0348222,0.0682155,0.0765894
0.125,0.975,0.116714,0.0409621,0.123693
0.125,0.991667,0.568959,0.012773,0.569102
0.141667,0.00833333,0.00231055,8.15552e-05,0.00231199
0.141667,0.025,0.0033601,0.000587034,0.00341099
0.141667,0.0416667,0.00131754,0.00195842,0.00236036
0.141667,0.0583333,-0.00340551,0.00454752,0.00568133
0.141667,0.075,-0.0104457,0.00867435,0.0135778
0.141667,0.0916667,-0.0194526,0.0146057,0.0243255
0.141667,0.108333,-0.0300537,0.0225346,0.0375637
0.141667,0.125,-0.0418313,0.0325617,0.0530105
0.141667,0.141667,-0.054317,0.0446836,0.0703346
0.141667,0.158333,-0.0670057,0.0587906,0.0891409
0.141667,0.175,-0.079382,0.0746756,0.108986
0.141667,0.191667,-0.0909535,0.0920525,0.129407
0.141667,0.208333,-0.101281,0.11058,0.149953
0.141667,0.225,-0.110004,0.129889,0.170212
0.141667,0.241667,-0.116853,0.149604,0.189831
0.141667,0.258333,-0.121656,0.169363,0.208528
0.141667,0.275,-0.12434,0.188835,0.226095
0.141667,0.291667,-0.124916,0.207731,0.242397
0.141667,0.308333,-0.123472,0.225811,0.257363
0.141667,0.325,-0.120157,0.242883,0.27098
0.141667,0.341667,-0.115159,0.258811,0.283275
0.141667,0.358333,-0.108692,0.273501,0.294307
0.141667,0.375,-0.10098,0.286903,0.304155
0.141667,0.391667,-0.0922441,0.299001,0.312906
0.141667,0.408333,-0.0826931,0.309802,0.320648
0.141667,0.425,-0.0725176,0.319332,0.327463
0.141667,0.441667,-0.0618862,0.327629,0.333423
0.141667,0.458333,-0.0509457,0.334733,0.338588
0.141667,0.475,-0.0398212,0.340688,0.343007
0.141667,0.491667,-0.028619,0.345531,0.346714
0.141667,0.508333,-0.0174297,0.349297,0.349731
0.141667,0.525,-0.00633138,0.352011,0.352068
0.141667,0.541667,0.00460621,0.353695,0.353725
0.141667,0.558333,0.0153183,0.35436,0.354691
0.141667,0.575,0.0257415,0.354011,0.354945
0.141667,0.591667,0.0358106,0.352647,0.35446
0.141667,0.608333,0.0454558,0.35026,0.353197
0.141667,0.625,0.0545996,0.346838,0.351109
0.141667,0.641667,0.0631548,0.342363,0.34814
0.141667,0.658333,0.0710225,0.336815,0.344222
0.141667,0.675,0.0780903,0.330169,0.339279
0.141667,0.691667,0.0842314,0.322402,0.333224
0.141667,0.708333,0.0893044,0.31349,0.325962
0.141667,0.725,0.0931544,0.303417,0.317395
0.141667,0.741667,0.0956155,0.292176,0.307424
0.141667,0.758333,0.0965148,0.279781,0.295961
0.141667,0.775,0.0956783,0.266271,0.28294
0.141667,0.791667,0.0929369,0.251719,0.268328
0.141667,0.808333,0.0881326,0.236233,0.252138
0.141667,0.825,0.0811206,0.219956,0.234438
0.141667,0.841667,0.0717675,0.203043,0.215353
0.141667,0.858333,0.0599452,0.185639,0.195077
0.141667,0.875,0.0455268,0.167827,0.173893
0.141667,0.891667,0.0283952,0.149589,0.15226
0.141667,0.908333,0.00848208,0.130757,0.131031
0.141667,0.925,-0.0136541,0.111011,0.111848
0.141667,0.941667,-0.0313426,0.089754,0.0950691
0.141667,0.958333,-0.0100081,0.0656697,0.0664279
0.141667,0.975,0.147168,0.0376543,0.151909
0.141667,0.991667,0.59304,0.0113079,0.593147
0.158333,0.00833333,0.00208164,0.000147226,0.00208684
0.158333,0.025,0.00231115,0.000919351,0.0024873
0.158333,0.0416667,-0.000913358,0.00282756,0.00297141
0.158333,0.0583333,-0.00715642,0.00622,0.00948171
0.158333,0.075,-0.0160076,0.0114058,0.0196554
0.158333,0.0916667,-0.0270454,0.0186289,0.0328404
0.158333,0.108333,-0.0398038,0.0280428,0.0486903
0.158333,0.125,-0.053755,0.0396893,0.0668194
0.158333,0.141667,-0.0683154,0.0534893,0.0867646
0.158333,0.158333,-0.0828728,0.0692475,0.107996
0.158333,0.175,-0.0968243,0.0866716,0.12995
0.158333,0.191667,-0.109617,0.1054,0.152069
0.158333,0.208333,-0.120779,0.125032,0.173841
0.158333,0.225,-0.129942,0.145158,0.194823
0.158333,0.241667,-0.136853,0.165382,0.214662
0.158333,0.258333,-0.141371,0.185337,0.2331
0.158333,0.275,-0.143465,0.204704,0.249972
0.158333,0.291667,-0.1432,0.223217,0.265201
0.158333,0.308333,-0.140719,0.240668,0.278788
0.158333,0.325,-0.136225,0.256909,0.290791
0.158333,0.341667,-0.129958,0.271849,0.301316
0.158333,0.358333,-0.122178,0.285445,0.310494
0.158333,0.375,-0.113145,0.297695,0.318471
0.158333,0.391667,-0.103108,0.308627,0.325395
0.158333,0.408333,-0.0922935,0.31829,0.331401
0.158333,0.425,-0.0809032,0.326745,0.336612
0.158333,0.441667,-0.0691103,0.334058,0.341132
0.158333,0.458333,-0.0570604,0.340293,0.345044
0.158333,0.475,-0.0448741,0.345506,0.348408
0.158333,0.491667,-0.0326507,0.349747,0.351268
0.158333,0.508333,-0.0204722,0.353056,0.353649
0.158333,0.525,-0.00840787,0.35546,0.35556
0.158333,0.541667,0.00348161,0.356978,0.356995
0.158333,0.558333,0.0151399,0.357616,0.357937
0.158333,0.575,0.0265114,0.357374,0.358356
0.158333,0.591667,0.0375378,0.356241,0.358213
0.158333,0.608333,0.0481552,0.354201,0.357459
0.158333,0.625,0.0582913,0.351232,0.356036
0.158333,0.641667,0.0678631,0.347306,0.353874
0.158333,0.658333,0.0767748,0.342394,0.350896
0.158333,0.675,0.0849161,0.336461,0.347012
0.158333,0.691667,0.0921607,0.329474,0.342121
0.158333,0.708333,0.0983658,0.321395,0.336111
0.158333,0.725,0.103372,0.31219,0.328859
0.158333,0.741667,0.107002,0.301826,0.320232
0.158333,0.758333,0.10907,0.290279,0.310094
0.158333,0.775,0.109377,0.277535,0.29831
0.158333,0.791667,0.107727,0.263598,0.284762
0.158333,0.808333,0.10393,0.248496,0.269354
0.158333,0.825,0.0978172,0.232279,0.252035
0.158333,0.841667,0.089245,0.215017,0.232803
0.158333,0.858333,0.078106,0.196783,0.211717
0.158333,0.875,0.064334,0.177626,0.188918
0.158333,0.891667,0.0479155,0.157537,0.164663
0.158333,0.908333,0.0289102,0.136421,0.139451
0.158333,0.925,0.00799238,0.114091,0.114371
0.158333,0.941667,-0.00783752,0.0901967,0.0905365
0.158333,0.958333,0.0167659,0.0640016,0.0661612
0.158333,0.975,0.17701,0.0354007,0.180515
0.158333,0.991667,0.614646,0.0102985,0.614732
0.175,0.00833333,0.00172205,0.000212242,0.00173508
0.175,0.025,0.00085541,0.00125521,0.00151897
0.175,0.0416667,-0.00382968,0.00371881,0.00533816
0.175,0.0583333,-0.0118644,0.00795047,0.014282
0.175,0.075,-0.0227783,0.0142432,0.0268649
0.175,0.0916667,-0.0360602,0.0228052,0.0426663
0.175,0.108333,-0.0511284,0.0337304,0.0612524
0.175,0.125,-0.0673257,0.046979,0.0820961
0.175,0.141667,-0.0839417,0.0623759,0.10458
0.175,0.158333,-0.100257,0.0796278,0.128031
0.175,0.175,-0.115592,0.0983549,0.151773
0.175,0.191667,-0.129351,0.118128,0.175173
0.175,0.208333,-0.141051,0.138501,0.197681
0.175,0.225,-0.150337,0.15904,0.218849
0.175,0.241667,-0.156986,0.179345,0.238347
0.175,0.258333,-0.160907,0.199059,0.25596
0.175,0.275,-0.162123,0.217886,0.271585
0.175,0.291667,-0.160762,0.235595,0.285218
0.175,0.308333,-0.157033,0.25202,0.29694
0.175,0.325,-0.151197,0.267065,0.306894
0.175,0.341667,-0.143551,0.28069,0.315268
0.175,0.358333,-0.134398,0.292906,0.322268
0.175,0.375,-0.124032,0.303763,0.328109
0.175,0.391667,-0.112723,0.313332,0.332992
0.175,0.408333,-0.100713,0.321704,0.3371
0.175,0.425,-0.0882049,0.328969,0.340589
0.175,0.441667,-0.0753703,0.335218,0.343587
0.175,0.458333,-0.0623472,0.340531,0.346191
0.175,0.475,-0.0492458,0.344976,0.348473
0.175,0.491667,-0.0361533,0.348609,0.350478
0.175,0.508333,-0.0231391,0.351469,0.35223
0.175,0.525,-0.0102602,0.353584,0.353733
0.175,0.541667,0.00243434,0.354967,0.354975
0.175,0.558333,0.014899,0.355617,0.355929
0.175,0.575,0.0270877,0.355524,0.356554
0.175,0.591667,0.0389503,0.354668,0.3568
0.175,0.608333,0.0504298,0.353021,0.356605
0.175,0.625,0.0614594,0.350548,0.355895
0.175,0.641667,0.0719607,0.347207,0.354586
0.175,0.658333,0.0818409,0.342956,0.352586
0.175,0.675,0.0909922,0.337746,0.349789
0.175,0.691667,0.0992896,0.331529,0.346078
0.175,0.708333,0.106591,0.324254,0.341324
0.175,0.725,0.112735,0.315871,0.335386
0.175,0.741667,0.117544,0.30633,0.328108
0.175,0.758333,0.120824,0.295582,0.319323
0.175,0.775,0.122368,0.283581,0.308856
0.175,0.791667,0.121966,0.270287,0.296531
0.175,0.808333,0.119409,0.255672,0.282182
0.175,0.825,0.114507,0.23972,0.265664
0.175,0.841667,0.107104,0.222433,0.246876
0.175,0.858333,0.097091,0.203823,0.225766
0.175,0.875,0.0844261,0.183903,0.202356
0.175,0.891667,0.0691479,0.162667,0.176754
0.175,0.908333,0.0513862,0.140075,0.149203
0.175,0.925,0.0318742,0.116046,0.120344
0.175,0.941667,0.0178138,0.0904075,0.0921458
0.175,0.958333,0.0449101,0.0628068,0.0772115
0.175,0.975,0.206453,0.0338206,0.209205
0.175,0.991667,0.634535,0.0095907,0.634607
0.191667,0.00833333,0.00122911,0.000280574,0.00126073
0.191667,0.025,-0.001023,0.00160871,0.00190644
0.191667,0.0416667,-0.00746369,0.00465728,0.00879755
0.191667,0.0583333,-0.0175742,0.00976915,0.0201069
0.191667,0.075,-0.0308023,0.0172098,0.0352839
0.191667,0.0916667,-0.0465208,0.0271321,0.0538548
0.191667,0.108333,-0.0640073,0.0395462,0.0752385
0.191667,0.125,-0.0824574,0.0543079,0.0987348
0.191667,0.141667,-0.101031,0.0711313,0.123559
0.191667,0.158333,-0.118912,0.0896229,0.148904
0.191667,0.175,-0.135367,0.109326,0.174001
0.191667,0.191667,-0.149783,0.129761,0.198173
0.191667,0.208333,-0.161688,0.150457,0.220862
0.191667,0.225,-0.170758,0.170976,0.241643
0.191667,0.241667,-0.176819,0.190925,0.260226
0.191667,0.258333,-0.179836,0.209972,0.276458
0.191667,0.275,-0.179902,0.227852,0.290313
0.191667,0.291667,-0.177217,0.244377,0.301871
0.191667,0.308333,-0.17206,0.259434,0.311305
0.191667,0.325,-0.164761,0.27298,0.318848
0.191667,0.341667,-0.155668,0.285036,0.324774
0.191667,0.358333,-0.145129,0.295668,0.329366
0.191667,0.375,-0.133463,0.304973,0.332898
0.191667,0.391667,-0.120958,0.313069,0.335624
0.191667,0.408333,-0.107858,0.320077,0.337761
0.191667,0.425,-0.0943629,0.326115,0.339492
0.191667,0.441667,-0.0806341,0.331288,0.340959
0.191667,0.458333,-0.0667956,0.335687,0.342268
0.191667,0.475,-0.052942,0.339387,0.343491
0.191667,0.491667,-0.0391445,0.342442,0.344672
0.191667,0.508333,-0.0254567,0.34489,0.345828
0.191667,0.525,-0.0119207,0.346753,0.346958
0.191667,0.541667,0.00142828,0.348037,0.34804
0.191667,0.558333,0.0145568,0.348736,0.349039
0.191667,0.575,0.0274296,0.348829,0.349906
0.191667,0.591667,0.0400061,0.348287,0.350577
0.191667,0.608333,0.0522376,0.347071,0.35098
0.191667,0.625,0.0640639,0.345132,0.351027
0.191667,0.641667,0.0754118,0.342416,0.350622
0.191667,0.658333,0.0861927,0.338865,0.349655
0.191667,0.675,0.0963011,0.334414,0.348004
0.191667,0.691667,0.105614,0.328998,0.345535
0.191667,0.708333,0.113989,0.322551,0.3421
0.191667,0.725,0.121266,0.315004,0.337539
0.191667,0.741667,0.127267,0.306289,0.331678
0.191667,0.758333,0.131797,0.296341,0.324327
0.191667,0.775,0.134647,0.28509,0.315287
0.191667,0.791667,0.135599,0.272472,0.304349
0.191667,0.808333,0.134439,0.258424,0.291302
0.191667,0.825,0.130963,0.242889,0.275947
0.191667,0.841667,0.125001,0.225823,0.258111
0.191667,0.858333,0.116432,0.207195,0.237668
0.191667,0.875,0.105212,0.186987,0.214555
0.191667,0.891667,0.0913902,0.165195,0.18879
0.191667,0.908333,0.0751177,0.141813,0.160479
0.191667,0.925,0.0571481,0.116835,0.130063
0.191667,0.941667,0.0448152,0.0901985,0.100718
0.191667,0.958333,0.0739176,0.0617899,0.0963421
0.191667,0.975,0.235581,0.0326398,0.237832
0.191667,0.991667,0.653201,0.00907514,0.653264
0.208333,0.00833333,0.000592658,0.000355753,0.000691234
0.208333,0.025,-0.00335124,0.00199206,0.00389861
0.208333,0.0416667,-0.0118549,0.00566271,0.0131379
0.208333,0.0583333,-0.0243264,0.011694,0.0269912
0.208333,0.075,-0.0401019,0.020305,0.0449495
0.208333,0.0916667,-0.0584065,0.0315678,0.0663917
0.208333,0.108333,-0.0783516,0.0453836,0.0905464
0.208333,0.125,-0.0989771,0.0614857,0.11652
0.208333,0.141667,-0.119323,0.0794747,0.143368
0.208333,0.158333,-0.138505,0.0988691,0.170173
0.208333,0.175,-0.155764,0.119157,0.196114
0.208333,0.191667,-0.170497,0.139833,0.220505
0.208333,0.208333,-0.182261,0.160424,0.242806
0.208333,0.225,-0.19078,0.180499,0.262634
0.208333,0.241667,-0.195935,0.199687,0.27976
0.208333,0.258333,-0.197763,0.217684,0.294103
0.208333,0.275,-0.196437,0.234266,0.305725
0.208333,0.291667,-0.192236,0.249295,0.314806
0.208333,0.308333,-0.185519,0.262717,0.321617
0.208333,0.325,-0.176683,0.274551,0.326489
0.208333,0.341667,-0.166129,0.284877,0.329778
0.208333,0.358333,-0.154239,0.293816,0.331839
0.208333,0.375,-0.141355,0.301512,0.333002
0.208333,0.391667,-0.127768,0.308117,0.333558
0.208333,0.408333,-0.113717,0.313779,0.33375
0.208333,0.425,-0.0993918,0.31863,0.333772
0.208333,0.441667,-0.0849337,0.322786,0.333773
0.208333,0.458333,-0.0704483,0.326339,0.333856
0.208333,0.475,-0.0560104,0.32936,0.334089
0.208333,0.491667,-0.041672,0.331901,0.334507
0.208333,0.508333,-0.0274693,0.333993,0.335121
0.208333,0.525,-0.0134284,0.335651,0.335919
0.208333,0.541667,0.000429737,0.336873,0.336873
0.208333,0.558333,0.0140846,0.337645,0.337939
0.208333,0.575,0.0275124,0.337941,0.339059
0.208333,0.591667,0.0406831,0.337724,0.340165
0.208333,0.608333,0.0535569,0.336944,0.341174
0.208333,0.625,0.066082,0.335546,0.341991
0.208333,0.641667,0.0781918,0.333463,0.342508
0.208333,0.658333,0.0898032,0.330624,0.342603
0.208333,0.675,0.100815,0.326951,0.342141
0.208333,0.691667,0.111106,0.32236,0.34097
0.208333,0.708333,0.120537,0.316768,0.338926
0.208333,0.725,0.128946,0.310088,0.33583
0.208333,0.741667,0.136156,0.302234,0.331488
0.208333,0.758333,0.14197,0.293122,0.325693
0.208333,0.775,0.14618,0.282666,0.318227
0.208333,0.791667,0.148568,0.270781,0.308861
0.208333,0.808333,0.148913,0.257387,0.29736
0.208333,0.825,0.147007,0.242403,0.283496
0.208333,0.841667,0.142666,0.225759,0.26706
0.208333,0.858333,0.135755,0.207399,0.247878
0.208333,0.875,0.126208,0.187288,0.225843
0.208333,0.891667,0.114059,0.165416,0.200928
0.208333,0.908333,0.0994441,0.141803,0.173197
0.208333,0.925,0.083115,0.116487,0.143099
0.208333,0.941667,0.0725089,0.089463,0.115157
0.208333,0.958333,0.103347,0.0607483,0.119879
0.208333,0.975,0.264386,0.031664,0.266275
0.208333,0.991667,0.67095,0.00867422,0.671006
0.225,0.00833333,-0.000203345,0.000440127,0.000484831
0.225,0.025,-0.00616395,0.00241229,0.00661917
0.225,0.0416667,-0.0170433,0.00674246,0.0183285
0.225,0.0583333,-0.032147,0.0137199,0.0349523
0.225,0.075,-0.0506633,0.0234907,0.0558443
0.225,0.0916667,-0.0716359,0.0360183,0.0801812
0.225,0.108333,-0.0939928,0.0510729,0.106972
0.225,0.125,-0.116625,0.0682598,0.135133
0.225,0.141667,-0.138483,0.0870782,0.163585
0.225,0.158333,-0.158647,0.106985,0.191349
0.225,0.175,-0.176368,0.127442,0.217594
0.225,0.191667,-0.191072,0.147943,0.241652
0.225,0.208333,-0.20236,0.168026,0.263026
0.225,0.225,-0.210009,0.187279,0.281384
0.225,0.241667,-0.213969,0.205354,0.296569
0.225,0.258333,-0.214356,0.221984,0.308586
0.225,0.275,-0.211434,0.236991,0.317599
0.225,0.291667,-0.205574,0.250297,0.323897
0.225,0.308333,-0.197217,0.261912,0.327861
0.225,0.325,-0.186827,0.27192,0.329916
0.225,0.341667,-0.174851,0.28046,0.330501
0.225,0.358333,-0.161699,0.287703,0.33003
0.225,0.375,-0.14772,0.293832,0.328874
0.225,0.391667,-0.1332,0.299024,0.327349
0.225,0.408333,-0.118364,0.303441,0.325709
0.225,0.425,-0.103377,0.307221,0.324148
0.225,0.441667,-0.0883607,0.310478,0.322807
0.225,0.458333,-0.0733949,0.313299,0.321781
0.225,0.475,-0.0585325,0.315746,0.321126
0.225,0.491667,-0.0438056,0.317861,0.320865
0.225,0.508333,-0.0292324,0.319666,0.321
0.225,0.525,-0.0148235,0.321167,0.321509
0.225,0.541667,-0.000586205,0.322356,0.322357
0.225,0.558333,0.0134713,0.323213,0.323494
0.225,0.575,0.0273364,0.323707,0.324859
0.225,0.591667,0.0409896,0.323794,0.326378
0.225,0.608333,0.0544009,0.323423,0.327967
0.225,0.625,0.0675278,0.322532,0.329525
0.225,0.641667,0.0803122,0.321048,0.330941
0.225,0.658333,0.0926787,0.318891,0.332086
0.225,0.675,0.104532,0.315972,0.332814
0.225,0.691667,0.115757,0.312195,0.332965
0.225,0.708333,0.126214,0.30746,0.332358
0.225,0.725,0.135746,0.301662,0.330798
0.225,0.741667,0.144173,0.294698,0.328075
0.225,0.758333,0.1513,0.286464,0.323965
0.225,0.775,0.156914,0.276857,0.318232
0.225,0.791667,0.160796,0.265779,0.310635
0.225,0.808333,0.162725,0.253133,0.300925
0.225,0.825,0.162484,0.238829,0.28886
0.225,0.841667,0.159879,0.222783,0.274215
0.225,0.858333,0.154756,0.204928,0.256798
0.225,0.875,0.147024,0.185221,0.23648
0.225,0.891667,0.136683,0.16365,0.213222
0.225,0.908333,0.123832,0.14025,0.187095
0.225,0.925,0.109211,0.115082,0.158653
0.225,0.941667,0.10036,0.0881598,0.133582
0.225,0.958333,0.132816,0.0595543,0.145556
0.225,0.975,0.292795,0.0307608,0.294406
0.225,0.991667,0.687958,0.00833374,0.688008
0.241667,0.00833333,-0.00117814,0.000534551,0.00129374
0.241667,0.025,-0.00949685,0.00286985,0.009921
0.241667,0.0416667,-0.0230592,0.00788823,0.0243711
0.241667,0.0583333,-0.0410339,0.0158134,0.0439755
0.241667,0.075,-0.0624215,0.0266875,0.0678871
0.241667,0.0916667,-0.0860563,0.0403382,0.0950414
0.241667,0.108333,-0.110682,0.0563933,0.124221
0.241667,0.125,-0.13507,0.0743401,0.154176
0.241667,0.141667,-0.158122,0.0936051,0.183751
0.241667,0.158333,-0.178927,0.113618,0.211953
0.241667,0.175,-0.196771,0.133844,0.237976
0.241667,0.191667,-0.211119,0.153793,0.261197
0.241667,0.208333,-0.221622,0.17302,0.281162
0.241667,0.225,-0.228113,0.191133,0.297603
0.241667,0.241667,-0.23062,0.207813,0.310439
0.241667,0.258333,-0.229356,0.222835,0.319781
0.241667,0.275,-0.224685,0.236079,0.325909
0.241667,0.291667,-0.21708,0.24753,0.329233
0.241667,0.308333,-0.207064,0.257267,0.330245
0.241667,0.325,-0.195162,0.265441,0.329465
0.241667,0.341667,-0.18186,0.272245,0.327399
0.241667,0.358333,-0.167578,0.27789,0.324508
0.241667,0.375,-0.152664,0.282585,0.321186
0.241667,0.391667,-0.137384,0.286522,0.317757
0.241667,0.408333,-0.121938,0.289863,0.314467
0.241667,0.425,-0.106463,0.292743,0.311501
0.241667,0.441667,-0.0910514,0.295262,0.308982
0.241667,0.458333,-0.0757582,0.297495,0.30699
0.241667,0.475,-0.0606129,0.299492,0.305564
0.241667,0.491667,-0.045628,0.30128,0.304716
0.241667,0.508333,-0.0308056,0.302871,0.304433
0.241667,0.525,-0.0161423,0.304262,0.30469
0.241667,0.541667,-0.0016335,0.305439,0.305443
0.241667,0.558333,0.0127232,0.306378,0.306642
0.241667,0.575,0.0269255,0.307043,0.308222
0.241667,0.591667,0.0409634,0.307393,0.310111
0.241667,0.608333,0.0548171,0.307374,0.312224
0.241667,0.625,0.068454,0.306923,0.314464
0.241667,0.641667,0.0818261,0.305967,0.31672
0.241667,0.658333,0.0948676,0.304421,0.318861
0.241667,0.675,0.107492,0.302191,0.32074
0.241667,0.691667,0.119591,0.299174,0.322191
0.241667,0.708333,0.131033,0.295256,0.323026
0.241667,0.725,0.141661,0.29032,0.323038
0.241667,0.741667,0.151297,0.284246,0.322004
0.241667,0.758333,0.159745,0.276911,0.319684
0.241667,0.775,0.166789,0.268198,0.31583
0.241667,0.791667,0.172206,0.257992,0.310185
0.241667,0.808333,0.175767,0.246186,0.302493
0.241667,0.825,0.177251,0.23268,0.292503
0.241667,0.841667,0.176451,0.217386,0.279985
0.241667,0.858333,0.173192,0.200234,0.264743
0.241667,0.875,0.167353,0.181177,0.246642
0.241667,0.891667,0.158893,0.160209,0.225641
0.241667,0.908333,0.147861,0.13737,0.201825
0.241667,0.925,0.134989,0.11273,0.175869
0.241667,0.941667,0.12794,0.086295,0.154322
0.241667,0.958333,0.161999,0.0581371,0.172115
0.241667,0.975,0.320698,0.0298442,0.322083
0.241667,0.991667,0.704309,0.00801719,0.704354
0.258333,0.00833333,-0.00235121,0.000638394,0.00243634
0.258333,0.025,-0.0133794,0.0033585,0.0137945
0.258333,0.0416667,-0.0299125,0.00907581,0.0312591
0.258333,0.0583333,-0.0509443,0.0179141,0.0540022
0.258333,0.075,-0.0752503,0.029779,0.0809284
0.258333,0.0916667,-0.101443,0.0443431,0.110711
0.258333,0.108333,-0.128104,0.0610956,0.141927
0.258333,0.125,-0.153934,0.0794339,0.17322
0.258333,0.141667,-0.17784,0.0987513,0.203418
0.258333,0.158333,-0.198956,0.118486,0.231565
0.258333,0.175,-0.216609,0.138126,0.256901
0.258333,0.191667,-0.230308,0.157204,0.278846
0.258333,0.208333,-0.239748,0.175291,0.296995
0.258333,0.225,-0.244827,0.192018,0.311145
0.258333,0.241667,-0.245667,0.207098,0.321313
0.258333,0.258333,-0.24259,0.220357,0.32773
0.258333,0.275,-0.236076,0.231738,0.330809
0.258333,0.291667,-0.226703,0.241301,0.33109
0.258333,0.308333,-0.215072,0.249195,0.329172
0.258333,0.325,-0.201761,0.255628,0.325658
0.258333,0.341667,-0.187275,0.260839,0.321106
0.258333,0.358333,-0.172036,0.265067,0.316002
0.258333,0.375,-0.156368,0.268534,0.310744
0.258333,0.391667,-0.140511,0.271429,0.305643
0.258333,0.408333,-0.124629,0.273907,0.300928
0.258333,0.425,-0.108828,0.276085,0.29676
0.258333,0.441667,-0.0931673,0.278046,0.29324
0.258333,0.458333,-0.0776765,0.279847,0.290427
0.258333,0.475,-0.0623636,0.28152,0.288345
0.258333,0.491667,-0.0472238,0.283079,0.286991
0.258333,0.508333,-0.0322453,0.284523,0.286345
0.258333,0.525,-0.0174138,0.285844,0.286374
0.258333,0.541667,-0.0027154,0.28702,0.287033
0.258333,0.558333,0.0118609,0.288026,0.28827
0.258333,0.575,0.0263209,0.288828,0.290024
0.258333,0.591667,0.0406635,0.289382,0.292225
0.258333,0.608333,0.0548781,0.289641,0.294794
0.258333,0.625,0.0689424,0.289542,0.297637
0.258333,0.641667,0.0828193,0.289017,0.300649
0.258333,0.658333,0.0964545,0.287983,0.303707
0.258333,0.675,0.109773,0.286345,0.306666
0.258333,0.691667,0.122677,0.283997,0.30936
0.258333,0.708333,0.135042,0.28082,0.311603
0.258333,0.725,0.146719,0.276688,0.313182
0.258333,0.741667,0.157534,0.271467,0.313865
0.258333,0.758333,0.167288,0.265022,0.313404
0.258333,0.775,0.175762,0.257219,0.311535
0.258333,0.791667,0.182728,0.247929,0.30799
0.258333,0.808333,0.187947,0.237033,0.302504
0.258333,0.825,0.191186,0.224424,0.294819
0.258333,0.841667,0.192223,0.210011,0.2847
0.258333,0.858333,0.190862,0.193721,0.271949
0.258333,0.875,0.186949,0.175513,0.256426
0.258333,0.891667,0.180397,0.155381,0.238089
0.258333,0.908333,0.171204,0.133373,0.217023
0.258333,0.925,0.160102,0.109556,0.193998
0.258333,0.941667,0.154911,0.0839066,0.176175
0.258333,0.958333,0.190624,0.0564673,0.198812
0.258333,0.975,0.347968,0.0288636,0.349164
0.258333,0.991667,0.720027,0.00770129,0.720068
0.275,0.00833333,-0.00373941,0.000749689,0.00381382
0.275,0.025,-0.0178277,0.00386581,0.018242
0.275,0.0416667,-0.0375826,0.0102666,0.0389597
0.275,0.0583333,-0.0617847,0.0199385,0.0649223
0.275,0.075,-0.0889585,0.032622,0.0947513
0.275,0.0916667,-0.117505,0.0478284,0.126866
0.275,0.108333,-0.145897,0.0649314,0.159694
0.275,0.125,-0.172828,0.0832808,0.191847
0.275,0.141667,-0.197262,0.102279,0.222201
0.275,0.158333,-0.218388,0.121399,0.249862
0.275,0.175,-0.235579,0.140161,0.274121
0.275,0.191667,-0.248371,0.158115,0.29443
0.275,0.208333,-0.256506,0.174849,0.310431
0.275,0.225,-0.259961,0.190014,0.322001
0.275,0.241667,-0.258966,0.203366,0.329274
0.275,0.258333,-0.253974,0.214791,0.332623
0.275,0.275,-0.245589,0.224307,0.332607
0.275,0.291667,-0.234491,0.232045,0.329895
0.275,0.308333,-0.221352,0.23822,0.325185
0.275,0.325,-0.206784,0.24309,0.319143
0.275,0.341667,-0.191297,0.246924,0.312355
0.275,0.358333,-0.175292,0.249973,0.305309
0.275,0.375,-0.159062,0.252457,0.298388
0.275,0.391667,-0.142807,0.254551,0.291873
0.275,0.408333,-0.126651,0.25639,0.285966
0.275,0.425,-0.110663,0.258069,0.280795
0.275,0.441667,-0.0948729,0.259648,0.276438
0.275,0.458333,-0.0792859,0.261162,0.272932
0.275,0.475,-0.0638911,0.262627,0.270287
0.275,0.491667,-0.0486696,0.264042,0.26849
0.275,0.508333,-0.0335995,0.265397,0.267516
0.275,0.525,-0.0186587,0.266676,0.267328
0.275,0.541667,-0.00382677,0.267856,0.267883
0.275,0.558333,0.0109131,0.26891,0.269131
0.275,0.575,0.025573,0.269804,0.271013
0.275,0.591667,0.0401588,0.270502,0.273467
0.275,0.608333,0.0546684,0.270959,0.276419
0.275,0.625,0.0690893,0.27112,0.279784
0.275,0.641667,0.083396,0.270921,0.283467
0.275,0.658333,0.0975466,0.270287,0.287351
0.275,0.675,0.111479,0.269127,0.291302
0.275,0.691667,0.125109,0.267337,0.295163
0.275,0.708333,0.138325,0.264799,0.298751
0.275,0.725,0.150986,0.261382,0.301856
0.275,0.741667,0.162924,0.256947,0.304246
0.275,0.758333,0.173943,0.251347,0.305666
0.275,0.775,0.183821,0.244437,0.305843
0.275,0.791667,0.192321,0.236076,0.304498
0.275,0.808333,0.199194,0.226132,0.301353
0.275,0.825,0.20419,0.214491,0.296141
0.275,0.841667,0.207068,0.201055,0.288618
0.275,0.858333,0.207607,0.185755,0.278578
0.275,0.875,0.205619,0.168547,0.265871
0.275,0.891667,0.200972,0.149433,0.25044
0.275,0.908333,0.193609,0.128461,0.23235
0.275,0.925,0.184286,0.105688,0.212441
0.275,0.941667,0.181012,0.0810523,0.19833
0.275,0.958333,0.218469,0.0545446,0.225175
0.275,0.975,0.374478,0.0277936,0.375508
0.275,0.991667,0.735101,0.00737256,0.735138
0.291667,0.00833333,-0.00535449,0.000865279,0.00542396
0.291667,0.025,-0.0228377,0.00437398,0.0232528
0.291667,0.0416667,-0.0460098,0.0114101,0.0474036
0.291667,0.0583333,-0.0734058,0.0217862,0.0765705
0.291667,0.075,-0.103294,0.035059,0.109081
0.291667,0.0916667,-0.133908,0.0505909,0.143146
0.291667,0.108333,-0.163687,0.0676804,0.177127
0.291667,0.125,-0.191387,0.0856787,0.209689
0.291667,0.141667,-0.216057,0.104033,0.239799
0.291667,0.158333,-0.236944,0.122264,0.266629
0.291667,0.175,-0.253441,0.13992,0.2895
0.291667,0.191667,-0.265108,0.156564,0.307887
0.291667,0.208333,-0.271734,0.171795,0.321485
0.291667,0.225,-0.273397,0.185294,0.330272
0.291667,0.241667,-0.270458,0.196869,0.334522
0.291667,0.258333,-0.263514,0.206476,0.334771
0.291667,0.275,-0.253297,0.214208,0.331729
0.291667,0.291667,-0.24058,0.220267,0.326185
0.291667,0.308333,-0.226092,0.224922,0.318916
0.291667,0.325,-0.210457,0.228464,0.310625
0.291667,0.341667,-0.194171,0.231178,0.301903
0.291667,0.358333,-0.177601,0.233311,0.293216
0.291667,0.375,-0.160993,0.235066,0.284912
0.291667,0.391667,-0.144501,0.236597,0.277234
0.291667,0.408333,-0.128208,0.238009,0.270344
0.291667,0.425,-0.112146,0.239372,0.26434
0.291667,0.441667,-0.0963178,0.240722,0.259276
0.291667,0.458333,-0.080706,0.242073,0.255172
0.291667,0.475,-0.0652858,0.243423,0.252026
0.291667,0.491667,-0.0500283,0.244762,0.249823
0.291667,0.508333,-0.0349051,0.246071,0.248534
0.291667,0.525,-0.0198895,0.247329,0.248127
0.291667,0.541667,-0.00495769,0.248511,0.24856
0.291667,0.558333,0.00991067,0.249591,0.249788
0.291667,0.575,0.0247318,0.25054,0.251758
0.291667,0.591667,0.0395171,0.251325,0.254413
0.291667,0.608333,0.0542715,0.251908,0.257687
0.291667,0.625,0.0689916,0.252241,0.261506
0.291667,0.641667,0.083663,0.252271,0.265782
0.291667,0.658333,0.0982569,0.251928,0.270411
0.291667,0.675,0.112726,0.251132,0.275271
0.291667,0.691667,0.127,0.249784,0.280216
0.291667,0.708333,0.140984,0.247772,0.285074
0.291667,0.725,0.154548,0.244967,0.289645
0.291667,0.741667,0.167536,0.241228,0.293699
0.291667,0.758333,0.179754,0.236405,0.296983
0.291667,0.775,0.190981,0.230343,0.299219
0.291667,0.791667,0.200973,0.222892,0.300118
0.291667,0.808333,0.209467,0.213911,0.299389
0.291667,0.825,0.216194,0.203275,0.29675
0.291667,0.841667,0.220891,0.190883,0.29194
0.291667,0.858333,0.223307,0.17666,0.284736
0.291667,0.875,0.22322,0.160566,0.27497
0.291667,0.891667,0.220448,0.142603,0.262551
0.291667,0.908333,0.214889,0.122818,0.247511
0.291667,0.925,0.207342,0.101255,0.230745
0.291667,0.941667,0.206047,0.0778006,0.220246
0.291667,0.958333,0.245355,0.0523879,0.250886
0.291667,0.975,0.400104,0.0266268,0.400989
0.291667,0.991667,0.749498,0.00702454,0.749531
0.308333,0.00833333,-0.0072008,0.000980913,0.00726731
0.308333,0.025,-0.0283799,0.00486053,0.0287931
0.308333,0.0416667,-0.0550903,0.0124468,0.0564788
0.308333,0.0583333,-0.0856026,0.0233477,0.0887294
0.308333,0.075,-0.117956,0.0369334,0.123603
0.308333,0.0916667,-0.150294,0.0524493,0.159183
0.308333,0.108333,-0.181112,0.0691713,0.193872
0.308333,0.125,-0.209286,0.0864981,0.226457
0.308333,0.141667,-0.233958,0.103944,0.256009
0.308333,0.158333,-0.254405,0.121076,0.281747
0.308333,0.175,-0.27002,0.13746,0.302995
0.308333,0.191667,-0.280377,0.152665,0.319246
0.308333,0.208333,-0.285336,0.166306,0.330264
0.308333,0.225,-0.285092,0.178104,0.336153
0.308333,0.241667,-0.280164,0.187929,0.337356
0.308333,0.258333,-0.271297,0.19581,0.334579
0.308333,0.275,-0.259349,0.201913,0.32868
0.308333,0.291667,-0.245173,0.206499,0.320549
0.308333,0.308333,-0.22953,0.209876,0.311018
0.308333,0.325,-0.213039,0.212355,0.300799
0.308333,0.341667,-0.196163,0.214215,0.290462
0.308333,0.358333,-0.179216,0.21569,0.280429
0.308333,0.375,-0.162396,0.216954,0.271001
0.308333,0.391667,-0.145805,0.218131,0.262374
0.308333,0.408333,-0.129483,0.219297,0.25467
0.308333,0.425,-0.11343,0.220493,0.247959
0.308333,0.441667,-0.0976236,0.221733,0.242273
0.308333,0.458333,-0.0820311,0.223014,0.237622
0.308333,0.475,-0.0666168,0.224319,0.234002
0.308333,0.491667,-0.0513462,0.22563,0.231399
0.308333,0.508333,-0.0361877,0.226922,0.229789
0.308333,0.525,-0.021113,0.22817,0.229145
0.308333,0.541667,-0.00609743,0.229352,0.229433
0.308333,0.558333,0.00888081,0.230441,0.230613
0.308333,0.575,0.0238403,0.231414,0.232639
0.308333,0.591667,0.0387961,0.232242,0.23546
0.308333,0.608333,0.0537591,0.232893,0.239017
0.308333,0.625,0.0687338,0.23333,0.243243
0.308333,0.641667,0.0837161,0.233505,0.248059
0.308333,0.658333,0.0986902,0.233362,0.253372
0.308333,0.675,0.113623,0.232828,0.259074
0.308333,0.691667,0.128463,0.231816,0.265031
0.308333,0.708333,0.143128,0.230222,0.271086
0.308333,0.725,0.157507,0.227924,0.277052
0.308333,0.741667,0.171455,0.224785,0.28271
0.308333,0.758333,0.184788,0.220654,0.287811
0.308333,0.775,0.197287,0.215376,0.292077
0.308333,0.791667,0.208701,0.208793,0.295213
0.308333,0.808333,0.218756,0.200756,0.296913
0.308333,0.825,0.227163,0.191134,0.296876
0.308333,0.841667,0.233631,0.179817,0.294818
0.308333,0.858333,0.23788,0.166727,0.29049
0.308333,0.875,0.239646,0.151823,0.283691
0.308333,0.891667,0.238704,0.135104,0.274286
0.308333,0.908333,0.234907,0.116615,0.26226
0.308333,0.925,0.229125,0.0963764,0.248569
0.308333,0.941667,0.229869,0.0742247,0.241555
0.308333,0.958333,0.271142,0.0500279,0.275719
0.308333,0.975,0.424738,0.0253677,0.425495
0.308333,0.991667,0.763178,0.00665567,0.763207
0.325,0.00833333,-0.00927315,0.00109132,0.00933714
0.325,0.025,-0.0343953,0.00529923,0.0348012
0.325,0.0416667,-0.0646737,0.0133116,0.0660295
0.325,0.0583333,-0.0981214,0.0245128,0.101137
0.325,0.075,-0.132613,0.0381032,0.137979
0.325,0.0916667,-0.16631,0.0532602,0.17463
0.325,0.108333,-0.197851,0.0692928,0.209634
0.325,0.125,-0.226264,0.0856822,0.241944
0.325,0.141667,-0.25076,0.102016,0.270717
0.325,0.158333,-0.270614,0.117895,0.29518
0.325,0.175,-0.285195,0.132894,0.314638
0.325,0.191667,-0.294101,0.146587,0.328608
0.325,0.208333,-0.297279,0.158612,0.336946
0.325,0.225,-0.295075,0.16874,0.339915
0.325,0.241667,-0.288173,0.176907,0.338142
0.325,0.258333,-0.277475,0.183215,0.332506
0.325,0.275,-0.263951,0.187893,0.323996
0.325,0.291667,-0.248512,0.191247,0.313582
0.325,0.308333,-0.23193,0.193608,0.302118
0.325,0.325,-0.214796,0.195285,0.2903
0.325,0.341667,-0.197525,0.196544,0.27865
0.325,0.358333,-0.180372,0.197588,0.267536
0.325,0.375,-0.163477,0.198561,0.257199
0.325,0.391667,-0.146893,0.199553,0.247788
0.325,0.408333,-0.130619,0.200611,0.239387
0.325,0.425,-0.114629,0.20175,0.232041
0.325,0.441667,-0.0988796,0.202965,0.22577
0.325,0.458333,-0.0833275,0.204238,0.220582
0.325,0.475,-0.0679312,0.205543,0.216478
0.325,0.491667,-0.0526538,0.206855,0.213451
0.325,0.508333,-0.0374634,0.208147,0.211491
0.325,0.525,-0.0223328,0.209394,0.210581
0.325,0.541667,-0.00723778,0.210573,0.210697
0.325,0.558333,0.00784295,0.211662,0.211807
0.325,0.575,0.0229289,0.212638,0.213871
0.325,0.591667,0.0380378,0.213481,0.216843
0.325,0.608333,0.0531846,0.214163,0.220668
0.325,0.625,0.0683806,0.214654,0.225282
0.325,0.641667,0.0836312,0.214917,0.230615
0.325,0.658333,0.0989323,0.214903,0.236582
0.325,0.675,0.114266,0.214553,0.243084
0.325,0.691667,0.129595,0.21379,0.250002
0.325,0.708333,0.144858,0.212521,0.257195
0.325,0.725,0.159961,0.210635,0.26449
0.325,0.741667,0.174773,0.208003,0.271682
0.325,0.758333,0.189124,0.204479,0.278531
0.325,0.775,0.202799,0.19991,0.284766
0.325,0.791667,0.215546,0.194137,0.290085
0.325,0.808333,0.227078,0.187007,0.29417
0.325,0.825,0.237089,0.178382,0.2967
0.325,0.841667,0.245259,0.168145,0.297363
0.325,0.858333,0.251273,0.156215,0.295873
0.325,0.875,0.254829,0.142542,0.291987
0.325,0.891667,0.255656,0.127126,0.285519
0.325,0.908333,0.253569,0.110002,0.276401
0.325,0.925,0.249537,0.0911662,0.265669
0.325,0.941667,0.252377,0.0703974,0.262011
0.325,0.958333,0.295726,0.047502,0.299517
0.325,0.975,0.448287,0.0240286,0.448931
0.325,0.991667,0.776101,0.00626763,0.776127
0.341667,0.00833333,-0.0115549,0.00119032,0.011616
0.341667,0.025,-0.0407926,0.00566117,0.0411835
0.341667,0.0416667,-0.0745661,0.0139381,0.0758576
0.341667,0.0583333,-0.110672,0.0251796,0.1135
0.341667,0.075,-0.146927,0.038453,0.151875
0.341667,0.0916667,-0.181629,0.0529279,0.189184
0.341667,0.108333,-0.213633,0.0679957,0.224193
0.341667,0.125,-0.242114,0.0832387,0.256024
0.341667,0.141667,-0.266314,0.0983096,0.28388
0.341667,0.158333,-0.285462,0.112832,0.306952
0.341667,0.175,-0.298896,0.12638,0.324516
0.341667,0.191667,-0.30625,0.138538,0.336128
0.341667,0.208333,-0.307591,0.148975,0.341769
0.341667,0.225,-0.303433,0.157519,0.341882
0.341667,0.241667,-0.294636,0.164173,0.337288
0.341667,0.258333,-0.28225,0.169103,0.32903
0.341667,0.275,-0.267339,0.172587,0.318208
0.341667,0.291667,-0.250851,0.17496,0.305839
0.341667,0.308333,-0.233547,0.176557,0.292774
0.341667,0.325,-0.215973,0.177673,0.279664
0.341667,0.341667,-0.19848,0.178546,0.26697
0.341667,0.358333,-0.181262,0.179347,0.254992
0.341667,0.375,-0.164397,0.180183,0.243911
0.341667,0.391667,-0.147895,0.181113,0.233826
0.341667,0.408333,-0.131719,0.182157,0.224791
0.341667,0.425,-0.11582,0.183309,0.216833
0.341667,0.441667,-0.100143,0.18455,0.209969
0.341667,0.458333,-0.0846362,0.18585,0.204214
0.341667,0.475,-0.0692569,0.187179,0.199581
0.341667,0.491667,-0.0539687,0.188508,0.196081
0.341667,0.508333,-0.0387419,0.18981,0.193724
0.341667,0.525,-0.0235514,0.191061,0.192507
0.341667,0.541667,-0.00837514,0.192238,0.19242
0.341667,0.558333,0.00680701,0.193323,0.193443
0.341667,0.575,0.0220145,0.194297,0.19554
0.341667,0.591667,0.0372661,0.195141,0.198667
0.341667,0.608333,0.0525804,0.195835,0.202771
0.341667,0.625,0.0679739,0.196355,0.207788
0.341667,0.641667,0.0834598,0.196671,0.213647
0.341667,0.658333,0.0990446,0.196744,0.220268
0.341667,0.675,0.114724,0.196524,0.227559
0.341667,0.691667,0.130477,0.195947,0.235414
0.341667,0.708333,0.146259,0.194933,0.243702
0.341667,0.725,0.161997,0.193382,0.252269
0.341667,0.741667,0.177576,0.191177,0.260925
0.341667,0.758333,0.19284,0.188181,0.269443
0.341667,0.775,0.207585,0.184248,0.277559
0.341667,0.791667,0.221559,0.179221,0.284972
0.341667,0.808333,0.234468,0.172948,0.291353
0.341667,0.825,0.245987,0.165285,0.296359
0.341667,0.841667,0.255769,0.156113,0.299648
0.341667,0.858333,0.263465,0.145342,0.300895
0.341667,0.875,0.268732,0.132919,0.299807
0.341667,0.891667,0.271252,0.118835,0.296141
0.341667,0.908333,0.270815,0.103116,0.289782
0.341667,0.925,0.268516,0.0857267,0.281869
0.341667,0.941667,0.273505,0.0663885,0.281447
0.341667,0.958333,0.319032,0.0448499,0.322169
0.341667,0.975,0.470679,0.0226262,0.471222
0.341667,0.991667,0.788233,0.00586409,0.788255
0.358333,0.00833333,-0.0140163,0.001271,0.0140738
0.358333,0.025,-0.0474475,0.0059163,0.047815
0.358333,0.0416667,-0.0845353,0.0142633,0.0857301
0.358333,0.0583333,-0.122944,0.0252623,0.125512
0.358333,0.075,-0.160569,0.0379024,0.164982
0.358333,0.0916667,-0.195966,0.0514069,0.202597
0.358333,0.108333,-0.228243,0.0652859,0.237396
0.358333,0.125,-0.256687,0.0792253,0.268636
0.358333,0.141667,-0.280516,0.0929289,0.295508
0.358333,0.158333,-0.298883,0.106029,0.317133
0.358333,0.175,-0.311096,0.118102,0.332759
0.358333,0.191667,-0.316851,0.128745,0.342008
0.358333,0.208333,-0.316354,0.13767,0.345011
0.358333,0.225,-0.310304,0.14476,0.342409
0.358333,0.241667,-0.29974,0.150081,0.335214
0.358333,0.258333,-0.285845,0.15385,0.324618
0.358333,0.275,-0.269756,0.156378,0.311805
0.358333,0.291667,-0.252437,0.158008,0.297811
0.358333,0.308333,-0.234615,0.159066,0.283455
0.358333,0.325,-0.216778,0.159824,0.269325
0.358333,0.341667,-0.199207,0.160483,0.255809
0.358333,0.358333,-0.18203,0.161178,0.243132
0.358333,0.375,-0.165272,0.161985,0.231417
0.358333,0.391667,-0.148898,0.162932,0.22072
0.358333,0.408333,-0.132846,0.164018,0.211069
0.358333,0.425,-0.117049,0.165222,0.202482
0.358333,0.441667,-0.101444,0.166512,0.19498
0.358333,0.458333,-0.0859776,0.167855,0.188593
0.358333,0.475,-0.0706074,0.169218,0.183358
0.358333,0.491667,-0.0553001,0.170571,0.179311
0.358333,0.508333,-0.0400291,0.171888,0.176487
0.358333,0.525,-0.0247727,0.173146,0.17491
0.358333,0.541667,-0.00951132,0.174327,0.174586
0.358333,0.558333,0.00577339,0.175412,0.175507
0.358333,0.575,0.0211002,0.176387,0.177644
0.358333,0.591667,0.0364886,0.177234,0.180952
0.358333,0.608333,0.0519592,0.177939,0.18537
0.358333,0.625,0.0675328,0.178482,0.190831
0.358333,0.641667,0.0832289,0.178838,0.197257
0.358333,0.658333,0.0990631,0.178978,0.204565
0.358333,0.675,0.115043,0.178861,0.212664
0.358333,0.691667,0.131162,0.178433,0.221454
0.358333,0.708333,0.147395,0.177626,0.230817
0.358333,0.725,0.163684,0.176356,0.240611
0.358333,0.741667,0.179935,0.174515,0.250664
0.358333,0.758333,0.196009,0.171983,0.260764
0.358333,0.775,0.211713,0.16862,0.270657
0.358333,0.791667,0.2268,0.164278,0.280046
0.358333,0.808333,0.240972,0.158806,0.288595
0.358333,0.825,0.253888,0.152063,0.295943
0.358333,0.841667,0.265178,0.143924,0.301718
0.358333,0.858333,0.274457,0.134295,0.305551
0.358333,0.875,0.281342,0.123116,0.307101
0.358333,0.891667,0.28547,0.110372,0.306064
0.358333,0.908333,0.286616,0.0960728,0.302289
0.358333,0.925,0.286029,0.0801487,0.297046
0.358333,0.941667,0.293217,0.0622624,0.299754
0.358333,0.958333,0.34101,0.0421108,0.3436
0.358333,0.975,0.491856,0.0211789,0.492312
0.358333,0.991667,0.799547,0.00544979,0.799565
0.375,0.00833333,-0.0166135,0.00132607,0.0166664
0.375,0.025,-0.054205,0.00603526,0.05454
0.375,0.0416667,-0.0943216,0.0142319,0.0953893
0.375,0.0583333,-0.134622,0.0246978,0.136869
0.375,0.075,-0.173242,0.0364093,0.177027
0.375,0.0916667,-0.209087,0.0486985,0.214684
0.375,0.108333,-0.241516,0.061214,0.249153
0.375,0.125,-0.269875,0.0737357,0.279767
0.375,0.141667,-0.293298,0.0860021,0.305647
0.375,0.158333,-0.310847,0.0976484,0.325824
0.375,0.175,-0.32181,0.108254,0.33953
0.375,0.191667,-0.325967,0.117442,0.346478
0.375,0.208333,-0.323687,0.124966,0.346973
0.375,0.225,-0.315859,0.130764,0.341857
0.375,0.241667,-0.303693,0.134951,0.332327
0.375,0.258333,-0.288488,0.137778,0.3197
0.375,0.275,-0.271435,0.139573,0.305217
0.375,0.291667,-0.253489,0.140673,0.289907
0.375,0.308333,-0.23533,0.141382,0.274534
0.375,0.325,-0.217376,0.141938,0.259613
0.375,0.341667,-0.199838,0.142509,0.245446
0.375,0.358333,-0.182779,0.143193,0.23219
0.375,0.375,-0.166173,0.144036,0.219909
0.375,0.391667,-0.149952,0.145044,0.208622
0.375,0.408333,-0.134032,0.146198,0.198339
0.375,0.425,-0.118335,0.147466,0.189075
0.375,0.441667,-0.102794,0.148812,0.180864
0.375,0.458333,-0.087358,0.1502,0.173757
0.375,0.475,-0.071987,0.151598,0.167821
0.375,0.491667,-0.0566516,0.152976,0.163129
0.375,0.508333,-0.0413296,0.154311,0.15975
0.375,0.525,-0.0260024,0.155583,0.157741
0.375,0.541667,-0.0106532,0.156775,0.157137
0.375,0.558333,0.00473447,0.157871,0.157942
0.375,0.575,0.0201786,0.158857,0.160134
0.375,0.591667,0.0356989,0.159721,0.163662
0.375,0.608333,0.0513174,0.160448,0.168455
0.375,0.625,0.0670579,0.161023,0.174428
0.375,0.641667,0.0829448,0.161426,0.181489
0.375,0.658333,0.0990013,0.161632,0.189542
0.375,0.675,0.115245,0.16161,0.198492
0.375,0.691667,0.131683,0.161316,0.208239
0.375,0.708333,0.148304,0.160694,0.21867
0.375,0.725,0.16507,0.15967,0.229657
0.375,0.741667,0.181906,0.158153,0.241044
0.375,0.758333,0.198689,0.156035,0.252635
0.375,0.775,0.215242,0.153189,0.26419
0.375,0.791667,0.231326,0.149477,0.275418
0.375,0.808333,0.246641,0.144755,0.285982
0.375,0.825,0.260834,0.138884,0.295505
0.375,0.841667,0.273515,0.13174,0.303588
0.375,0.858333,0.284266,0.123224,0.309824
0.375,0.875,0.292665,0.113271,0.31382
0.375,0.891667,0.298307,0.101856,0.315217
0.375,0.908333,0.300963,0.0889719,0.313839
0.375,0.925,0.302067,0.0745107,0.311121
0.375,0.941667,0.311499,0.0580763,0.316867
0.375,0.958333,0.361634,0.0393219,0.363765
0.375,0.975,0.511781,0.0197055,0.51216
0.375,0.991667,0.810027,0.00502988,0.810042
0.391667,0.00833333,-0.0192879,0.00134819,0.0193349
0.391667,0.025,-0.0608833,0.00599143,0.0611774
0.391667,0.0416667,-0.10365,0.0138012,0.104565
0.391667,0.0583333,-0.145408,0.0234494,0.147287
0.391667,0.075,-0.184688,0.0339692,0.187786
0.391667,0.0916667,-0.220805,0.0448437,0.225313
0.391667,0.108333,-0.253333,0.0558632,0.259419
0.391667,0.125,-0.281603,0.0668859,0.289437
0.391667,0.141667,-0.304623,0.0776718,0.314369
0.391667,0.158333,-0.321355,0.087858,0.333148
0.391667,0.175,-0.331086,0.0970353,0.345013
0.391667,0.191667,-0.3337,0.104856,0.349786
0.391667,0.208333,-0.32974,0.111117,0.347959
0.391667,0.225,-0.320286,0.115799,0.340577
0.391667,0.241667,-0.306705,0.119052,0.329001
0.391667,0.258333,-0.290397,0.121146,0.314654
0.391667,0.275,-0.272582,0.122407,0.298805
0.391667,0.291667,-0.254191,0.123155,0.282454
0.391667,0.308333,-0.235845,0.123662,0.266299
0.391667,0.325,-0.217889,0.124133,0.250768
0.391667,0.341667,-0.200462,0.124699,0.236082
0.391667,0.358333,-0.183568,0.125428,0.222327
0.391667,0.375,-0.167139,0.12634,0.209516
0.391667,0.391667,-0.151077,0.127424,0.197639
0.391667,0.408333,-0.135286,0.12865,0.18669
0.391667,0.425,-0.119679,0.129981,0.176687
0.391667,0.441667,-0.104192,0.131378,0.167679
0.391667,0.458333,-0.0887758,0.132807,0.159746
0.391667,0.475,-0.073395,0.134235,0.15299
0.391667,0.491667,-0.0580252,0.135639,0.147529
0.391667,0.508333,-0.0426481,0.136996,0.143481
0.391667,0.525,-0.0272485,0.138289,0.140948
0.391667,0.541667,-0.0118119,0.139503,0.140002
0.391667,0.558333,0.00367673,0.140624,0.140672
0.391667,0.575,0.0192344,0.141639,0.14294
0.391667,0.591667,0.034881,0.142538,0.146744
0.391667,0.608333,0.0506393,0.143308,0.151991
0.391667,0.625,0.0665354,0.143934,0.158568
0.391667,0.641667,0.0825974,0.144401,0.166355
0.391667,0.658333,0.098854,0.14469,0.175235
0.391667,0.675,0.115331,0.144773,0.185096
0.391667,0.691667,0.132047,0.144616,0.195832
0.391667,0.708333,0.149005,0.144172,0.207336
0.391667,0.725,0.166183,0.143382,0.219488
0.391667,0.741667,0.183525,0.142166,0.232147
0.391667,0.758333,0.200925,0.14043,0.245135
0.391667,0.775,0.218221,0.138062,0.258228
0.391667,0.791667,0.235185,0.134937,0.271146
0.391667,0.808333,0.251521,0.130919,0.283553
0.391667,0.825,0.266868,0.125876,0.295065
0.391667,0.841667,0.280816,0.119686,0.305258
0.391667,0.858333,0.292919,0.112247,0.31369
0.391667,0.875,0.30272,0.103491,0.319922
0.391667,0.891667,0.309775,0.0933828,0.323544
0.391667,0.908333,0.313867,0.0818952,0.324375
0.391667,0.925,0.316641,0.0688787,0.324046
0.391667,0.941667,0.328359,0.05388,0.33275
0.391667,0.958333,0.380892,0.0365164,0.382639
0.391667,0.975,0.530431,0.0182236,0.530744
0.391667,0.991667,0.819666,0.00460938,0.819679
0.408333,0.00833333,-0.0219667,0.00133052,0.022007
0.408333,0.025,-0.0672804,0.00576299,0.0675268
0.408333,0.0416667,-0.112244,0.0129437,0.112987
0.408333,0.0583333,-0.155028,0.0215083,0.156513
0.408333,0.075,-0.194692,0.0306118,0.197084
0.408333,0.0916667,-0.230978,0.039914,0.234401
0.408333,0.108333,-0.263605,0.0493388,0.268183
0.408333,0.125,-0.29182,0.0588047,0.297686
0.408333,0.141667,-0.314473,0.0680861,0.32176
0.408333,0.158333,-0.330431,0.0768264,0.339244
0.408333,0.175,-0.338996,0.0846354,0.349402
0.408333,0.191667,-0.340172,0.091197,0.352184
0.408333,0.208333,-0.334678,0.0963451,0.348269
0.408333,0.225,-0.323776,0.100091,0.338894
0.408333,0.241667,-0.308979,0.102602,0.325569
0.408333,0.258333,-0.291766,0.10415,0.309797
0.408333,0.275,-0.27337,0.105046,0.292858
0.408333,0.291667,-0.254687,0.105583,0.275705
0.408333,0.308333,-0.236272,0.105998,0.258959
0.408333,0.325,-0.218395,0.106461,0.242962
0.408333,0.341667,-0.20113,0.107071,0.227854
0.408333,0.358333,-0.184427,0.10787,0.213657
0.408333,0.375,-0.168182,0.108861,0.20034
0.408333,0.391667,-0.152277,0.11002,0.187863
0.408333,0.408333,-0.136603,0.111311,0.176212
0.408333,0.425,-0.121076,0.112694,0.165407
0.408333,0.441667,-0.105631,0.114133,0.155513
0.408333,0.458333,-0.0902259,0.115594,0.146638
0.408333,0.475,-0.0748297,0.117051,0.138926
0.408333,0.491667,-0.0594229,0.11848,0.132547
0.408333,0.508333,-0.0439908,0.119864,0.127681
0.408333,0.525,-0.0285211,0.121186,0.124497
0.408333,0.541667,-0.0130011,0.122435,0.123123
0.408333,0.558333,0.00258305,0.123597,0.123624
0.408333,0.575,0.0182478,0.124662,0.125991
0.408333,0.591667,0.034013,0.125618,0.130142
0.408333,0.608333,0.0499022,0.126455,0.135945
0.408333,0.625,0.0659427,0.127159,0.14324
0.408333,0.641667,0.0821655,0.127716,0.151864
0.408333,0.658333,0.0986036,0.12811,0.161663
0.408333,0.675,0.11529,0.12832,0.172504
0.408333,0.691667,0.13225,0.128316,0.184269
0.408333,0.708333,0.149501,0.128061,0.196851
0.408333,0.725,0.167035,0.127505,0.210139
0.408333,0.741667,0.184811,0.126584,0.224006
0.408333,0.758333,0.202743,0.125215,0.238293
0.408333,0.775,0.220684,0.123301,0.252794
0.408333,0.791667,0.238419,0.12073,0.267244
0.408333,0.808333,0.255655,0.11738,0.281314
0.408333,0.825,0.272031,0.113126,0.294615
0.408333,0.841667,0.287119,0.10785,0.306707
0.408333,0.858333,0.300452,0.101452,0.317118
0.408333,0.875,0.311537,0.0938595,0.325368
0.408333,0.891667,0.319899,0.0850277,0.331006
0.408333,0.908333,0.32535,0.074908,0.333862
0.408333,0.925,0.329775,0.0633067,0.335796
0.408333,0.941667,0.343815,0.0497149,0.347391
0.408333,0.958333,0.398791,0.0337236,0.400214
0.408333,0.975,0.5478,0.0167494,0.548056
0.408333,0.991667,0.828468,0.00419296,0.828479
0.425,0.00833333,-0.0245645,0.0012672,0.0245972
0.425,0.025,-0.0731827,0.00533466,0.0733769
0.425,0.0416667,-0.119837,0.0116492,0.120402
0.425,0.0583333,-0.163242,0.0188923,0.164332
0.425,0.075,-0.203083,0.026395,0.204792
0.425,0.0916667,-0.239497,0.0340037,0.241899
0.425,0.108333,-0.272267,0.0417596,0.275451
0.425,0.125,-0.300491,0.0496267,0.304562
0.425,0.141667,-0.322849,0.0573927,0.327911
0.425,0.158333,-0.338118,0.0647154,0.344256
0.425,0.175,-0.345632,0.0712299,0.352896
0.425,0.191667,-0.345518,0.0766509,0.353918
0.425,0.208333,-0.338667,0.0808389,0.348182
0.425,0.225,-0.326513,0.0838205,0.337101
0.425,0.241667,-0.310697,0.0857646,0.322317
0.425,0.258333,-0.29276,0.0869287,0.305393
0.425,0.275,-0.273939,0.087597,0.287604
0.425,0.291667,-0.255086,0.0880292,0.269848
0.425,0.308333,-0.236687,0.0884283,0.252667
0.425,0.325,-0.218944,0.0889302,0.236316
0.425,0.341667,-0.201868,0.0896077,0.220863
0.425,0.358333,-0.185365,0.090484,0.20627
0.425,0.375,-0.1693,0.0915482,0.192467
0.425,0.391667,-0.15354,0.0927703,0.17939
0.425,0.408333,-0.137973,0.0941123,0.167014
0.425,0.425,-0.122513,0.0955357,0.155359
0.425,0.441667,-0.107103,0.0970059,0.144503
0.425,0.458333,-0.0917031,0.0984937,0.134575
0.425,0.475,-0.07629,0.0999753,0.125759
0.425,0.491667,-0.0608478,0.101432,0.118283
0.425,0.508333,-0.0453651,0.102848,0.112409
0.425,0.525,-0.0298316,0.10421,0.108396
0.425,0.541667,-0.014236,0.105508,0.106464
0.425,0.558333,0.00143471,0.106729,0.106739
0.425,0.575,0.017197,0.107864,0.109226
0.425,0.591667,0.0330706,0.108901,0.113812
0.425,0.608333,0.0490796,0.10983,0.120298
0.425,0.625,0.0652525,0.11064,0.128449
0.425,0.641667,0.081622,0.111316,0.138034
0.425,0.658333,0.0982243,0.111845,0.148854
0.425,0.675,0.115097,0.112208,0.160742
0.425,0.691667,0.132274,0.112382,0.173569
0.425,0.708333,0.149779,0.112336,0.187225
0.425,0.725,0.16762,0.112028,0.201611
0.425,0.741667,0.18577,0.111407,0.216614
0.425,0.758333,0.204158,0.110402,0.232097
0.425,0.775,0.222654,0.108931,0.247873
0.425,0.791667,0.241056,0.106895,0.263694
0.425,0.808333,0.259078,0.104186,0.279242
0.425,0.825,0.276359,0.100688,0.29413
0.425,0.841667,0.292463,0.0962922,0.307907
0.425,0.858333,0.306899,0.0908999,0.320077
0.425,0.875,0.319147,0.084436,0.330127
0.425,0.891667,0.328709,0.0768472,0.337572
0.425,0.908333,0.335446,0.0680609,0.342281
0.425,0.925,0.341505,0.057837,0.346368
0.425,0.941667,0.357899,0.0456151,0.360794
0.425,0.958333,0.415346,0.0309676,0.416498
0.425,0.975,0.56389,0.0152965,0.564098
0.425,0.991667,0.836446,0.00378469,0.836454
0.441667,0.00833333,-0.0269857,0.00115389,0.0270104
0.441667,0.025,-0.0783746,0.00469923,0.0785153
0.441667,0.0416667,-0.126186,0.00992573,0.126576
0.441667,0.0583333,-0.169854,0.0156437,0.170573
0.441667,0.075,-0.209731,0.0213998,0.21082
0.441667,0.0916667,-0.246282,0.0272228,0.247782
0.441667,0.108333,-0.279267,0.0332523,0.28124
0.441667,0.125,-0.307594,0.0394881,0.310118
0.441667,0.141667,-0.32976,0.0457355,0.332917
0.441667,0.158333,-0.34447,0.0516763,0.348325
0.441667,0.175,-0.351094,0.0569759,0.355687
0.441667,0.191667,-0.349877,0.0613755,0.355219
0.441667,0.208333,-0.341871,0.0647503,0.347949
0.441667,0.225,-0.328667,0.0671263,0.335452
0.441667,0.241667,-0.312018,0.0686568,0.319482
0.441667,0.258333,-0.293518,0.0695717,0.301651
0.441667,0.275,-0.274398,0.0701205,0.283216
0.441667,0.291667,-0.255464,0.0705262,0.265021
0.441667,0.308333,-0.237139,0.0709578,0.247528
0.441667,0.325,-0.219559,0.0715232,0.230915
0.441667,0.341667,-0.202682,0.0722744,0.215182
0.441667,0.358333,-0.186374,0.0732214,0.200241
0.441667,0.375,-0.170479,0.0743461,0.185985
0.441667,0.391667,-0.154852,0.0756162,0.172328
0.441667,0.408333,-0.13938,0.0769948,0.159233
0.441667,0.425,-0.12398,0.0784461,0.146713
0.441667,0.441667,-0.108599,0.0799394,0.134848
0.441667,0.458333,-0.0932043,0.0814494,0.123778
0.441667,0.475,-0.0777768,0.0829563,0.113714
0.441667,0.491667,-0.0623049,0.0844441,0.104941
0.441667,0.508333,-0.0467796,0.0859,0.0978117
0.441667,0.525,-0.0311922,0.0873131,0.0927175
0.441667,0.541667,-0.0155324,0.0886732,0.0900232
0.441667,0.558333,0.000212934,0.0899704,0.0899706
0.441667,0.575,0.0160601,0.0911948,0.0925982
0.441667,0.591667,0.0320292,0.0923361,0.0977334
0.441667,0.608333,0.0481448,0.0933835,0.105064
0.441667,0.625,0.0644361,0.0943258,0.114234
0.441667,0.641667,0.0809373,0.0951507,0.124918
0.441667,0.658333,0.0976866,0.0958445,0.136853
0.441667,0.675,0.114725,0.0963912,0.149844
0.441667,0.691667,0.132092,0.0967711,0.163747
0.441667,0.708333,0.14982,0.0969588,0.178457
0.441667,0.725,0.167925,0.0969209,0.193888
0.441667,0.741667,0.186394,0.0966135,0.209945
0.441667,0.758333,0.205172,0.0959804,0.226512
0.441667,0.775,0.224141,0.0949511,0.243424
0.441667,0.791667,0.243114,0.0934416,0.260453
0.441667,0.808333,0.261815,0.0913561,0.277296
0.441667,0.825,0.279884,0.0885922,0.29357
0.441667,0.841667,0.296879,0.0850478,0.30882
0.441667,0.858333,0.312293,0.0806298,0.322534
0.441667,0.875,0.325584,0.0752617,0.33417
0.441667,0.891667,0.336241,0.0688814,0.343224
0.441667,0.908333,0.344191,0.0613906,0.349623
0.441667,0.925,0.351871,0.0525019,0.355767
0.441667,0.941667,0.370649,0.0416068,0.372977
0.441667,0.958333,0.430581,0.0282684,0.431508
0.441667,0.975,0.578718,0.0138763,0.578884
0.441667,0.991667,0.843618,0.00338794,0.843625
0.458333,0.00833333,-0.029128,0.000988307,0.0291448
0.458333,0.025,-0.0826481,0.00385857,0.0827381
0.458333,0.0416667,-0.13108,0.00779911,0.131312
0.458333,0.0583333,-0.174706,0.0118261,0.175105
0.458333,0.075,-0.214534,0.0157248,0.21511
0.458333,0.0916667,-0.25127,0.0196927,0.25204
0.458333,0.108333,-0.284566,0.0239486,0.285572
0.458333,0.125,-0.313107,0.0285247,0.314404
0.458333,0.141667,-0.335222,0.0332526,0.336867
0.458333,0.158333,-0.349545,0.0378481,0.351588
0.458333,0.175,-0.355481,0.04201,0.357955
0.458333,0.191667,-0.35338,0.0455001,0.356297
0.458333,0.208333,-0.344439,0.0481958,0.347794
0.458333,0.225,-0.330386,0.0501064,0.334164
0.458333,0.241667,-0.313077,0.0513542,0.317261
0.458333,0.258333,-0.29415,0.0521301,0.298733
0.458333,0.275,-0.274828,0.0526426,0.279824
0.458333,0.291667,-0.255874,0.0530768,0.261321
0.458333,0.308333,-0.237655,0.0535708,0.243618
0.458333,0.325,-0.220248,0.0542094,0.226821
0.458333,0.341667,-0.203565,0.0550304,0.210872
0.458333,0.358333,-0.187442,0.0560358,0.195639
0.458333,0.375,-0.171704,0.0572055,0.180983
0.458333,0.391667,-0.156199,0.0585083,0.166798
0.458333,0.408333,-0.140813,0.0599103,0.153028
0.458333,0.425,-0.125468,0.0613801,0.139677
0.458333,0.441667,-0.110115,0.062891,0.126809
0.458333,0.458333,-0.0947285,0.0644218,0.114559
0.458333,0.475,-0.0792931,0.0659559,0.103139
0.458333,0.491667,-0.0638004,0.0674804,0.092866
0.458333,0.508333,-0.0482437,0.0689846,0.0841803
0.458333,0.525,-0.0326153,0.0704592,0.0776419
0.458333,0.541667,-0.0169051,0.0718955,0.0738563
0.458333,0.558333,-0.00110004,0.0732845,0.0732928
0.458333,0.575,0.0148167,0.0746169,0.0760737
0.458333,0.591667,0.0308658,0.0758827,0.08192
0.458333,0.608333,0.0470723,0.0770715,0.0903096
0.458333,0.625,0.0634661,0.0781721,0.100692
0.458333,0.641667,0.0800823,0.0791727,0.112612
0.458333,0.658333,0.0969606,0.0800604,0.125742
0.458333,0.675,0.114144,0.0808207,0.13986
0.458333,0.691667,0.131677,0.0814365,0.154825
0.458333,0.708333,0.149598,0.0818864,0.170543
0.458333,0.725,0.167929,0.0821432,0.186943
0.458333,0.741667,0.18667,0.0821712,0.203955
0.458333,0.758333,0.205776,0.0819244,0.221485
0.458333,0.775,0.225146,0.0813446,0.23939
0.458333,0.791667,0.244603,0.0803611,0.257465
0.458333,0.808333,0.263882,0.0788918,0.275422
0.458333,0.825,0.282627,0.0768464,0.292888
0.458333,0.841667,0.300394,0.0741326,0.309406
0.458333,0.858333,0.316666,0.0706631,0.324454
0.458333,0.875,0.330882,0.0663616,0.337471
0.458333,0.891667,0.342529,0.0611566,0.347945
0.458333,0.908333,0.351628,0.0549228,0.355892
0.458333,0.925,0.360922,0.0473246,0.364011
0.458333,0.941667,0.382108,0.0377101,0.383965
0.458333,0.958333,0.444529,0.0256414,0.445268
0.458333,0.975,0.592305,0.0124981,0.592437
0.458333,0.991667,0.850012,0.00300543,0.850017
0.475,0.00833333,-0.0308871,0.000770619,0.0308967
0.475,0.025,-0.0858131,0.00282422,0.0858596
0.475,0.0416667,-0.134343,0.00531206,0.134448
0.475,0.0583333,-0.177679,0.00752139,0.177838
0.475,0.075,-0.217423,0.00948356,0.217629
0.475,0.0916667,-0.254409,0.0115436,0.254671
0.475,0.108333,-0.288123,0.0139849,0.288462
0.475,0.125,-0.317014,0.016873,0.317463
0.475,0.141667,-0.339248,0.0200774,0.339841
0.475,0.158333,-0.353396,0.0233579,0.354167
0.475,0.175,-0.358884,0.0264491,0.359857
0.475,0.191667,-0.356146,0.0291277,0.357335
0.475,0.208333,-0.346501,0.0312604,0.347908
0.475,0.225,-0.331799,0.0328251,0.333419
0.475,0.241667,-0.313986,0.0338994,0.315811
0.475,0.258333,-0.294742,0.0346252,0.296769
0.475,0.275,-0.275288,0.0351653,0.277525
0.475,0.291667,-0.25635,0.035667,0.25882
0.475,0.308333,-0.238246,0.0362407,0.240987
0.475,0.325,-0.221008,0.0369542,0.224076
0.475,0.341667,-0.204508,0.037836,0.207978
0.475,0.358333,-0.188555,0.0388861,0.192523
0.475,0.375,-0.172961,0.0400858,0.177545
0.475,0.391667,-0.157568,0.0414077,0.162918
0.475,0.408333,-0.142262,0.0428229,0.148567
0.475,0.425,-0.12697,0.0443046,0.134478
0.475,0.441667,-0.111649,0.0458305,0.12069
0.475,0.458333,-0.0962772,0.0473828,0.107305
0.475,0.475,-0.0808433,0.0489481,0.0945069
0.475,0.491667,-0.0653417,0.0505156,0.0825915
0.475,0.508333,-0.0497672,0.0520767,0.0720331
0.475,0.525,-0.0341128,0.0536236,0.0635545
0.475,0.541667,-0.0183684,0.0551486,0.0581271
0.475,0.558333,-0.00252038,0.0566436,0.0566997
0.475,0.575,0.0134486,0.0581002,0.0596364
0.475,0.591667,0.02956,0.0595088,0.0664461
0.475,0.608333,0.0458394,0.0608593,0.0761912
0.475,0.625,0.0623174,0.0621409,0.0880054
0.475,0.641667,0.0790298,0.0633419,0.101281
0.475,0.658333,0.0960175,0.0644502,0.115643
0.475,0.675,0.113326,0.0654522,0.130869
0.475,0.691667,0.131,0.0663326,0.146837
0.475,0.708333,0.149084,0.0670733,0.163478
0.475,0.725,0.167608,0.0676517,0.180746
0.475,0.741667,0.186577,0.068039,0.198595
0.475,0.758333,0.205958,0.0681981,0.216955
0.475,0.775,0.225661,0.0680817,0.235708
0.475,0.791667,0.245522,0.0676315,0.254666
0.475,0.808333,0.265285,0.0667783,0.273561
0.475,0.825,0.284603,0.0654443,0.29203
0.475,0.841667,0.303029,0.0635474,0.309621
0.475,0.858333,0.320041,0.0610069,0.325804
0.475,0.875,0.335067,0.0577475,0.340007
0.475,0.891667,0.347608,0.0536877,0.351729
0.475,0.908333,0.357798,0.0486732,0.361093
0.475,0.925,0.368704,0.0423202,0.371124
0.475,0.941667,0.392322,0.033939,0.393788
0.475,0.958333,0.457225,0.0230982,0.457808
0.475,0.975,0.604683,0.0111686,0.604786
0.475,0.991667,0.855656,0.00263916,0.85566
0.491667,0.00833333,-0.0321616,0.000503856,0.0321656
0.491667,0.025,-0.0877062,0.00161768,0.0877211
0.491667,0.0416667,-0.135844,0.00252305,0.135867
0.491667,0.0583333,-0.178692,0.00282764,0.178715
0.491667,0.075,-0.218345,0.00280185,0.218363
0.491667,0.0916667,-0.25566,0.00291494,0.255677
0.491667,0.108333,-0.289902,0.0035032,0.289924
0.491667,0.125,-0.319292,0.00467146,0.319326
0.491667,0.141667,-0.341843,0.00634003,0.341902
0.491667,0.158333,-0.356064,0.00832315,0.356161
0.491667,0.175,-0.361378,0.0103938,0.361527
0.491667,0.191667,-0.358275,0.0123384,0.358487
0.491667,0.208333,-0.348169,0.0140025,0.34845
0.491667,0.225,-0.333013,0.0153192,0.333365
0.491667,0.241667,-0.314837,0.0163091,0.315259
0.491667,0.258333,-0.295365,0.0170566,0.295857
0.491667,0.275,-0.275823,0.0176744,0.276389
0.491667,0.291667,-0.256915,0.0182724,0.257564
0.491667,0.308333,-0.23892,0.0189372,0.239669
0.491667,0.325,-0.221834,0.0197236,0.222709
0.491667,0.341667,-0.205497,0.020657,0.206532
0.491667,0.358333,-0.189698,0.0217389,0.190939
0.491667,0.375,-0.174234,0.0229557,0.17574
0.491667,0.391667,-0.158946,0.0242861,0.160791
0.491667,0.408333,-0.143719,0.0257069,0.146
0.491667,0.425,-0.128484,0.0271965,0.13133
0.491667,0.441667,-0.113201,0.0287366,0.116792
0.491667,0.458333,-0.0978534,0.0303128,0.102441
0.491667,0.475,-0.082433,0.0319139,0.0883951
0.491667,0.491667,-0.0669364,0.0335313,0.0748655
0.491667,0.508333,-0.0513596,0.0351578,0.0622405
0.491667,0.525,-0.0356958,0.0367868,0.0512588
0.491667,0.541667,-0.0199348,0.0384117,0.0432765
0.491667,0.558333,-0.00406232,0.0400254,0.040231
0.491667,0.575,0.0119398,0.0416201,0.0432989
0.491667,0.591667,0.0280937,0.0431871,0.0515207
0.491667,0.608333,0.0444259,0.0447168,0.0630338
0.491667,0.625,0.0609678,0.0461988,0.0764944
0.491667,0.641667,0.0777557,0.0476219,0.09118
0.491667,0.658333,0.0948314,0.0489743,0.106731
0.491667,0.675,0.112241,0.0502434,0.122973
0.491667,0.691667,0.130033,0.0514152,0.139829
0.491667,0.708333,0.148252,0.052474,0.157265
0.491667,0.725,0.166934,0.0534011,0.175268
0.491667,0.741667,0.186091,0.0541732,0.193816
0.491667,0.758333,0.205697,0.0547606,0.212862
0.491667,0.775,0.225673,0.0551258,0.232308
0.491667,0.791667,0.245864,0.0552217,0.251989
0.491667,0.808333,0.266027,0.0549912,0.271651
0.491667,0.825,0.285818,0.0543687,0.290943
0.491667,0.841667,0.304797,0.0532822,0.309419
0.491667,0.858333,0.322438,0.051658,0.326549
0.491667,0.875,0.338167,0.0494216,0.341759
0.491667,0.891667,0.351509,0.0464807,0.354569
0.491667,0.908333,0.362741,0.04265,0.36524
0.491667,0.925,0.375265,0.037498,0.377134
0.491667,0.941667,0.401338,0.0303026,0.40248
0.491667,0.958333,0.468706,0.0206467,0.46916
0.491667,0.975,0.615885,0.00989288,0.615964
0.491667,0.991667,0.860586,0.00229054,0.860589
0.508333,0.00833333,-0.0328597,0.000194139,0.0328603
0.508333,0.025,-0.0881983,0.000270302,0.0881987
0.508333,0.0416667,-0.135492,-0.000494996,0.135493
0.508333,0.0583333,-0.177701,-0.00214295,0.177714
0.508333,0.075,-0.217272,-0.00418238,0.217312
0.508333,0.0916667,-0.254985,-0.00604402,0.255057
0.508333,0.108333,-0.289864,-0.00734594,0.289957
0.508333,0.125,-0.319909,-0.00793542,0.320008
0.508333,0.141667,-0.343002,-0.00782759,0.343091
0.508333,0.158333,-0.357572,-0.00714338,0.357644
0.508333,0.175,-0.363016,-0.00606696,0.363067
0.508333,0.191667,-0.359843,-0.00480477,0.359875
0.508333,0.208333,-0.349529,-0.00354006,0.349547
0.508333,0.225,-0.334113,-0.00239569,0.334122
0.508333,0.241667,-0.315703,-0.00141901,0.315706
0.508333,0.258333,-0.296074,-0.000591693,0.296074
0.508333,0.275,-0.276469,0.000145211,0.276469
0.508333,0.291667,-0.257585,0.000863869,0.257587
0.508333,0.308333,-0.239679,0.00162914,0.239685
0.508333,0.325,-0.222719,0.00248764,0.222733
0.508333,0.341667,-0.206522,0.00346502,0.206551
0.508333,0.358333,-0.190858,0.00456861,0.190912
0.508333,0.375,-0.175515,0.00579255,0.17561
0.508333,0.391667,-0.160327,0.00712334,0.160485
0.508333,0.408333,-0.14518,0.00854443,0.145431
0.508333,0.425,-0.130007,0.0100395,0.130394
0.508333,0.441667,-0.114772,0.0115944,0.115356
0.508333,0.458333,-0.0994609,0.0131973,0.100333
0.508333,0.475,-0.0840681,0.0148392,0.0853677
0.508333,0.491667,-0.068592,0.0165129,0.0705517
0.508333,0.508333,-0.0530295,0.0182124,0.0560698
0.508333,0.525,-0.0373742,0.0199321,0.042357
0.508333,0.541667,-0.0216153,0.0216666,0.030605
0.508333,0.558333,-0.00573809,0.0234096,0.0241026
0.508333,0.575,0.0102766,0.0251544,0.0271726
0.508333,0.591667,0.0264518,0.026893,0.0377217
0.508333,0.608333,0.042815,0.0286165,0.0514979
0.508333,0.625,0.0593983,0.0303154,0.0666872
0.508333,0.641667,0.0762389,0.0319789,0.0826742
0.508333,0.658333,0.0933792,0.0335959,0.0992389
0.508333,0.675,0.110866,0.0351544,0.116306
0.508333,0.691667,0.128749,0.0366417,0.133862
0.508333,0.708333,0.147075,0.0380441,0.151916
0.508333,0.725,0.165883,0.0393458,0.170485
0.508333,0.741667,0.185188,0.0405282,0.189571
0.508333,0.758333,0.204973,0.0415681,0.209145
0.508333,0.775,0.225164,0.0424362,0.229129
0.508333,0.791667,0.245618,0.0430954,0.24937
0.508333,0.808333,0.266099,0.0434999,0.269631
0.508333,0.825,0.286273,0.0435952,0.289574
0.508333,0.841667,0.305705,0.0433193,0.308759
0.508333,0.858333,0.323869,0.0426052,0.326659
0.508333,0.875,0.340199,0.0413787,0.342706
0.508333,0.891667,0.354263,0.0395347,0.356462
0.508333,0.908333,0.366498,0.0368552,0.368347
0.508333,0.925,0.380653,0.0328618,0.382069
0.508333,0.941667,0.409201,0.026806,0.410078
0.508333,0.958333,0.479013,0.0182921,0.479362
0.508333,0.975,0.62595,0.00867404,0.62601
0.508333,0.991667,0.864837,0.00196043,0.864839
0.525,0.00833333,-0.0329048,-0.000149222,0.0329051
0.525,0.025,-0.0872018,-0.00117711,0.0872097
0.525,0.0416667,-0.133244,-0.00365601,0.133295
0.525,0.0583333,-0.174692,-0.00726494,0.174843
0.525,0.075,-0.214188,-0.0113188,0.214487
0.525,0.0916667,-0.252355,-0.0151714,0.252811
0.525,0.108333,-0.287964,-0.0183994,0.288551
0.525,0.125,-0.318827,-0.0207921,0.319504
0.525,0.141667,-0.342698,-0.0222867,0.343422
0.525,0.158333,-0.35792,-0.0229275,0.358653
0.525,0.175,-0.363824,-0.0228491,0.36454
0.525,0.191667,-0.360898,-0.0222488,0.361583
0.525,0.208333,-0.350645,-0.0213432,0.351294
0.525,0.225,-0.335166,-0.0203191,0.335782
0.525,0.241667,-0.316644,-0.0193016,0.317232
0.525,0.258333,-0.296915,-0.0183464,0.297481
0.525,0.275,-0.277257,-0.0174537,0.277806
0.525,0.291667,-0.258378,-0.0165907,0.25891
0.525,0.308333,-0.240529,-0.015713,0.241042
0.525,0.325,-0.223661,-0.01478,0.224149
0.525,0.341667,-0.207575,-0.013762,0.208031
0.525,0.358333,-0.192027,-0.0126432,0.192442
0.525,0.375,-0.176793,-0.0114191,0.177162
0.525,0.391667,-0.161703,-0.010094,0.162018
0.525,0.408333,-0.146641,-0.00867661,0.146898
0.525,0.425,-0.131539,-0.0071777,0.131735
0.525,0.441667,-0.116364,-0.00560764,0.116499
0.525,0.458333,-0.101103,-0.00397551,0.101182
0.525,0.475,-0.0857537,-0.00228877,0.0857843
0.525,0.491667,-0.0703149,-0.000553451,0.0703171
0.525,0.508333,-0.0547845,0.0012254,0.0547982
0.525,0.525,-0.0391563,0.00304316,0.0392743
0.525,0.541667,-0.0234193,0.0048952,0.0239254
0.525,0.558333,-0.00755793,0.0067764,0.010151
0.525,0.575,0.00844767,0.00868088,0.0121128
0.525,0.591667,0.0246217,0.0106018,0.0268072
0.525,0.608333,0.0409925,0.0125314,0.0428651
0.525,0.625,0.0575932,0.0144607,0.0593808
0.525,0.641667,0.0744616,0.0163801,0.076242
0.525,0.658333,0.091641,0.018279,0.0934462
0.525,0.675,0.109179,0.0201464,0.111022
0.525,0.691667,0.127125,0.0219707,0.12901
0.525,0.708333,0.145528,0.0237398,0.147452
0.525,0.725,0.164428,0.0254407,0.166384
0.525,0.741667,0.183843,0.0270586,0.185824
0.525,0.758333,0.203761,0.0285757,0.205755
0.525,0.775,0.224114,0.02997,0.226109
0.525,0.791667,0.244766,0.0312133,0.246748
0.525,0.808333,0.26549,0.0322698,0.267444
0.525,0.825,0.285962,0.033095,0.28787
0.525,0.841667,0.305751,0.0336363,0.307596
0.525,0.858333,0.32434,0.0338326,0.3261
0.525,0.875,0.341178,0.0336085,0.342829
0.525,0.891667,0.355892,0.032844,0.357404
0.525,0.908333,0.369106,0.0312864,0.37043
0.525,0.925,0.384914,0.0284116,0.385961
0.525,0.941667,0.415956,0.0234514,0.416617
0.525,0.958333,0.488186,0.0160372,0.488449
0.525,0.975,0.634919,0.00751391,0.634963
0.525,0.991667,0.868447,0.00164927,0.868448
0.541667,0.00833333,-0.0322419,-0.000513808,0.0322459
0.541667,0.025,-0.0846758,-0.00267505,0.084718
0.541667,0.0416667,-0.129104,-0.00686225,0.129287
0.541667,0.0583333,-0.169685,-0.0124005,0.170137
0.541667,0.075,-0.209098,-0.0184436,0.20991
0.541667,0.0916667,-0.247746,-0.02429,0.248934
0.541667,0.108333,-0.284159,-0.0294769,0.285684
0.541667,0.125,-0.31599,-0.0337263,0.317785
0.541667,0.141667,-0.340883,-0.036884,0.342873
0.541667,0.158333,-0.357073,-0.0389055,0.359186
0.541667,0.175,-0.36379,-0.0398645,0.365968
0.541667,0.191667,-0.361453,-0.039943,0.363654
0.541667,0.208333,-0.351549,-0.0393896,0.353749
0.541667,0.225,-0.336216,-0.0384599,0.338409
0.541667,0.241667,-0.317707,-0.0373646,0.319896
0.541667,0.258333,-0.297929,-0.0362424,0.300126
0.541667,0.275,-0.278218,-0.0351591,0.280431
0.541667,0.291667,-0.259314,-0.0341252,0.26155
0.541667,0.308333,-0.241478,-0.0331181,0.243738
0.541667,0.325,-0.224661,-0.032102,0.226943
0.541667,0.341667,-0.208653,-0.0310415,0.21095
0.541667,0.358333,-0.193199,-0.0299095,0.1955
0.541667,0.375,-0.178065,-0.0286894,0.180361
0.541667,0.391667,-0.163072,-0.0273742,0.165353
0.541667,0.408333,-0.1481,-0.0259641,0.150359
0.541667,0.425,-0.13308,-0.0244635,0.13531
0.541667,0.441667,-0.117978,-0.0228786,0.120176
0.541667,0.458333,-0.102784,-0.0212162,0.10495
0.541667,0.475,-0.0874939,-0.0194821,0.0896367
0.541667,0.491667,-0.0721101,-0.0176815,0.0742462
0.541667,0.508333,-0.0566304,-0.0158188,0.0587983
0.541667,0.525,-0.0410488,-0.0138976,0.0433376
0.541667,0.541667,-0.025354,-0.011922,0.0280171
0.541667,0.558333,-0.00953004,-0.0098958,0.0137386
0.541667,0.575,0.00644393,-0.00782394,0.010136
0.541667,0.591667,0.022593,-0.00571203,0.0233039
0.541667,0.608333,0.0389467,-0.00356673,0.0391097
0.541667,0.625,0.0555391,-0.00139576,0.0555566
0.541667,0.641667,0.0724089,0.000792203,0.0724132
0.541667,0.658333,0.0895999,0.00298769,0.0896497
0.541667,0.675,0.10716,0.0051807,0.107285
0.541667,0.691667,0.12514,0.00736093,0.125356
0.541667,0.708333,0.143588,0.00951793,0.143903
0.541667,0.725,0.162545,0.011641,0.162961
0.541667,0.741667,0.182031,0.0137188,0.182548
0.541667,0.758333,0.202037,0.0157384,0.202649
0.541667,0.775,0.222499,0.0176839,0.223201
0.541667,0.791667,0.243287,0.019535,0.24407
0.541667,0.808333,0.264184,0.0212645,0.265038
0.541667,0.825,0.284871,0.0228371,0.285785
0.541667,0.841667,0.30493,0.0242081,0.305889
0.541667,0.858333,0.323853,0.025321,0.324841
0.541667,0.875,0.341113,0.0260974,0.34211
0.541667,0.891667,0.356419,0.0263997,0.357395
0.541667,0.908333,0.370599,0.0259379,0.371506
0.541667,0.925,0.388089,0.0241444,0.38884
0.541667,0.941667,0.421647,0.020238,0.422133
0.541667,0.958333,0.496264,0.0138827,0.496458
0.541667,0.975,0.642833,0.00641294,0.642865
0.541667,0.991667,0.871453,0.00135703,0.871454
0.558333,0.00833333,-0.0308438,-0.000884394,0.0308564
0.558333,0.025,-0.0806307,-0.00416652,0.0807383
0.558333,0.0416667,-0.123123,-0.0100061,0.123529
0.558333,0.0583333,-0.162733,-0.0174007,0.163661
0.558333,0.075,-0.202028,-0.0253793,0.203616
0.558333,0.0916667,-0.241144,-0.0332048,0.243419
0.558333,0.108333,-0.278402,-0.0403766,0.281315
0.558333,0.125,-0.311332,-0.0465419,0.314792
0.558333,0.141667,-0.337481,-0.0514436,0.34138
0.558333,0.158333,-0.354962,-0.054934,0.359188
0.558333,0.175,-0.362864,-0.0570112,0.367316
0.558333,0.191667,-0.361483,-0.0578288,0.366079
0.558333,0.208333,-0.352241,-0.0576601,0.356929
0.558333,0.225,-0.337284,-0.0568296,0.342038
0.558333,0.241667,-0.318924,-0.0556396,0.323741
0.558333,0.258333,-0.299153,-0.0543204,0.304045
0.558333,0.275,-0.279385,-0.0530125,0.28437
0.558333,0.291667,-0.260417,-0.0517766,0.265514
0.558333,0.308333,-0.242543,-0.0506155,0.247768
0.558333,0.325,-0.225728,-0.0494997,0.231091
0.558333,0.341667,-0.209759,-0.0483877,0.215268
0.558333,0.358333,-0.194373,-0.0472395,0.200031
0.558333,0.375,-0.179326,-0.0460243,0.185138
0.558333,0.391667,-0.164428,-0.044722,0.170401
0.558333,0.408333,-0.149553,-0.0433228,0.155701
0.558333,0.425,-0.134626,-0.0418236,0.140973
0.558333,0.441667,-0.119614,-0.0402263,0.126196
0.558333,0.458333,-0.104502,-0.0385346,0.11138
0.558333,0.475,-0.0892906,-0.0367531,0.0965588
0.558333,0.491667,-0.0739806,-0.0348861,0.0817935
0.558333,0.508333,-0.0585711,-0.0329372,0.067197
0.558333,0.525,-0.0430563,-0.0309096,0.0530023
0.558333,0.541667,-0.027425,-0.0288063,0.0397735
0.558333,0.558333,-0.0116606,-0.0266305,0.0290715
0.558333,0.575,0.00425833,-0.0243858,0.0247548
0.558333,0.591667,0.0203578,-0.0220764,0.0300301
0.558333,0.608333,0.0366685,-0.0197078,0.041629
0.558333,0.625,0.0532253,-0.0172863,0.0559621
0.558333,0.641667,0.0700681,-0.0148193,0.0716181
0.558333,0.658333,0.0872412,-0.0123149,0.0881061
0.558333,0.675,0.104793,-0.00978179,0.105249
0.558333,0.691667,0.122774,-0.00722883,0.122987
0.558333,0.708333,0.141233,-0.00466468,0.14131
0.558333,0.725,0.16021,-0.0020977,0.160224
0.558333,0.741667,0.179727,0.000463924,0.179728
0.558333,0.758333,0.199774,0.00301155,0.199797
0.558333,0.775,0.220293,0.00553482,0.220362
0.558333,0.791667,0.241157,0.00801995,0.241291
0.558333,0.808333,0.262157,0.0104474,0.262365
0.558333,0.825,0.282983,0.0127897,0.283272
0.558333,0.841667,0.303228,0.0150084,0.303599
0.558333,0.858333,0.3224,0.0170499,0.322851
0.558333,0.875,0.340009,0.0188301,0.34053
0.558333,0.891667,0.35586,0.0201904,0.356433
0.558333,0.908333,0.371008,0.0208018,0.371591
0.558333,0.925,0.390221,0.0200553,0.390736
0.558333,0.941667,0.426314,0.0171635,0.42666
0.558333,0.958333,0.503288,0.0118279,0.503427
0.558333,0.975,0.649736,0.00537089,0.649758
0.558333,0.991667,0.873894,0.00108352,0.873894
0.575,0.00833333,-0.028716,-0.00124351,0.0287429
0.575,0.025,-0.0751313,-0.00558883,0.0753389
0.575,0.0416667,-0.1154,-0.0129723,0.116127
0.575,0.0583333,-0.153928,-0.0221067,0.155507
0.575,0.075,-0.193028,-0.0319344,0.195651
0.575,0.0916667,-0.232552,-0.0417011,0.236262
0.575,0.108333,-0.270652,-0.0508715,0.275391
0.575,0.125,-0.304775,-0.0590135,0.310436
0.575,0.141667,-0.332392,-0.065758,0.338834
0.575,0.158333,-0.35148,-0.0708395,0.358548
0.575,0.175,-0.360948,-0.0741611,0.368488
0.575,0.191667,-0.360915,-0.0758282,0.368794
0.575,0.208333,-0.352682,-0.0761241,0.360804
0.575,0.225,-0.338362,-0.0754356,0.346669
0.575,0.241667,-0.320312,-0.0741593,0.328785
0.575,0.258333,-0.300618,-0.0726257,0.309266
0.575,0.275,-0.280793,-0.0710613,0.289645
0.575,0.291667,-0.261719,-0.0695866,0.270812
0.575,0.308333,-0.24375,-0.0682379,0.253121
0.575,0.325,-0.226878,-0.066996,0.236563
0.575,0.341667,-0.210902,-0.0658145,0.220932
0.575,0.358333,-0.195552,-0.0646405,0.205959
0.575,0.375,-0.180575,-0.063427,0.19139
0.575,0.391667,-0.165769,-0.0621391,0.177032
0.575,0.408333,-0.150996,-0.0607545,0.16276
0.575,0.425,-0.136175,-0.0592617,0.148511
0.575,0.441667,-0.121267,-0.0576567,0.134276
0.575,0.458333,-0.106257,-0.0559399,0.120082
0.575,0.475,-0.0911428,-0.0541139,0.105997
0.575,0.491667,-0.0759267,-0.0521822,0.0921295
0.575,0.508333,-0.0606079,-0.0501479,0.0786646
0.575,0.525,-0.0451811,-0.0480134,0.0659289
0.575,0.541667,-0.0296352,-0.0457812,0.0545359
0.575,0.558333,-0.0139535,-0.0434534,0.0456388
0.575,0.575,0.00188602,-0.0410325,0.0410758
0.575,0.591667,0.0179102,-0.0385214,0.0424815
0.575,0.608333,0.0341506,-0.0359241,0.0495662
0.575,0.625,0.0506433,-0.0332452,0.0605805
0.575,0.641667,0.067429,-0.0304907,0.0740024
0.575,0.658333,0.0845527,-0.0276671,0.0889642
0.575,0.675,0.102063,-0.0247813,0.105029
0.575,0.691667,0.120011,-0.0218405,0.121982
0.575,0.708333,0.138443,-0.0188513,0.139721
0.575,0.725,0.157401,-0.0158195,0.158194
0.575,0.741667,0.176905,-0.0127504,0.177364
0.575,0.758333,0.196947,-0.00964856,0.197183
0.575,0.775,0.217468,-0.00651956,0.217566
0.575,0.791667,0.238349,-0.00337145,0.238373
0.575,0.808333,0.259384,-0.00021737,0.259384
0.575,0.825,0.280275,0.00292134,0.280291
0.575,0.841667,0.300627,0.00601112,0.300687
0.575,0.858333,0.319972,0.00899856,0.320098
0.575,0.875,0.337866,0.0117906,0.338071
0.575,0.891667,0.35423,0.014204,0.354515
0.575,0.908333,0.370362,0.0158688,0.370702
0.575,0.925,0.391345,0.0161376,0.391677
0.575,0.941667,0.429996,0.0142238,0.430231
0.575,0.958333,0.509296,0.00987058,0.509391
0.575,0.975,0.65567,0.00438623,0.655684
0.575,0.991667,0.875805,0.000828062,0.875806
0.591667,0.00833333,-0.0259003,-0.00157227,0.025948
0.591667,0.025,-0.068298,-0.00687611,0.0686433
0.591667,0.0416667,-0.106084,-0.0156418,0.107231
0.591667,0.0583333,-0.143397,-0.0263537,0.145799
0.591667,0.075,-0.182178,-0.037906,0.18608
0.591667,0.0916667,-0.221996,-0.0495451,0.227458
0.591667,0.108333,-0.260876,-0.0607067,0.267846
0.591667,0.125,-0.296236,-0.0708802,0.304597
0.591667,0.141667,-0.325489,-0.0795792,0.335076
0.591667,0.158333,-0.346475,-0.0864061,0.357087
0.591667,0.175,-0.357891,-0.0911464,0.369315
0.591667,0.191667,-0.359621,-0.0938301,0.37166
0.591667,0.208333,-0.352783,-0.0947269,0.365279
0.591667,0.225,-0.339405,-0.0942715,0.352254
0.591667,0.241667,-0.321865,-0.0929517,0.335018
0.591667,0.258333,-0.302344,-0.0912058,0.315801
0.591667,0.275,-0.282478,-0.0893585,0.296275
0.591667,0.291667,-0.263263,-0.0876046,0.277456
0.591667,0.308333,-0.245135,-0.0860248,0.259791
0.591667,0.325,-0.228141,-0.0846185,0.243328
0.591667,0.341667,-0.2121,-0.0833388,0.227885
0.591667,0.358333,-0.196746,-0.0821205,0.213197
0.591667,0.375,-0.181815,-0.0808999,0.199001
0.591667,0.391667,-0.167091,-0.0796248,0.185093
0.591667,0.408333,-0.152423,-0.0782586,0.17134
0.591667,0.425,-0.13772,-0.0767787,0.157676
0.591667,0.441667,-0.122932,-0.0751735,0.144095
0.591667,0.458333,-0.108042,-0.073439,0.130639
0.591667,0.475,-0.0930463,-0.0715754,0.117391
0.591667,0.491667,-0.0779452,-0.0695846,0.104487
0.591667,0.508333,-0.0627389,-0.067469,0.0921316
0.591667,0.525,-0.0474224,-0.0652306,0.0806468
0.591667,0.541667,-0.0319851,-0.0628711,0.0705395
0.591667,0.558333,-0.0164102,-0.0603917,0.0625816
0.591667,0.575,-0.000675565,-0.0577938,0.0577978
0.591667,0.591667,0.0152464,-0.0550791,0.0571503
0.591667,0.608333,0.0313881,-0.0522497,0.0609528
0.591667,0.625,0.0477865,-0.0493087,0.0686651
0.591667,0.641667,0.0644832,-0.0462602,0.0793605
0.591667,0.658333,0.0815238,-0.0431086,0.0922197
0.591667,0.675,0.0989572,-0.0398591,0.106683
0.591667,0.691667,0.116834,-0.0365165,0.122407
0.591667,0.708333,0.1352,-0.0330851,0.13919
0.591667,0.725,0.154096,-0.0295682,0.156907
0.591667,0.741667,0.173541,-0.0259676,0.175473
0.591667,0.758333,0.193526,-0.0222845,0.194805
0.591667,0.775,0.213996,-0.01852,0.214796
0.591667,0.791667,0.234831,-0.0146772,0.235289
0.591667,0.808333,0.255835,-0.0107642,0.256061
0.591667,0.825,0.276719,-0.00679773,0.276803
0.591667,0.841667,0.297105,-0.00280876,0.297118
0.591667,0.858333,0.316552,0.00114671,0.316554
0.591667,0.875,0.334678,0.00496276,0.334715
0.591667,0.891667,0.35154,0.00842748,0.351641
0.591667,0.908333,0.368687,0.0111283,0.368854
0.591667,0.925,0.391496,0.0123833,0.391692
0.591667,0.941667,0.432728,0.0114138,0.432878
0.591667,0.958333,0.514323,0.00800787,0.514386
0.591667,0.975,0.660677,0.00345743,0.660686
0.591667,0.991667,0.877223,0.00059011,0.877224
0.608333,0.00833333,-0.0224766,-0.00185155,0.0225527
0.608333,0.025,-0.060307,-0.00796267,0.0608304
0.608333,0.0416667,-0.0953762,-0.0178962,0.0970407
0.608333,0.0583333,-0.131314,-0.0299754,0.134692
0.608333,0.075,-0.1696,-0.0430843,0.174987
0.608333,0.0916667,-0.209532,-0.0564871,0.217013
0.608333,0.108333,-0.249064,-0.069601,0.258607
0.608333,0.125,-0.285631,-0.0818436,0.297126
0.608333,0.141667,-0.316626,-0.0926118,0.329892
0.608333,0.158333,-0.339758,-0.101365,0.354557
0.608333,0.175,-0.353488,-0.107745,0.369543
0.608333,0.191667,-0.357411,-0.111674,0.374452
0.608333,0.208333,-0.352395,-0.113374,0.370184
0.608333,0.225,-0.340319,-0.113304,0.358685
0.608333,0.241667,-0.323544,-0.112032,0.342391
0.608333,0.258333,-0.304337,-0.110106,0.323643
0.608333,0.275,-0.284475,-0.107964,0.304273
0.608333,0.291667,-0.265093,-0.10589,0.28546
0.608333,0.308333,-0.246747,-0.104027,0.267779
0.608333,0.325,-0.229557,-0.102405,0.251363
0.608333,0.341667,-0.213384,-0.100985,0.236073
0.608333,0.358333,-0.197973,-0.099692,0.221657
0.608333,0.375,-0.183054,-0.0984468,0.207847
0.608333,0.391667,-0.168396,-0.0971781,0.194424
0.608333,0.408333,-0.153831,-0.095832,0.181239
0.608333,0.425,-0.139252,-0.0943721,0.168217
0.608333,0.441667,-0.1246,-0.0927769,0.155347
0.608333,0.458333,-0.109849,-0.0910359,0.142669
0.608333,0.475,-0.0949927,-0.0891455,0.130271
0.608333,0.491667,-0.0800292,-0.0871055,0.118288
0.608333,0.508333,-0.0649585,-0.084917,0.106914
0.608333,0.525,-0.0497762,-0.0825815,0.0964229
0.608333,0.541667,-0.0344719,-0.0801,0.0872027
0.608333,0.558333,-0.0190295,-0.0774728,0.0797756
0.608333,0.575,-0.0034264,-0.0747001,0.0747787
0.608333,0.591667,0.0123651,-0.0717823,0.0728395
0.608333,0.608333,0.0283781,-0.0687198,0.0743487
0.608333,0.625,0.0446502,-0.0655139,0.0792825
0.608333,0.641667,0.0612239,-0.0621665,0.0872528
0.608333,0.658333,0.0781453,-0.0586799,0.0977242
0.608333,0.675,0.0954633,-0.0550567,0.110202
0.608333,0.691667,0.113228,-0.0512992,0.124307
0.608333,0.708333,0.131485,-0.047409,0.139771
0.608333,0.725,0.150272,-0.0433863,0.15641
0.608333,0.741667,0.169608,-0.0392298,0.174086
0.608333,0.758333,0.189483,-0.034937,0.192677
0.608333,0.775,0.209842,-0.030505,0.212048
0.608333,0.791667,0.23057,-0.025933,0.232024
0.608333,0.808333,0.251476,-0.0212252,0.25237
0.608333,0.825,0.272283,-0.0163953,0.272776
0.608333,0.841667,0.292632,-0.0114745,0.292857
0.608333,0.858333,0.312119,-0.00652465,0.312188
0.608333,0.875,0.330439,-0.00166904,0.330443
0.608333,0.891667,0.347798,0.00284759,0.34781
0.608333,0.908333,0.366006,0.00656911,0.366065
0.608333,0.925,0.390708,0.00878335,0.390806
0.608333,0.941667,0.434543,0.00872664,0.43463
0.608333,0.958333,0.518406,0.00623497,0.518443
0.608333,0.975,0.664799,0.00258114,0.664804
0.608333,0.991667,0.878182,0.000368339,0.878182
0.625,0.00833333,-0.0185618,-0.0020634,0.0186761
0.625,0.025,-0.0513871,-0.00878723,0.052133
0.625,0.0416667,-0.0835257,-0.0196244,0.0858001
0.625,0.0583333,-0.117898,-0.032812,0.122379
0.625,0.075,-0.15546,-0.04726,0.162485
0.625,0.0916667,-0.195261,-0.0622689,0.20495
0.625,0.108333,-0.235239,-0.0772517,0.247599
0.625,0.125,-0.272897,-0.0915691,0.28785
0.625,0.141667,-0.305652,-0.104509,0.323025
0.625,0.158333,-0.331107,-0.115382,0.350635
0.625,0.175,-0.347477,-0.123663,0.368826
0.625,0.191667,-0.354026,-0.12913,0.376841
0.625,0.208333,-0.351296,-0.131913,0.375247
0.625,0.225,-0.340945,-0.132456,0.36577
0.625,0.241667,-0.32526,-0.131387,0.350794
0.625,0.258333,-0.306573,-0.129362,0.332748
0.625,0.275,-0.286805,-0.126939,0.31364
0.625,0.291667,-0.267262,-0.124514,0.294843
0.625,0.308333,-0.248645,-0.122311,0.2771
0.625,0.325,-0.231182,-0.12041,0.26066
0.625,0.341667,-0.214798,-0.11879,0.245457
0.625,0.358333,-0.199264,-0.117377,0.231265
0.625,0.375,-0.184308,-0.116077,0.217815
0.625,0.391667,-0.169687,-0.1148,0.204872
0.625,0.408333,-0.155214,-0.11347,0.192268
0.625,0.425,-0.140762,-0.112036,0.179906
0.625,0.441667,-0.126258,-0.110463,0.167759
0.625,0.458333,-0.111665,-0.108729,0.155856
0.625,0.475,-0.0969693,-0.106827,0.144274
0.625,0.491667,-0.082167,-0.104753,0.133133
0.625,0.508333,-0.0672567,-0.102505,0.1226
0.625,0.525,-0.052234,-0.100084,0.112894
0.625,0.541667,-0.0370892,-0.0974895,0.104306
0.625,0.558333,-0.0218064,-0.094722,0.0971997
0.625,0.575,-0.00636347,-0.0917802,0.0920005
0.625,0.591667,0.00926748,-0.0886629,0.0891459
0.625,0.608333,0.0251198,-0.085369,0.088988
0.625,0.625,0.0412317,-0.0818976,0.0916912
0.625,0.641667,0.0576461,-0.0782483,0.0971898
0.625,0.658333,0.0744094,-0.0744208,0.105239
0.625,0.675,0.0915705,-0.0704149,0.115514
0.625,0.691667,0.109179,-0.06623,0.127696
0.625,0.708333,0.127279,-0.0618643,0.141517
0.625,0.725,0.145907,-0.0573149,0.15676
0.625,0.741667,0.16508,-0.0525769,0.17325
0.625,0.758333,0.184787,-0.0476442,0.19083
0.625,0.775,0.204974,-0.0425105,0.209335
0.625,0.791667,0.225528,-0.0371718,0.228571
0.625,0.808333,0.246267,-0.0316295,0.24829
0.625,0.825,0.266928,-0.0258967,0.268182
0.625,0.841667,0.287176,-0.0200073,0.287872
0.625,0.858333,0.306652,-0.0140334,0.306973
0.625,0.875,0.325138,-0.00812029,0.325239
0.625,0.891667,0.343012,-0.00254965,0.343021
0.625,0.908333,0.362343,0.00217856,0.362349
0.625,0.925,0.389008,0.00532716,0.389045
0.625,0.941667,0.435472,0.00615462,0.435515
0.625,0.958333,0.521577,0.00454693,0.521596
0.625,0.975,0.668074,0.00175485,0.668076
0.625,0.991667,0.878712,0.000162021,0.878712
0.641667,0.00833333,-0.0143058,-0.00219271,0.0144728
0.641667,0.025,-0.0418143,-0.00929791,0.0428355
0.641667,0.0416667,-0.0708294,-0.02073,0.0738007
0.641667,0.0583333,-0.103417,-0.0347197,0.10909
0.641667,0.075,-0.139976,-0.0502367,0.148718
0.641667,0.0916667,-0.179338,-0.0666358,0.191317
0.641667,0.108333,-0.21947,-0.0833458,0.234763
0.641667,0.125,-0.258002,-0.0996928,0.276593
0.641667,0.141667,-0.292425,-0.114875,0.314179
0.641667,0.158333,-0.320281,-0.128055,0.344932
0.641667,0.175,-0.339549,-0.138528,0.36672
0.641667,0.191667,-0.349133,-0.145882,0.378385
0.641667,0.208333,-0.349181,-0.150108,0.380078
0.641667,0.225,-0.341041,-0.151584,0.373212
0.641667,0.241667,-0.326856,-0.15096,0.360033
0.641667,0.258333,-0.308977,-0.148984,0.343021
0.641667,0.275,-0.289464,-0.146342,0.324354
0.641667,0.291667,-0.26981,-0.143558,0.305624
0.641667,0.308333,-0.250895,-0.140963,0.287782
0.641667,0.325,-0.233088,-0.138708,0.271238
0.641667,0.341667,-0.216406,-0.136813,0.256027
0.641667,0.358333,-0.200666,-0.135216,0.241971
0.641667,0.375,-0.185608,-0.133813,0.228815
0.641667,0.391667,-0.17098,-0.132497,0.216309
0.641667,0.408333,-0.156575,-0.131172,0.204259
0.641667,0.425,-0.142243,-0.129764,0.19254
0.641667,0.441667,-0.127893,-0.128221,0.1811
0.641667,0.458333,-0.113473,-0.126512,0.169945
0.641667,0.475,-0.0989587,-0.124617,0.159129
0.641667,0.491667,-0.084342,-0.122526,0.148749
0.641667,0.508333,-0.0696185,-0.120237,0.138938
0.641667,0.525,-0.0547829,-0.117747,0.129868
0.641667,0.541667,-0.039826,-0.115055,0.121753
0.641667,0.558333,-0.0247322,-0.11216,0.114854
0.641667,0.575,-0.00948019,-0.109059,0.10947
0.641667,0.591667,0.00595785,-0.105749,0.105917
0.641667,0.608333,0.0216152,-0.102228,0.104489
0.641667,0.625,0.0375303,-0.0984934,0.105402
0.641667,0.641667,0.0537462,-0.0945411,0.108751
0.641667,0.658333,0.0703094,-0.0903683,0.114498
0.641667,0.675,0.0872684,-0.0859717,0.122503
0.641667,0.691667,0.104671,-0.0813471,0.132565
0.641667,0.708333,0.122563,-0.0764892,0.144472
0.641667,0.725,0.140976,-0.0713913,0.158022
0.641667,0.741667,0.159927,-0.066045,0.173027
0.641667,0.758333,0.179403,-0.0604405,0.189311
0.641667,0.775,0.199352,-0.0545686,0.206686
0.641667,0.791667,0.219665,-0.0484225,0.224939
0.641667,0.808333,0.240169,-0.0420029,0.243814
0.641667,0.825,0.260616,-0.0353243,0.262999
0.641667,0.841667,0.280702,-0.0284266,0.282137
0.641667,0.858333,0.300122,-0.0213966,0.300884
0.641667,0.875,0.318764,-0.0144069,0.31909
0.641667,0.891667,0.337188,-0.00777968,0.337277
0.641667,0.908333,0.357717,-0.00205813,0.357723
0.641667,0.925,0.386425,0.00200159,0.38643
0.641667,0.941667,0.435542,0.00368696,0.435557
0.641667,0.958333,0.523866,0.00293532,0.523874
0.641667,0.975,0.67054,0.000972503,0.67054
0.641667,0.991667,0.878843,-3.12006e-05,0.878843
0.658333,0.00833333,-0.00988422,-0.00222893,0.0101324
0.658333,0.025,-0.0319022,-0.00945754,0.0332745
0.658333,0.0416667,-0.0576262,-0.0211409,0.0613817
0.658333,0.0583333,-0.0881888,-0.0355832,0.0950969
0.658333,0.075,-0.123425,-0.0518454,0.133872
0.658333,0.0916667,-0.161981,-0.0693542,0.176204
0.658333,0.108333,-0.201894,-0.0875773,0.22007
0.658333,0.125,-0.240971,-0.105838,0.263189
0.658333,0.141667,-0.27684,-0.123272,0.303045
0.658333,0.158333,-0.307042,-0.138916,0.337005
0.658333,0.175,-0.329361,-0.151871,0.362689
0.658333,0.191667,-0.34233,-0.161507,0.378516
0.658333,0.208333,-0.345649,-0.167615,0.384146
0.658333,0.225,-0.340267,-0.170446,0.38057
0.658333,0.241667,-0.328084,-0.170617,0.369796
0.658333,0.258333,-0.311406,-0.168936,0.354279
0.658333,0.275,-0.292402,-0.166211,0.336341
0.658333,0.291667,-0.272758,-0.163108,0.317807
0.658333,0.308333,-0.253561,-0.160088,0.299869
0.658333,0.325,-0.235359,-0.157406,0.283144
0.658333,0.341667,-0.218291,-0.155146,0.267808
0.658333,0.358333,-0.202249,-0.153276,0.253768
0.658333,0.375,-0.187005,-0.151698,0.240797
0.658333,0.391667,-0.172305,-0.150292,0.228641
0.658333,0.408333,-0.157925,-0.148942,0.21708
0.658333,0.425,-0.143693,-0.147549,0.205957
0.658333,0.441667,-0.129493,-0.146042,0.195183
0.658333,0.458333,-0.115254,-0.144369,0.184732
0.658333,0.475,-0.10094,-0.142501,0.174629
0.658333,0.491667,-0.086533,-0.140418,0.16494
0.658333,0.508333,-0.0720234,-0.138111,0.155762
0.658333,0.525,-0.0574043,-0.135574,0.147226
0.658333,0.541667,-0.042666,-0.132804,0.139489
0.658333,0.558333,-0.0277935,-0.129798,0.13274
0.658333,0.575,-0.0127658,-0.126552,0.127194
0.658333,0.591667,0.00244416,-0.123062,0.123086
0.658333,0.608333,0.0178693,-0.119322,0.120653
0.658333,0.625,0.0335479,-0.115329,0.120109
0.658333,0.641667,0.0495227,-0.111075,0.121614
0.658333,0.658333,0.0658398,-0.106554,0.125254
0.658333,0.675,0.0825473,-0.101759,0.131031
0.658333,0.691667,0.0996923,-0.0966834,0.138875
0.658333,0.708333,0.117317,-0.0913165,0.148668
0.658333,0.725,0.135455,-0.0856478,0.160261
0.658333,0.741667,0.154119,-0.0796651,0.173491
0.658333,0.758333,0.173297,-0.0733553,0.188183
0.658333,0.775,0.192937,-0.0667064,0.204144
0.658333,0.791667,0.212938,-0.0597102,0.221151
0.658333,0.808333,0.233134,-0.0523678,0.238944
0.658333,0.825,0.253302,-0.0446979,0.257215
0.658333,0.841667,0.273171,-0.0367504,0.275632
0.658333,0.858333,0.292505,-0.0286316,0.293902
0.658333,0.875,0.311307,-0.0205465,0.311985
0.658333,0.891667,0.330332,-0.0128609,0.330582
0.658333,0.908333,0.35215,-0.00615913,0.352204
0.658333,0.925,0.382983,-0.00120961,0.382985
0.658333,0.941667,0.434778,0.00131097,0.43478
0.658333,0.958333,0.525301,0.0013919,0.525302
0.658333,0.975,0.672229,0.000230345,0.672229
0.658333,0.991667,0.8786,-0.00021214,0.8786
0.675,0.00833333,-0.00548771,-0.00216768,0.00590032
0.675,0.025,-0.0219891,-0.00924888,0.023855
0.675,0.0416667,-0.0442871,-0.0208179,0.048936
0.675,0.0583333,-0.0725744,-0.0353292,0.0807168
0.675,0.075,-0.106144,-0.0519626,0.118181
0.675,0.0916667,-0.143482,-0.0702332,0.15975
0.675,0.108333,-0.18273,-0.0896727,0.203547
0.675,0.125,-0.22191,-0.109638,0.247516
0.675,0.141667,-0.258857,-0.129247,0.28933
0.675,0.158333,-0.29119,-0.147438,0.326388
0.675,0.175,-0.316563,-0.163134,0.356124
0.675,0.191667,-0.333165,-0.175461,0.376544
0.675,0.208333,-0.34021,-0.183956,0.38676
0.675,0.225,-0.338163,-0.188668,0.387234
0.675,0.241667,-0.328575,-0.190111,0.37961
0.675,0.258333,-0.313609,-0.189099,0.366209
0.675,0.275,-0.295489,-0.186535,0.349441
0.675,0.291667,-0.276078,-0.183232,0.33135
0.675,0.308333,-0.256689,-0.179804,0.313399
0.675,0.325,-0.238078,-0.176638,0.29645
0.675,0.341667,-0.220552,-0.173917,0.280874
0.675,0.358333,-0.204108,-0.171666,0.266701
0.675,0.375,-0.188576,-0.169814,0.253767
0.675,0.391667,-0.173716,-0.168238,0.241829
0.675,0.408333,-0.159296,-0.166807,0.230651
0.675,0.425,-0.145122,-0.165398,0.220039
0.675,0.441667,-0.131053,-0.163915,0.209864
0.675,0.458333,-0.116995,-0.162285,0.200061
0.675,0.475,-0.102893,-0.16046,0.190615
0.675,0.491667,-0.0887157,-0.158407,0.181558
0.675,0.508333,-0.0744466,-0.156108,0.17295
0.675,0.525,-0.0600745,-0.153551,0.164884
0.675,0.541667,-0.0455878,-0.150728,0.157471
0.675,0.558333,-0.0309713,-0.147634,0.150848
0.675,0.575,-0.0162046,-0.144263,0.14517
0.675,0.591667,-0.00126136,-0.140609,0.140614
0.675,0.608333,0.0138907,-0.136663,0.137368
0.675,0.625,0.0292892,-0.132419,0.13562
0.675,0.641667,0.0449761,-0.127868,0.135547
0.675,0.658333,0.0609969,-0.122999,0.137293
0.675,0.675,0.0773986,-0.117801,0.140953
0.675,0.691667,0.0942271,-0.112263,0.146566
0.675,0.708333,0.111523,-0.106371,0.154117
0.675,0.725,0.129318,-0.100109,0.163539
0.675,0.741667,0.147625,-0.093461,0.174723
0.675,0.758333,0.166431,-0.0864113,0.187527
0.675,0.775,0.185688,-0.0789454,0.201773
0.675,0.791667,0.2053,-0.0710547,0.217249
0.675,0.808333,0.225118,-0.0627429,0.233698
0.675,0.825,0.244941,-0.0540356,0.250831
0.675,0.841667,0.264545,-0.044997,0.268345
0.675,0.858333,0.283772,-0.0357582,0.286016
0.675,0.875,0.302757,-0.026561,0.30392
0.675,0.891667,0.322452,-0.0178171,0.322944
0.675,0.908333,0.34566,-0.0101488,0.345809
0.675,0.925,0.378704,-0.00432907,0.378729
0.675,0.941667,0.4332,-0.000992838,0.433201
0.675,0.958333,0.525904,-9.93218e-05,0.525904
0.675,0.975,0.673171,-0.000483286,0.673171
0.675,0.991667,0.878002,-0.000385324,0.878002
0.691667,0.00833333,-0.0013082,-0.00201192,0.00239983
0.691667,0.025,-0.0124207,-0.00867878,0.0151524
0.691667,0.0416667,-0.0312025,-0.0197629,0.0369347
0.691667,0.0583333,-0.0569714,-0.0339393,0.0663145
0.691667,0.075,-0.0885242,-0.0505294,0.10193
0.691667,0.0916667,-0.124211,-0.0691505,0.142163
0.691667,0.108333,-0.16229,-0.0894219,0.185296
0.691667,0.125,-0.201033,-0.110774,0.229532
0.691667,0.141667,-0.238541,-0.132359,0.272801
0.691667,0.158333,-0.272603,-0.153071,0.312638
0.691667,0.175,-0.300842,-0.171683,0.346383
0.691667,0.191667,-0.321164,-0.187079,0.371678
0.691667,0.208333,-0.332297,-0.198498,0.38707
0.691667,0.225,-0.334152,-0.205711,0.392396
0.691667,0.241667,-0.327816,-0.209038,0.388793
0.691667,0.258333,-0.315195,-0.209222,0.378314
0.691667,0.275,-0.298475,-0.207213,0.363352
0.691667,0.291667,-0.279656,-0.203952,0.346127
0.691667,0.308333,-0.260273,-0.200218,0.328373
0.691667,0.325,-0.241317,-0.196562,0.31124
0.691667,0.341667,-0.223298,-0.193299,0.295341
0.691667,0.358333,-0.206362,-0.19055,0.280882
0.691667,0.375,-0.190428,-0.188296,0.267803
0.691667,0.391667,-0.175299,-0.186436,0.255907
0.691667,0.408333,-0.160748,-0.184832,0.244955
0.691667,0.425,-0.146566,-0.183344,0.234727
0.691667,0.441667,-0.132587,-0.181848,0.225052
0.691667,0.458333,-0.118691,-0.180248,0.215817
0.691667,0.475,-0.1048,-0.17847,0.206965
0.691667,0.491667,-0.0908666,-0.176464,0.198485
0.691667,0.508333,-0.0768611,-0.174198,0.190401
0.691667,0.525,-0.0627656,-0.171649,0.182764
0.691667,0.541667,-0.0485646,-0.168803,0.17565
0.691667,0.558333,-0.0342416,-0.165649,0.169151
0.691667,0.575,-0.0197758,-0.162178,0.16338
0.691667,0.591667,-0.00514157,-0.158381,0.158464
0.691667,0.608333,0.0096924,-0.154247,0.154552
0.691667,0.625,0.0247627,-0.149766,0.151799
0.691667,0.641667,0.0401102,-0.144925,0.150373
0.691667,0.658333,0.0557792,-0.13971,0.150433
0.691667,0.675,0.0718154,-0.134106,0.152125
0.691667,0.691667,0.0882631,-0.128097,0.155561
0.691667,0.708333,0.105162,-0.121664,0.160814
0.691667,0.725,0.122541,-0.114787,0.167906
0.691667,0.741667,0.140414,-0.107447,0.176808
0.691667,0.758333,0.158769,-0.0996229,0.187436
0.691667,0.775,0.177562,-0.0913004,0.19966
0.691667,0.791667,0.196707,-0.0824716,0.213296
0.691667,0.808333,0.216073,-0.0731447,0.228117
0.691667,0.825,0.23549,-0.0633558,0.243864
0.691667,0.841667,0.25479,-0.0531879,0.260282
0.691667,0.858333,0.273903,-0.0428017,0.277227
0.691667,0.875,0.293108,-0.0324803,0.294902
0.691667,0.891667,0.313558,-0.0226813,0.314377
0.691667,0.908333,0.338264,-0.0140604,0.338557
0.691667,0.925,0.373607,-0.00738701,0.37368
0.691667,0.941667,0.430822,-0.00324828,0.430835
0.691667,0.958333,0.525693,-0.00155342,0.525695
0.691667,0.975,0.673387,-0.00117427,0.673388
0.691667,0.991667,0.877065,-0.00055152,0.877066
0.708333,0.00833333,0.00247594,-0.00177233,0.0030449
0.708333,0.025,-0.00353024,-0.0077803,0.00854375
0.708333,0.0416667,-0.0187643,-0.0180251,0.0260193
0.708333,0.0583333,-0.0417978,-0.0314607,0.0523148
0.708333,0.075,-0.0709996,-0.0475689,0.085462
0.708333,0.0916667,-0.104606,-0.0660779,0.123728
0.708333,0.108333,-0.140989,-0.0867132,0.165521
0.708333,0.125,-0.178678,-0.109017,0.20931
0.708333,0.141667,-0.216094,-0.132233,0.253342
0.708333,0.158333,-0.25129,-0.155281,0.295396
0.708333,0.175,-0.281978,-0.176846,0.332845
0.708333,0.191667,-0.305885,-0.195593,0.363073
0.708333,0.208333,-0.321301,-0.210448,0.384087
0.708333,0.225,-0.327548,-0.220835,0.395039
0.708333,0.241667,-0.325146,-0.226782,0.396421
0.708333,0.258333,-0.315603,-0.22886,0.389849
0.708333,0.275,-0.300951,-0.227986,0.377556
0.708333,0.291667,-0.283245,-0.225183,0.36185
0.708333,0.308333,-0.264212,-0.221388,0.344704
0.708333,0.325,-0.245089,-0.217332,0.32757
0.708333,0.341667,-0.226619,-0.213501,0.31135
0.708333,0.358333,-0.20914,-0.21015,0.296483
0.708333,0.375,-0.192701,-0.207352,0.28307
0.708333,0.391667,-0.177181,-0.205058,0.271001
0.708333,0.408333,-0.162382,-0.203147,0.26007
0.708333,0.425,-0.148096,-0.201472,0.250046
0.708333,0.441667,-0.134136,-0.199888,0.240724
0.708333,0.458333,-0.120359,-0.198271,0.231944
0.708333,0.475,-0.106661,-0.196521,0.2236
0.708333,0.491667,-0.0929701,-0.194562,0.215634
0.708333,0.508333,-0.079243,-0.192343,0.208027
0.708333,0.525,-0.0654494,-0.189826,0.200792
0.708333,0.541667,-0.0515671,-0.186986,0.193966
0.708333,0.558333,-0.0375757,-0.183802,0.187604
0.708333,0.575,-0.0234534,-0.180261,0.18178
0.708333,0.591667,-0.00917428,-0.176347,0.176586
0.708333,0.608333,0.00529215,-0.172048,0.172129
0.708333,0.625,0.0199812,-0.167347,0.168536
0.708333,0.641667,0.0349325,-0.162229,0.165947
0.708333,0.658333,0.0501886,-0.156675,0.164517
0.708333,0.675,0.0657935,-0.150666,0.164405
0.708333,0.691667,0.08179,-0.14418,0.165763
0.708333,0.708333,0.0982161,-0.137194,0.168726
0.708333,0.725,0.1151,-0.129683,0.173395
0.708333,0.741667,0.132456,-0.121624,0.179825
0.708333,0.758333,0.150275,-0.112995,0.188017
0.708333,0.775,0.168519,-0.10378,0.197911
0.708333,0.791667,0.187115,-0.0939726,0.209387
0.708333,0.808333,0.205955,-0.0835896,0.222272
0.708333,0.825,0.22491,-0.0726807,0.236362
0.708333,0.841667,0.243874,-0.0613521,0.251472
0.708333,0.858333,0.26288,-0.0497988,0.267555
0.708333,0.875,0.282359,-0.0383479,0.284951
0.708333,0.891667,0.303662,-0.0275015,0.304905
0.708333,0.908333,0.329981,-0.0179426,0.330468
0.708333,0.925,0.367702,-0.0104284,0.36785
0.708333,0.941667,0.427654,-0.00549449,0.427689
0.708333,0.958333,0.524675,-0.00300294,0.524683
0.708333,0.975,0.67289,-0.0018666,0.672892
0.708333,0.991667,0.875794,-0.000720115,0.875794
0.725,0.00833333,0.005715,-0.00146682,0.00590024
0.725,0.025,0.0043837,-0.00661202,0.0079332
0.725,0.0416667,-0.00734411,-0.0157015,0.0173341
0.725,0.0583333,-0.0274725,-0.0280115,0.039235
0.725,0.075,-0.054031,-0.0431975,0.0691764
0.725,0.0916667,-0.0851612,-0.061102,0.104814
0.725,0.108333,-0.119334,-0.0815667,0.144547
0.725,0.125,-0.155322,-0.104275,0.187078
0.725,0.141667,-0.191889,-0.128619,0.231007
0.725,0.158333,-0.227442,-0.153623,0.274463
0.725,0.175,-0.259913,-0.177971,0.315005
0.725,0.191667,-0.286995,-0.200178,0.349911
0.725,0.208333,-0.306642,-0.218872,0.376742
0.725,0.225,-0.317603,-0.23309,0.393958
0.725,0.241667,-0.319757,-0.242477,0.401297
0.725,0.258333,-0.31408,-0.24731,0.39976
0.725,0.275,-0.302298,-0.24836,0.391237
0.725,0.291667,-0.286406,-0.246655,0.377977
0.725,0.308333,-0.268254,-0.243247,0.362118
0.725,0.325,-0.249304,-0.239046,0.345392
0.725,0.341667,-0.23055,-0.234732,0.329018
0.725,0.358333,-0.212557,-0.230736,0.313718
0.725,0.375,-0.195548,-0.227269,0.299817
0.725,0.391667,-0.179522,-0.224373,0.287353
0.725,0.408333,-0.164345,-0.22198,0.276196
0.725,0.425,-0.14983,-0.219958,0.26614
0.725,0.441667,-0.135788,-0.218156,0.256964
0.725,0.458333,-0.122055,-0.216426,0.248471
0.725,0.475,-0.108501,-0.214641,0.240506
0.725,0.491667,-0.0950315,-0.212698,0.232962
0.725,0.508333,-0.0815814,-0.210517,0.225772
0.725,0.525,-0.0681047,-0.20804,0.218904
0.725,0.541667,-0.0545681,-0.205224,0.212355
0.725,0.558333,-0.0409447,-0.202037,0.206144
0.725,0.575,-0.0272088,-0.198454,0.20031
0.725,0.591667,-0.0133332,-0.194453,0.194909
0.725,0.608333,0.000712445,-0.190013,0.190015
0.725,0.625,0.0149626,-0.185115,0.185719
0.725,0.641667,0.0294553,-0.179738,0.182135
0.725,0.658333,0.0442315,-0.173857,0.179395
0.725,0.675,0.0593331,-0.167448,0.177649
0.725,0.691667,0.0748014,-0.160485,0.177061
0.725,0.708333,0.0906729,-0.152939,0.177797
0.725,0.725,0.106976,-0.144782,0.180015
0.725,0.741667,0.123725,-0.135985,0.183847
0.725,0.758333,0.140917,-0.126526,0.189384
0.725,0.775,0.158523,-0.116387,0.196661
0.725,0.791667,0.176487,-0.10557,0.205651
0.725,0.808333,0.19473,-0.0940994,0.216274
0.725,0.825,0.21317,-0.0820429,0.228413
0.725,0.841667,0.231776,-0.069534,0.241982
0.725,0.858333,0.250695,-0.0568056,0.25705
0.725,0.875,0.270516,-0.0442293,0.274108
0.725,0.891667,0.292777,-0.0323485,0.294559
0.725,0.908333,0.320823,-0.0218649,0.321567
0.725,0.925,0.360997,-0.0135152,0.36125
0.725,0.941667,0.42369,-0.00777962,0.423761
0.725,0.958333,0.522845,-0.00447721,0.522864
0.725,0.975,0.671676,-0.00256985,0.671681
0.725,0.991667,0.874182,-0.000891288,0.874183
0.741667,0.00833333,0.00830056,-0.00111883,0.00837562
0.741667,0.025,0.0110781,-0.00525379,0.0122608
0.741667,0.0416667,0.00272949,-0.0129325,0.0132174
0.741667,0.0583333,-0.0143905,-0.0237782,0.0277937
0.741667,0.075,-0.0380777,-0.0376277,0.0535327
0.741667,0.0916667,-0.066402,-0.0544358,0.0858632
0.741667,0.108333,-0.0979048,-0.0741595,0.122821
0.741667,0.125,-0.131566,-0.0966369,0.163243
0.741667,0.141667,-0.166485,-0.121453,0.206078
0.741667,0.158333,-0.201478,-0.147818,0.249887
0.741667,0.175,-0.234826,-0.174521,0.292577
0.741667,0.191667,-0.264362,-0.200034,0.331513
0.741667,0.208333,-0.287859,-0.222757,0.363982
0.741667,0.225,-0.303583,-0.241342,0.387826
0.741667,0.241667,-0.310751,-0.254982,0.401973
0.741667,0.258333,-0.309693,-0.263543,0.40665
0.741667,0.275,-0.301667,-0.267511,0.403194
0.741667,0.291667,-0.288454,-0.267799,0.393601
0.741667,0.308333,-0.271919,-0.265493,0.380035
0.741667,0.325,-0.253688,-0.261645,0.364439
0.741667,0.341667,-0.234996,-0.257129,0.348337
0.741667,0.358333,-0.216655,-0.252581,0.332771
0.741667,0.375,-0.199104,-0.248394,0.318343
0.741667,0.391667,-0.182503,-0.244754,0.305306
0.741667,0.408333,-0.166826,-0.241685,0.293671
0.741667,0.425,-0.151944,-0.239111,0.283304
0.741667,0.441667,-0.137688,-0.236899,0.274006
0.741667,0.458333,-0.123888,-0.234895,0.265564
0.741667,0.475,-0.110396,-0.232951,0.257786
0.741667,0.491667,-0.0970952,-0.230935,0.250516
0.741667,0.508333,-0.0838952,-0.228738,0.243638
0.741667,0.525,-0.0707309,-0.226275,0.237072
0.741667,0.541667,-0.0575539,-0.223478,0.23077
0.741667,0.558333,-0.0443264,-0.220297,0.224713
0.741667,0.575,-0.031016,-0.216691,0.2189
0.741667,0.591667,-0.0175917,-0.212626,0.213353
0.741667,0.608333,-0.0040216,-0.208073,0.208112
0.741667,0.625,0.00972863,-0.203003,0.203236
0.741667,0.641667,0.023696,-0.197387,0.198804
0.741667,0.658333,0.0379199,-0.191197,0.194921
0.741667,0.675,0.0524405,-0.184401,0.191712
0.741667,0.691667,0.0672974,-0.176967,0.189331
0.741667,0.708333,0.0825264,-0.168863,0.18795
0.741667,0.725,0.0981562,-0.160054,0.187755
0.741667,0.741667,0.114205,-0.15051,0.188934
0.741667,0.758333,0.130674,-0.140206,0.19166
0.741667,0.775,0.14755,-0.129129,0.196074
0.741667,0.791667,0.164798,-0.117284,0.202272
0.741667,0.808333,0.182374,-0.104711,0.210297
0.741667,0.825,0.200254,-0.0914964,0.220167
0.741667,0.841667,0.218492,-0.0778056,0.231932
0.741667,0.858333,0.237355,-0.0639102,0.245809
0.741667,0.875,0.257594,-0.0502249,0.262445
0.741667,0.891667,0.280921,-0.0373279,0.283391
0.741667,0.908333,0.310798,-0.0259307,0.311878
0.741667,0.925,0.353483,-0.0167417,0.353879
0.741667,0.941667,0.418912,-0.0101853,0.419035
0.741667,0.958333,0.52018,-0.00604452,0.520215
0.741667,0.975,0.669724,-0.00333516,0.669732
0.741667,0.991667,0.872206,-0.00108535,0.872206
0.758333,0.00833333,0.010174,-0.00075471,0.010202
0.758333,0.025,0.0163839,-0.00379917,0.0168186
0.758333,0.0416667,0.0111943,-0.0098912,0.0149381
0.758333,0.0583333,-0.00289676,-0.0190042,0.0192237
0.758333,0.075,-0.023568,-0.0311584,0.0390679
0.758333,0.0916667,-0.0488474,-0.0464148,0.0673825
0.758333,0.108333,-0.0773175,-0.0648332,0.100903
0.758333,0.125,-0.108107,-0.0864016,0.138392
0.758333,0.141667,-0.140611,-0.110919,0.179093
0.758333,0.158333,-0.174062,-0.137845,0.222033
0.758333,0.175,-0.207195,-0.166188,0.265609
0.758333,0.191667,-0.238153,-0.194515,0.307495
0.758333,0.208333,-0.264738,-0.221121,0.344936
0.758333,0.225,-0.284893,-0.244346,0.375326
0.758333,0.241667,-0.297234,-0.262914,0.396827
0.758333,0.258333,-0.301382,-0.276181,0.408787
0.758333,0.275,-0.297983,-0.284207,0.411786
0.758333,0.291667,-0.288426,-0.287631,0.407334
0.758333,0.308333,-0.274435,-0.287449,0.397418
0.758333,0.325,-0.2577,-0.284769,0.384061
0.758333,0.341667,-0.239645,-0.280624,0.369025
0.758333,0.358333,-0.221321,-0.275856,0.353666
0.758333,0.375,-0.203408,-0.271071,0.338902
0.758333,0.391667,-0.186268,-0.266642,0.32526
0.758333,0.408333,-0.170027,-0.262744,0.31296
0.758333,0.425,-0.154658,-0.259402,0.302008
0.758333,0.441667,-0.140046,-0.256542,0.292278
0.758333,0.458333,-0.126041,-0.254034,0.283584
0.758333,0.475,-0.112493,-0.251729,0.275721
0.758333,0.491667,-0.0992681,-0.249475,0.2685
0.758333,0.508333,-0.0862559,-0.247138,0.261758
0.758333,0.525,-0.0733696,-0.244602,0.255369
0.758333,0.541667,-0.0605422,-0.241771,0.249236
0.758333,0.558333,-0.0477212,-0.238569,0.243295
0.758333,0.575,-0.0348634,-0.234932,0.237505
0.758333,0.591667,-0.0219311,-0.23081,0.23185
0.758333,0.608333,-0.00888811,-0.226157,0.226332
0.758333,0.625,0.00430158,-0.220934,0.220976
0.758333,0.641667,0.0176752,-0.215101,0.215826
0.758333,0.658333,0.0312713,-0.208622,0.210953
0.758333,0.675,0.0451292,-0.201458,0.206451
0.758333,0.691667,0.0592871,-0.19357,0.202445
0.758333,0.708333,0.073781,-0.184918,0.199094
0.758333,0.725,0.0886413,-0.175467,0.196586
0.758333,0.741667,0.103891,-0.165181,0.195136
0.758333,0.758333,0.119541,-0.154037,0.194981
0.758333,0.775,0.135594,-0.142025,0.196358
0.758333,0.791667,0.152043,-0.129158,0.199496
0.758333,0.808333,0.168888,-0.115491,0.204601
0.758333,0.825,0.18617,-0.101134,0.211867
0.758333,0.841667,0.204036,-0.0862846,0.22153
0.758333,0.858333,0.222883,-0.0712512,0.233994
0.758333,0.875,0.243617,-0.0564868,0.25008
0.758333,0.891667,0.26811,-0.0425958,0.271473
0.758333,0.908333,0.299904,-0.0302886,0.30143
0.758333,0.925,0.345136,-0.0202375,0.345729
0.758333,0.941667,0.413275,-0.0128109,0.413474
0.758333,0.958333,0.516627,-0.00776275,0.516685
0.758333,0.975,0.666982,-0.00417741,0.666995
0.758333,0.991667,0.86982,-0.00129986,0.869821
0.775,0.00833333,0.0113292,-0.000400524,0.0113362
0.775,0.025,0.0202178,-0.00234526,0.0203534
0.775,0.0416667,0.0178736,-0.00676658,0.0191116
0.775,0.0583333,0.00673916,-0.013969,0.0155096
0.775,0.075,-0.0108666,-0.0241522,0.0264842
0.775,0.0916667,-0.0329703,-0.0374745,0.0499137
0.775,0.108333,-0.0581722,-0.0540787,0.0794261
0.775,0.125,-0.0856852,-0.0740779,0.113267
0.775,0.141667,-0.115119,-0.0974744,0.150843
0.775,0.158333,-0.146091,-0.124011,0.191628
0.775,0.175,-0.177825,-0.153009,0.234592
0.775,0.191667,-0.208928,-0.183278,0.277924
0.775,0.208333,-0.237449,-0.213186,0.319109
0.775,0.225,-0.261242,-0.2409,0.35536
0.775,0.241667,-0.278474,-0.264744,0.384236
0.775,0.258333,-0.288089,-0.28353,0.404208
0.775,0.275,-0.290019,-0.296762,0.414944
0.775,0.291667,-0.285088,-0.304641,0.41723
0.775,0.308333,-0.274697,-0.307899,0.412626
0.775,0.325,-0.26045,-0.307568,0.403029
0.775,0.341667,-0.243861,-0.304747,0.390306
0.775,0.358333,-0.226174,-0.300446,0.376062
0.775,0.375,-0.208303,-0.295483,0.361525
0.775,0.391667,-0.190837,-0.290448,0.347532
0.775,0.408333,-0.174093,-0.285711,0.334573
0.775,0.425,-0.158191,-0.281454,0.322863
0.775,0.441667,-0.143111,-0.277716,0.312421
0.775,0.458333,-0.128762,-0.274437,0.303142
0.775,0.475,-0.115016,-0.271499,0.294856
0.775,0.491667,-0.10174,-0.268758,0.28737
0.775,0.508333,-0.0888133,-0.266065,0.280497
0.775,0.525,-0.0761315,-0.263282,0.274068
0.775,0.541667,-0.0636088,-0.260284,0.267943
0.775,0.558333,-0.0511755,-0.256965,0.262011
0.775,0.575,-0.0387746,-0.253236,0.256187
0.775,0.591667,-0.0263577,-0.24902,0.250411
0.775,0.608333,-0.0138814,-0.244253,0.244647
0.775,0.625,-0.00130523,-0.238876,0.238879
0.775,0.641667,0.0114105,-0.232836,0.233116
0.775,0.658333,0.0243053,-0.226085,0.227387
0.775,0.675,0.0374187,-0.218572,0.221752
0.775,0.691667,0.0507893,-0.210252,0.2163
0.775,0.708333,0.0644543,-0.201079,0.211156
0.775,0.725,0.0784476,-0.19101,0.206492
0.775,0.741667,0.0927989,-0.18001,0.202522
0.775,0.758333,0.107533,-0.168054,0.199513
0.775,0.775,0.122673,-0.155138,0.197779
0.775,0.791667,0.138245,-0.141286,0.19767
0.775,0.808333,0.1543,-0.126568,0.19957
0.775,0.825,0.170952,-0.111118,0.203892
0.775,0.841667,0.188448,-0.0951627,0.211113
0.775,0.858333,0.207318,-0.0790445,0.221876
0.775,0.875,0.228618,-0.0632455,0.237205
0.775,0.891667,0.254357,-0.0483843,0.258918
0.775,0.908333,0.288125,-0.035159,0.290262
0.775,0.925,0.335906,-0.0242011,0.336777
0.775,0.941667,0.406705,-0.0158275,0.407012
0.775,0.958333,0.512098,-0.00977643,0.512191
0.775,0.975,0.663356,-0.00520746,0.663377
0.775,0.991667,0.866941,-0.00157984,0.866942
0.791667,0.00833333,0.0118085,-7.8874e-05,0.0118087
0.791667,0.025,0.0225859,-0.00098172,0.0226072
0.791667,0.0416667,0.022689,-0.00374403,0.0229958
0.791667,0.0583333,0.014343,-0.00896105,0.0169122
0.791667,0.075,-0.00024723,-0.0170012,0.017003
0.791667,0.0916667,-0.0191576,-0.0281112,0.0340184
0.791667,0.108333,-0.0409978,-0.0424942,0.0590473
0.791667,0.125,-0.0650046,-0.0603502,0.0887003
0.791667,0.141667,-0.0909092,-0.0818446,0.122323
0.791667,0.158333,-0.118619,-0.10699,0.159742
0.791667,0.175,-0.147824,-0.135465,0.200506
0.791667,0.191667,-0.177673,-0.166452,0.243462
0.791667,0.208333,-0.206663,-0.198586,0.286611
0.791667,0.225,-0.232821,-0.230079,0.327325
0.791667,0.241667,-0.254116,-0.259014,0.362854
0.791667,0.258333,-0.268953,-0.283722,0.39094
0.791667,0.275,-0.276547,-0.303098,0.4103
0.791667,0.291667,-0.277028,-0.31675,0.420803
0.791667,0.308333,-0.271287,-0.32496,0.423315
0.791667,0.325,-0.260656,-0.328495,0.419345
0.791667,0.341667,-0.246591,-0.328378,0.410658
0.791667,0.358333,-0.230437,-0.325686,0.398964
0.791667,0.375,-0.213291,-0.3214,0.385734
0.791667,0.391667,-0.195964,-0.316319,0.372102
0.791667,0.408333,-0.178987,-0.311035,0.358858
0.791667,0.425,-0.162658,-0.305932,0.346485
0.791667,0.441667,-0.147101,-0.301212,0.335213
0.791667,0.458333,-0.132321,-0.296943,0.325091
0.791667,0.475,-0.118249,-0.293089,0.316044
0.791667,0.491667,-0.104784,-0.289552,0.307929
0.791667,0.508333,-0.0918112,-0.286203,0.300569
0.791667,0.525,-0.0792219,-0.282898,0.293781
0.791667,0.541667,-0.0669176,-0.279497,0.287396
0.791667,0.558333,-0.0548136,-0.275868,0.281261
0.791667,0.575,-0.0428382,-0.271895,0.275249
0.791667,0.591667,-0.03093,-0.267475,0.269257
0.791667,0.608333,-0.0190355,-0.262516,0.263205
0.791667,0.625,-0.00710638,-0.256937,0.257036
0.791667,0.641667,0.00490212,-0.250667,0.250715
0.791667,0.658333,0.0170331,-0.243638,0.244233
0.791667,0.675,0.0293285,-0.235788,0.237605
0.791667,0.691667,0.0418297,-0.227058,0.230879
0.791667,0.708333,0.0545772,-0.217395,0.224141
0.791667,0.725,0.0676109,-0.20675,0.217524
0.791667,0.741667,0.0809704,-0.195085,0.211221
0.791667,0.758333,0.0946972,-0.182376,0.205496
0.791667,0.775,0.108839,-0.168623,0.200698
0.791667,0.791667,0.123464,-0.153861,0.197273
0.791667,0.808333,0.138677,-0.138175,0.195764
0.791667,0.825,0.154671,-0.121721,0.196823
0.791667,0.841667,0.171801,-0.104748,0.201215
0.791667,0.858333,0.190723,-0.0876234,0.209888
0.791667,0.875,0.212637,-0.0708456,0.224128
0.791667,0.891667,0.239664,-0.0550325,0.245901
0.791667,0.908333,0.275417,-0.0408571,0.278431
0.791667,0.925,0.325702,-0.0289031,0.326982
0.791667,0.941667,0.399071,-0.0194393,0.399544
0.791667,0.958333,0.50644,-0.0121989,0.506587
0.791667,0.975,0.658691,-0.00644458,0.658722
0.791667,0.991667,0.863447,-0.00191348,0.863449
0.808333,0.00833333,0.0116937,0.0001936,0.0116953
0.808333,0.025,0.0235779,0.000219055,0.023579
0.808333,0.0416667,0.0256637,-0.000985485,0.0256826
0.808333,0.0583333,0.019848,-0.00424819,0.0202975
0.808333,0.075,0.00812734,-0.0100877,0.0129543
0.808333,0.0916667,-0.00767916,-0.0188308,0.0203364
0.808333,0.108333,-0.0262018,-0.0307223,0.0403782
0.808333,0.125,-0.0466599,-0.0460072,0.0655272
0.808333,0.141667,-0.0688141,-0.0649527,0.0946268
0.808333,0.158333,-0.092742,-0.0877803,0.127697
0.808333,0.175,-0.118498,-0.114509,0.164785
0.808333,0.191667,-0.145761,-0.14476,0.205431
0.808333,0.208333,-0.1736,-0.177599,0.248352
0.808333,0.225,-0.200461,-0.211529,0.291426
0.808333,0.241667,-0.224416,-0.244654,0.331991
0.808333,0.258333,-0.243589,-0.27501,0.367377
0.808333,0.275,-0.256602,-0.300944,0.395489
0.808333,0.291667,-0.262864,-0.3214,0.415206
0.808333,0.308333,-0.262605,-0.336036,0.426476
0.808333,0.325,-0.256691,-0.345149,0.430137
0.808333,0.341667,-0.246336,-0.349486,0.427577
0.808333,0.358333,-0.23284,-0.35003,0.420399
0.808333,0.375,-0.217393,-0.347813,0.410162
0.808333,0.391667,-0.200973,-0.343783,0.398217
0.808333,0.408333,-0.184313,-0.338731,0.385629
0.808333,0.425,-0.167909,-0.333257,0.373167
0.808333,0.441667,-0.152056,-0.327769,0.361322
0.808333,0.458333,-0.136895,-0.322509,0.35036
0.808333,0.475,-0.122457,-0.317582,0.340373
0.808333,0.491667,-0.108705,-0.312989,0.331329
0.808333,0.508333,-0.0955633,-0.308665,0.32312
0.808333,0.525,-0.0829388,-0.304501,0.315594
0.808333,0.541667,-0.0707359,-0.300367,0.308583
0.808333,0.558333,-0.0588638,-0.296126,0.30192
0.808333,0.575,-0.0472406,-0.291646,0.295448
0.808333,0.591667,-0.0357933,-0.286801,0.289026
0.808333,0.608333,-0.0244575,-0.281475,0.282535
0.808333,0.625,-0.0131753,-0.275562,0.275877
0.808333,0.641667,-0.00189414,-0.268967,0.268974
0.808333,0.658333,0.00943546,-0.261602,0.261772
0.808333,0.675,0.0208609,-0.253387,0.254244
0.808333,0.691667,0.0324289,-0.244248,0.246392
0.808333,0.708333,0.0441864,-0.23412,0.238253
0.808333,0.725,0.0561824,-0.222946,0.229916
0.808333,0.741667,0.0684701,-0.210682,0.221529
0.808333,0.758333,0.0811112,-0.197304,0.213326
0.808333,0.775,0.0941844,-0.182816,0.205651
0.808333,0.791667,0.1078,-0.167259,0.198988
0.808333,0.808333,0.122126,-0.15073,0.193995
0.808333,0.825,0.137437,-0.133399,0.191531
0.808333,0.841667,0.154192,-0.115529,0.192671
0.808333,0.858333,0.173175,-0.0974977,0.198734
0.808333,0.875,0.19571,-0.0798016,0.211355
0.808333,0.891667,0.224015,-0.0630401,0.232716
0.808333,0.908333,0.261698,-0.047848,0.266036
0.808333,0.925,0.314378,-0.0347593,0.316294
0.808333,0.941667,0.390177,-0.0240057,0.390915
0.808333,0.958333,0.499425,-0.0153377,0.499661
0.808333,0.975,0.652746,-0.00813258,0.652796
0.808333,0.991667,0.859131,-0.0024027,0.859134
0.825,0.00833333,0.0110924,0.000407583,0.0110999
0.825,0.025,0.0233524,0.00120879,0.0233837
0.825,0.0416667,0.0269157,0.00138664,0.0269514
0.825,0.0583333,0.0232958,-5.0719e-05,0.0232958
0.825,0.075,0.0142137,-0.00374563,0.014699
0.825,0.0916667,0.00132903,-0.0100972,0.0101843
0.825,0.108333,-0.0140366,-0.0193792,0.0239286
0.825,0.125,-0.0310717,-0.0318478,0.0444942
0.825,0.141667,-0.0494976,-0.0478073,0.0688153
0.825,0.158333,-0.0694394,-0.0675989,0.0969094
0.825,0.175,-0.091172,-0.0914986,0.129168
0.825,0.191667,-0.1148,-0.119536,0.165734
0.825,0.208333,-0.139965,-0.151293,0.206107
0.825,0.225,-0.16569,-0.18577,0.248925
0.825,0.241667,-0.190439,-0.221394,0.292031
0.825,0.258333,-0.212387,-0.256216,0.332799
0.825,0.275,-0.229832,-0.288254,0.368664
0.825,0.291667,-0.241574,-0.315859,0.397649
0.825,0.308333,-0.247136,-0.337983,0.418699
0.825,0.325,-0.246762,-0.354269,0.431738
0.825,0.341667,-0.241232,-0.364965,0.437484
0.825,0.358333,-0.231618,-0.370748,0.437151
0.825,0.375,-0.219058,-0.372522,0.432156
0.825,0.391667,-0.204603,-0.371256,0.423903
0.825,0.408333,-0.189131,-0.36786,0.413632
0.825,0.425,-0.173315,-0.36311,0.402352
0.825,0.441667,-0.157628,-0.35762,0.390818
0.825,0.458333,-0.142371,-0.351832,0.379546
0.825,0.475,-0.127708,-0.346033,0.368847
0.825,0.491667,-0.113703,-0.340377,0.358866
0.825,0.508333,-0.100351,-0.334915,0.349626
0.825,0.525,-0.0876054,-0.329625,0.341068
0.825,0.541667,-0.075397,-0.324431,0.333077
0.825,0.558333,-0.0636465,-0.319228,0.325511
0.825,0.575,-0.0522736,-0.313892,0.318215
0.825,0.591667,-0.0412016,-0.308296,0.311037
0.825,0.608333,-0.030359,-0.302312,0.303833
0.825,0.625,-0.0196799,-0.295819,0.296473
0.825,0.641667,-0.00910332,-0.2887,0.288843
0.825,0.658333,0.00142794,-0.280848,0.280851
0.825,0.675,0.011969,-0.272163,0.272426
0.825,0.691667,0.0225747,-0.262556,0.263525
0.825,0.708333,0.0333015,-0.251945,0.254136
0.825,0.725,0.0442108,-0.240263,0.244297
0.825,0.741667,0.0553729,-0.227458,0.234101
0.825,0.758333,0.0668738,-0.213501,0.223729
0.825,0.775,0.078826,-0.198393,0.213479
0.825,0.791667,0.091387,-0.182179,0.203816
0.825,0.808333,0.104789,-0.164959,0.195428
0.825,0.825,0.119387,-0.146904,0.189299
0.825,0.841667,0.135744,-0.128276,0.186766
0.825,0.858333,0.154758,-0.109443,0.189546
0.825,0.875,0.177864,-0.0908758,0.199735
0.825,0.891667,0.207357,-0.0731333,0.219876
0.825,0.908333,0.246824,-0.056794,0.253274
0.825,0.925,0.301701,-0.0423327,0.304657
0.825,0.941667,0.379712,-0.0299448,0.380891
0.825,0.958333,0.490689,-0.0194122,0.491073
0.825,0.975,0.645147,-0.0102827,0.645229
0.825,0.991667,0.853722,-0.00300561,0.853728
0.841667,0.00833333,0.0101236,0.000561126,0.0101392
0.841667,0.025,0.0221151,0.00196587,0.0222023
0.841667,0.0416667,0.026642,0.00329889,0.0268455
0.841667,0.0583333,0.0248284,0.00347726,0.0250707
0.841667,0.075,0.0180847,0.00176847,0.018171
0.841667,0.0916667,0.00786662,-0.00228868,0.00819279
0.841667,0.108333,-0.00458941,-0.00899165,0.0100952
0.841667,0.125,-0.0184537,-0.0185883,0.0261929
0.841667,0.141667,-0.0333759,-0.0313687,0.0458034
0.841667,0.158333,-0.0494354,-0.0477028,0.068698
0.841667,0.175,-0.0669785,-0.0680008,0.0954475
0.841667,0.191667,-0.0863691,-0.092588,0.126618
0.841667,0.208333,-0.107709,-0.121518,0.162382
0.841667,0.225,-0.130611,-0.154376,0.202216
0.841667,0.241667,-0.154111,-0.190159,0.244767
0.841667,0.258333,-0.176756,-0.227295,0.287934
0.841667,0.275,-0.196877,-0.263843,0.329202
0.841667,0.291667,-0.212943,-0.297823,0.36612
0.841667,0.308333,-0.223888,-0.327578,0.396778
0.841667,0.325,-0.229283,-0.352018,0.420104
0.841667,0.341667,-0.229325,-0.370707,0.435906
0.841667,0.358333,-0.224666,-0.383784,0.444708
0.841667,0.375,-0.216218,-0.391801,0.447502
0.841667,0.391667,-0.20496,-0.39555,0.445498
0.841667,0.408333,-0.191813,-0.395908,0.439926
0.841667,0.425,-0.177564,-0.393727,0.431914
0.841667,0.441667,-0.162834,-0.389762,0.422409
0.841667,0.458333,-0.14808,-0.384634,0.412155
0.841667,0.475,-0.133613,-0.378818,0.401691
0.841667,0.491667,-0.119623,-0.372648,0.391377
0.841667,0.508333,-0.106204,-0.366336,0.38142
0.841667,0.525,-0.0933875,-0.35999,0.371906
0.841667,0.541667,-0.0811571,-0.353642,0.362835
0.841667,0.558333,-0.0694697,-0.347262,0.354143
0.841667,0.575,-0.0582661,-0.340782,0.345727
0.841667,0.591667,-0.0474803,-0.334107,0.337464
0.841667,0.608333,-0.0370441,-0.327127,0.329218
0.841667,0.625,-0.0268905,-0.319725,0.320853
0.841667,0.641667,-0.0169542,-0.311782,0.312243
0.841667,0.658333,-0.00717221,-0.303183,0.303268
0.841667,0.675,0.00251818,-0.293816,0.293827
0.841667,0.691667,0.0121807,-0.283579,0.28384
0.841667,0.708333,0.0218831,-0.272377,0.273255
0.841667,0.725,0.0317016,-0.260132,0.262057
0.841667,0.741667,0.041726,-0.246781,0.250284
0.841667,0.758333,0.0520692,-0.232287,0.238052
0.841667,0.775,0.0628798,-0.216644,0.225585
0.841667,0.791667,0.0743631,-0.199888,0.213272
0.841667,0.808333,0.0868133,-0.18211,0.201743
0.841667,0.825,0.100665,-0.163467,0.191976
0.841667,0.841667,0.116572,-0.1442,0.185426
0.841667,0.858333,0.135534,-0.124639,0.184131
0.841667,0.875,0.159084,-0.105203,0.190723
0.841667,0.891667,0.189573,-0.0863813,0.208326
0.841667,0.908333,0.230564,-0.0686763,0.240574
0.841667,0.925,0.28732,-0.0524968,0.292077
0.841667,0.941667,0.367225,-0.0380174,0.369188
0.841667,0.958333,0.479712,-0.0250864,0.480367
0.841667,0.975,0.635351,-0.0134434,0.635493
0.841667,0.991667,0.846757,-0.00395957,0.846766
0.858333,0.00833333,0.00890394,0.000658502,0.00892826
0.858333,0.025,0.020095,0.00249344,0.0202491
0.858333,0.0416667,0.0250947,0.00472774,0.0255361
0.858333,0.0583333,0.0246697,0.00625523,0.0254504
0.858333,0.075,0.0199158,0.0062915,0.0208859
0.858333,0.0916667,0.0120569,0.00432722,0.0128099
0.858333,0.108333,0.00220736,4.30293e-05,0.00220778
0.858333,0.125,-0.00881565,-0.00679523,0.0111306
0.858333,0.141667,-0.0205931,-0.0164359,0.0263479
0.858333,0.158333,-0.0331107,-0.0292095,0.0441533
0.858333,0.175,-0.046673,-0.0455418,0.0652106
0.858333,0.191667,-0.0617332,-0.0658961,0.0902955
0.858333,0.208333,-0.078669,-0.0906423,0.12002
0.858333,0.225,-0.0975566,-0.119879,0.154558
0.858333,0.241667,-0.11801,-0.153251,0.193423
0.858333,0.258333,-0.139138,-0.189834,0.235364
0.858333,0.275,-0.159638,-0.228144,0.27845
0.858333,0.291667,-0.178031,-0.266315,0.320342
0.858333,0.308333,-0.192956,-0.302404,0.358721
0.858333,0.325,-0.203447,-0.334732,0.391709
0.858333,0.341667,-0.209076,-0.362128,0.41815
0.858333,0.358333,-0.209948,-0.384017,0.437661
0.858333,0.375,-0.206566,-0.400371,0.450518
0.858333,0.391667,-0.199668,-0.411568,0.457444
0.858333,0.408333,-0.190075,-0.418241,0.459406
0.858333,0.425,-0.17858,-0.421144,0.457442
0.858333,0.441667,-0.165883,-0.421042,0.452541
0.858333,0.458333,-0.152554,-0.418647,0.445576
0.858333,0.475,-0.139034,-0.414569,0.437262
0.858333,0.491667,-0.125638,-0.409304,0.428152
0.858333,0.508333,-0.112578,-0.403227,0.418648
0.858333,0.525,-0.0999805,-0.396606,0.409014
0.858333,0.541667,-0.0879085,-0.38961,0.399405
0.858333,0.558333,-0.0763779,-0.38233,0.389885
0.858333,0.575,-0.065373,-0.374795,0.380454
0.858333,0.591667,-0.0548575,-0.366986,0.371064
0.858333,0.608333,-0.0447826,-0.358851,0.361634
0.858333,0.625,-0.0350924,-0.350313,0.352066
0.858333,0.641667,-0.0257269,-0.341281,0.342249
0.858333,0.658333,-0.0166235,-0.331656,0.332072
0.858333,0.675,-0.00771684,-0.321336,0.321429
0.858333,0.691667,0.00106321,-0.310221,0.310223
0.858333,0.708333,0.00979426,-0.298216,0.298377
0.858333,0.725,0.0185665,-0.285237,0.285841
0.858333,0.741667,0.0274894,-0.271216,0.272606
0.858333,0.758333,0.0367024,-0.256107,0.258724
0.858333,0.775,0.0463893,-0.239893,0.244337
0.858333,0.791667,0.0568005,-0.222597,0.229729
0.858333,0.808333,0.0682871,-0.204286,0.215397
0.858333,0.825,0.0813519,-0.18509,0.202179
0.858333,0.841667,0.0967279,-0.1652,0.191435
0.858333,0.858333,0.115497,-0.144881,0.185284
0.858333,0.875,0.13927,-0.124466,0.186783
0.858333,0.891667,0.170439,-0.10434,0.19984
0.858333,0.908333,0.212542,-0.0848892,0.228867
0.858333,0.925,0.2707,-0.0664275,0.278732
0.858333,0.941667,0.352024,-0.0490859,0.355429
0.858333,0.958333,0.46568,-0.0327837,0.466832
0.858333,0.975,0.622522,-0.017566,0.62277
0.858333,0.991667,0.837667,-0.00513082,0.837682
0.875,0.00833333,0.00753719,0.000708171,0.00757039
0.875,0.025,0.0175214,0.0028134,0.0177458
0.875,0.0416667,0.0225555,0.00569168,0.0232625
0.875,0.0583333,0.0231027,0.00827022,0.0245384
0.875,0.075,0.0199647,0.00975185,0.0222191
0.875,0.0916667,0.0141263,0.00959759,0.0170782
0.875,0.108333,0.00655102,0.00746855,0.00993454
0.875,0.125,-0.00199338,0.00314074,0.00371993
0.875,0.141667,-0.011047,-0.00358714,0.0116148
0.875,0.158333,-0.0204981,-0.0129725,0.0242581
0.875,0.175,-0.0305512,-0.0253747,0.0397146
0.875,0.191667,-0.0416238,-0.0412518,0.0586025
0.875,0.208333,-0.0541867,-0.0610974,0.0816645
0.875,0.225,-0.0685793,-0.0853206,0.109466
0.875,0.241667,-0.0848471,-0.114089,0.142181
0.875,0.258333,-0.102641,-0.147166,0.179424
0.875,0.275,-0.121197,-0.183794,0.220157
0.875,0.291667,-0.13942,-0.222676,0.262721
0.875,0.308333,-0.156051,-0.262104,0.305041
0.875,0.325,-0.169905,-0.300223,0.344966
0.875,0.341667,-0.180101,-0.335345,0.380647
0.875,0.358333,-0.186186,-0.366193,0.410807
0.875,0.375,-0.188152,-0.392015,0.434829
0.875,0.391667,-0.186337,-0.412562,0.452691
0.875,0.408333,-0.181304,-0.42799,0.464808
0.875,0.425,-0.173711,-0.438727,0.471865
0.875,0.441667,-0.164222,-0.445358,0.474671
0.875,0.458333,-0.153443,-0.448525,0.474046
0.875,0.475,-0.141889,-0.448858,0.470751
0.875,0.491667,-0.129975,-0.44693,0.465446
0.875,0.508333,-0.118015,-0.443232,0.458674
0.875,0.525,-0.106235,-0.438162,0.450856
0.875,0.541667,-0.0947852,-0.432027,0.442302
0.875,0.558333,-0.0837575,-0.42505,0.433224
0.875,0.575,-0.0731968,-0.417381,0.423751
0.875,0.591667,-0.0631145,-0.409109,0.413949
0.875,0.608333,-0.0534979,-0.400273,0.403832
0.875,0.625,-0.0443171,-0.390871,0.393375
0.875,0.641667,-0.0355303,-0.380875,0.382528
0.875,0.658333,-0.027086,-0.370234,0.371223
0.875,0.675,-0.0189247,-0.358883,0.359382
0.875,0.691667,-0.0109769,-0.34675,0.346924
0.875,0.708333,-0.00316063,-0.33376,0.333775
0.875,0.725,0.00462403,-0.319842,0.319875
0.875,0.741667,0.0125026,-0.304934,0.30519
0.875,0.758333,0.0206371,-0.288991,0.289727
0.875,0.775,0.029242,-0.271992,0.27356
0.875,0.791667,0.0386063,-0.253948,0.256866
0.875,0.808333,0.0491276,-0.234905,0.239987
0.875,0.825,0.0613614,-0.214952,0.223538
0.875,0.841667,0.0760981,-0.194222,0.208598
0.875,0.858333,0.0944771,-0.172891,0.19702
0.875,0.875,0.118156,-0.151172,0.191869
0.875,0.891667,0.149554,-0.129301,0.1977
0.875,0.908333,0.192184,-0.107509,0.220211
0.875,0.925,0.251064,-0.0859775,0.265378
0.875,0.941667,0.333131,-0.0647907,0.339373
0.875,0.958333,0.447463,-0.0439843,0.44962
0.875,0.975,0.605477,-0.0239416,0.605951
0.875,0.991667,0.825435,-0.00710083,0.825465
0.891667,0.00833333,0.00610882,0.000720127,0.00615112
0.891667,0.025,0.0146075,0.00295699,0.0149038
0.891667,0.0416667,0.0193128,0.00623514,0.0202943
0.891667,0.0583333,0.0204445,0.00955735,0.0225681
0.891667,0.075,0.0185486,0.0121499,0.0221736
0.891667,0.0916667,0.0143808,0.0134657,0.0197011
0.891667,0.108333,0.00873919,0.0131519,0.0157907
0.891667,0.125,0.00230905,0.010989,0.011229
0.891667,0.141667,-0.00444727,0.0068146,0.00813738
0.891667,0.158333,-0.0113468,0.000448734,0.0113556
0.891667,0.175,-0.0184859,-0.00836575,0.0202908
0.891667,0.191667,-0.0261847,-0.0199931,0.0329449
0.891667,0.208333,-0.0348802,-0.0348933,0.0493373
0.891667,0.225,-0.0449911,-0.053565,0.0699529
0.891667,0.241667,-0.0567854,-0.0764467,0.0952297
0.891667,0.258333,-0.0702817,-0.10379,0.125347
0.891667,0.275,-0.0851958,-0.135523,0.160077
0.891667,0.291667,-0.100935,-0.171128,0.198677
0.891667,0.308333,-0.116643,-0.209593,0.239864
0.891667,0.325,-0.131313,-0.249474,0.281923
0.891667,0.341667,-0.143957,-0.289087,0.322948
0.891667,0.358333,-0.153782,-0.326787,0.361163
0.891667,0.375,-0.160314,-0.361208,0.395186
0.891667,0.391667,-0.16343,-0.391406,0.424156
0.891667,0.408333,-0.163305,-0.416885,0.44773
0.891667,0.425,-0.160324,-0.437534,0.465983
0.891667,0.441667,-0.154981,-0.453532,0.479281
0.891667,0.458333,-0.147803,-0.465247,0.48816
0.891667,0.475,-0.139294,-0.473148,0.493226
0.891667,0.491667,-0.129904,-0.477741,0.495088
0.891667,0.508333,-0.120009,-0.479517,0.494306
0.891667,0.525,-0.109907,-0.478921,0.49137
0.891667,0.541667,-0.0998275,-0.476341,0.48669
0.891667,0.558333,-0.0899348,-0.472098,0.480588
0.891667,0.575,-0.0803404,-0.466446,0.473314
0.891667,0.591667,-0.0711129,-0.459576,0.465045
0.891667,0.608333,-0.0622869,-0.451625,0.4559
0.891667,0.625,-0.0538713,-0.442684,0.44595
0.891667,0.641667,-0.0458542,-0.432802,0.435224
0.891667,0.658333,-0.0382075,-0.421997,0.423723
0.891667,0.675,-0.0308878,-0.410263,0.411424
0.891667,0.691667,-0.023836,-0.397574,0.398288
0.891667,0.708333,-0.0169743,-0.383891,0.384266
0.891667,0.725,-0.0102005,-0.369172,0.369313
0.891667,0.741667,-0.00337983,-0.353373,0.353389
0.891667,0.758333,0.00366681,-0.336464,0.336484
0.891667,0.775,0.0111784,-0.318429,0.318625
0.891667,0.791667,0.0194753,-0.299279,0.299912
0.891667,0.808333,0.0289899,-0.279053,0.280555
0.891667,0.825,0.0403129,-0.257821,0.260953
0.891667,0.841667,0.0542644,-0.235669,0.241836
0.891667,0.858333,0.072003,-0.212693,0.22455
0.891667,0.875,0.0951916,-0.188973,0.211595
0.891667,0.891667,0.126235,-0.164561,0.207402
0.891667,0.908333,0.168608,-0.139458,0.218809
0.891667,0.925,0.227262,-0.113613,0.254079
0.891667,0.941667,0.309081,-0.086948,0.321078
0.891667,0.958333,0.423296,-0.059537,0.427462
0.891667,0.975,0.582366,-0.0323007,0.583261
0.891667,0.991667,0.808869,-0.00946446,0.808925
0.908333,0.00833333,0.00468591,0.000702702,0.00473831
0.908333,0.025,0.0115433,0.0029528,0.011915
0.908333,0.0416667,0.0156457,0.00640574,0.0169063
0.908333,0.0583333,0.017026,0.0101689,0.0198316
0.908333,0.075,0.016021,0.0135222,0.0209648
0.908333,0.0916667,0.0131825,0.0159322,0.0206788
0.908333,0.108333,0.00914212,0.0170412,0.0193386
0.908333,0.125,0.00447933,0.0166308,0.0172234
0.908333,0.141667,-0.000378608,0.0145661,0.014571
0.908333,0.158333,-0.00521617,0.0107325,0.011933
0.908333,0.175,-0.0100457,0.00497605,0.0112106
0.908333,0.191667,-0.0150797,-0.00294205,0.015364
0.908333,0.208333,-0.0206627,-0.0133646,0.0246081
0.908333,0.225,-0.0271763,-0.0267254,0.0381155
0.908333,0.241667,-0.0349408,-0.0435032,0.0557977
0.908333,0.258333,-0.0441381,-0.0641481,0.0778663
0.908333,0.275,-0.054767,-0.0889883,0.104491
0.908333,0.291667,-0.0666235,-0.118123,0.135616
0.908333,0.308333,-0.0792969,-0.151315,0.170834
0.908333,0.325,-0.0921854,-0.187909,0.209303
0.908333,0.341667,-0.104552,-0.226828,0.249765
0.908333,0.358333,-0.115629,-0.266687,0.290675
0.908333,0.375,-0.124744,-0.305989,0.33044
0.908333,0.391667,-0.131432,-0.343358,0.367654
0.908333,0.408333,-0.135481,-0.377702,0.401265
0.908333,0.425,-0.136919,-0.408284,0.43063
0.908333,0.441667,-0.13596,-0.434712,0.455478
0.908333,0.458333,-0.132936,-0.456884,0.475831
0.908333,0.475,-0.128233,-0.47491,0.491918
0.908333,0.491667,-0.122244,-0.489038,0.504085
0.908333,0.508333,-0.115336,-0.499595,0.512736
0.908333,0.525,-0.107831,-0.50694,0.518281
0.908333,0.541667,-0.0999979,-0.511425,0.521109
0.908333,0.558333,-0.0920525,-0.51338,0.521567
0.908333,0.575,-0.08416,-0.513095,0.519952
0.908333,0.591667,-0.0764413,-0.510817,0.516505
0.908333,0.608333,-0.0689794,-0.506747,0.51142
0.908333,0.625,-0.0618264,-0.501041,0.504841
0.908333,0.641667,-0.055008,-0.493814,0.496868
0.908333,0.658333,-0.0485281,-0.485144,0.487565
0.908333,0.675,-0.0423697,-0.475076,0.476962
0.908333,0.691667,-0.0364947,-0.463625,0.465059
0.908333,0.708333,-0.0308402,-0.450783,0.451837
0.908333,0.725,-0.0253121,-0.436525,0.437258
0.908333,0.741667,-0.0197753,-0.420817,0.421281
0.908333,0.758333,-0.0140406,-0.403624,0.403868
0.908333,0.775,-0.00784896,-0.384924,0.385004
0.908333,0.791667,-0.000851064,-0.364721,0.364722
0.908333,0.808333,0.00741834,-0.343048,0.343129
0.908333,0.825,0.0175777,-0.319975,0.320457
0.908333,0.841667,0.0304577,-0.295585,0.29715
0.908333,0.858333,0.0471983,-0.26995,0.274045
0.908333,0.875,0.0694062,-0.24308,0.252795
0.908333,0.891667,0.0993967,-0.214869,0.236745
0.908333,0.908333,0.14054,-0.185066,0.232381
0.908333,0.925,0.197722,-0.153305,0.250193
0.908333,0.941667,0.277904,-0.119254,0.302411
0.908333,0.958333,0.390819,-0.0830125,0.399538
0.908333,0.975,0.550602,-0.046009,0.552521
0.908333,0.991667,0.785596,-0.0138086,0.785718
0.925,0.00833333,0.00332423,0.000658905,0.00338891
0.925,0.025,0.00850057,0.00281309,0.00895395
0.925,0.0416667,0.0118206,0.00622795,0.0133609
0.925,0.0583333,0.0131795,0.0101364,0.0166266
0.925,0.075,0.0127557,0.0138946,0.0188618
0.925,0.0916667,0.0109311,0.0170011,0.0202121
0.925,0.108333,0.00818094,0.0191046,0.0207825
0.925,0.125,0.00496613,0.0199892,0.0205969
0.925,0.141667,0.0016489,0.0195394,0.0196089
0.925,0.158333,-0.00156128,0.0176904,0.0177592
0.925,0.175,-0.00462832,0.0143745,0.0151013
0.925,0.191667,-0.0076769,0.00947234,0.0121926
0.925,0.208333,-0.0109493,0.00277852,0.0112963
0.925,0.225,-0.0147403,-0.00601021,0.0159185
0.925,0.241667,-0.0193277,-0.0172816,0.0259271
0.925,0.258333,-0.0249159,-0.0314721,0.0401409
0.925,0.275,-0.0316056,-0.0490157,0.058322
0.925,0.291667,-0.0393847,-0.0702812,0.0805643
0.925,0.308333,-0.048126,-0.0954991,0.10694
0.925,0.325,-0.0575825,-0.124679,0.137334
0.925,0.341667,-0.0673843,-0.157531,0.171338
0.925,0.358333,-0.0770558,-0.193413,0.208198
0.925,0.375,-0.0860661,-0.231362,0.246851
0.925,0.391667,-0.0939074,-0.270195,0.286048
0.925,0.408333,-0.100175,-0.308681,0.324529
0.925,0.425,-0.104621,-0.345703,0.361187
0.925,0.441667,-0.107166,-0.380366,0.395175
0.925,0.458333,-0.107883,-0.412041,0.425931
0.925,0.475,-0.106951,-0.440352,0.453154
0.925,0.491667,-0.104617,-0.465134,0.476754
0.925,0.508333,-0.101155,-0.486385,0.496792
0.925,0.525,-0.096839,-0.504213,0.513429
0.925,0.541667,-0.0919218,-0.518796,0.526877
0.925,0.558333,-0.086626,-0.530344,0.537372
0.925,0.575,-0.0811388,-0.539076,0.545148
0.925,0.591667,-0.0756117,-0.545205,0.550423
0.925,0.608333,-0.0701631,-0.548921,0.553387
0.925,0.625,-0.0648816,-0.550388,0.554199
0.925,0.641667,-0.0598296,-0.549738,0.552984
0.925,0.658333,-0.0550463,-0.547068,0.549831
0.925,0.675,-0.0505488,-0.542439,0.54479
0.925,0.691667,-0.0463305,-0.535876,0.537875
0.925,0.708333,-0.0423572,-0.527365,0.529063
0.925,0.725,-0.0385584,-0.51686,0.518296
0.925,0.741667,-0.0348147,-0.504282,0.505483
0.925,0.758333,-0.0309415,-0.489535,0.490512
0.925,0.775,-0.0266687,-0.472514,0.473266
0.925,0.791667,-0.0216194,-0.45313,0.453645
0.925,0.808333,-0.0152876,-0.431328,0.431599
0.925,0.825,-0.00701163,-0.407107,0.407168
0.925,0.841667,0.00406361,-0.380514,0.380536
0.925,0.858333,0.0190573,-0.351614,0.35213
0.925,0.875,0.0394835,-0.320421,0.322845
0.925,0.891667,0.0674814,-0.286795,0.294627
0.925,0.908333,0.106186,-0.250329,0.271919
0.925,0.925,0.160283,-0.210297,0.264415
0.925,0.941667,0.236801,-0.165806,0.289078
0.925,0.958333,0.346333,-0.116458,0.365389
0.925,0.975,0.505902,-0.0642765,0.509969
0.925,0.991667,0.752803,-0.0189846,0.753042
0.941667,0.00833333,0.00208251,0.000582745,0.00216251
0.941667,0.025,0.00564925,0.00252145,0.00618642
0.941667,0.0416667,0.00809836,0.00567995,0.00989168
0.941667,0.0583333,0.00923784,0.00943526,0.0132046
0.941667,0.075,0.00913994,0.0132343,0.0160837
0.941667,0.0916667,0.00805368,0.0166209,0.0184693
0.941667,0.108333,0.00631405,0.0192616,0.0202701
0.941667,0.125,0.00425942,0.0209504,0.021379
0.941667,0.141667,0.00216657,0.0215891,0.0216975
0.941667,0.158333,0.000208236,0.0211508,0.0211518
0.941667,0.175,-0.0015649,0.0196336,0.0196959
0.941667,0.191667,-0.00321827,0.0170136,0.0173153
0.941667,0.208333,-0.00490617,0.0132055,0.0140874
0.941667,0.225,-0.00682916,0.00803989,0.0105488
0.941667,0.241667,-0.00918711,0.00125944,0.00927303
0.941667,0.258333,-0.0121411,-0.00746547,0.0142527
0.941667,0.275,-0.0157935,-0.0185089,0.0243313
0.941667,0.291667,-0.0201857,-0.0322547,0.0380504
0.941667,0.308333,-0.0253036,-0.0490584,0.0551996
0.941667,0.325,-0.0310799,-0.0692033,0.0758621
0.941667,0.341667,-0.0373889,-0.09285,0.100095
0.941667,0.358333,-0.0440379,-0.119981,0.127807
0.941667,0.375,-0.0507664,-0.15035,0.158689
0.941667,0.391667,-0.0572647,-0.18346,0.192189
0.941667,0.408333,-0.0632101,-0.218581,0.227538
0.941667,0.425,-0.068314,-0.254831,0.263829
0.941667,0.441667,-0.0723611,-0.29128,0.300133
0.941667,0.458333,-0.0752327,-0.32706,0.335602
0.941667,0.475,-0.0769078,-0.361443,0.369535
0.941667,0.491667,-0.0774494,-0.393872,0.401415
0.941667,0.508333,-0.0769815,-0.423962,0.430895
0.941667,0.525,-0.0756644,-0.451482,0.457778
0.941667,0.541667,-0.0736739,-0.476322,0.481986
0.941667,0.558333,-0.0711851,-0.498463,0.50352
0.941667,0.575,-0.0683617,-0.517949,0.522441
0.941667,0.591667,-0.0653499,-0.534859,0.538836
0.941667,0.608333,-0.0622758,-0.549292,0.552811
0.941667,0.625,-0.0592456,-0.561348,0.564466
0.941667,0.641667,-0.0563466,-0.571117,0.57389
0.941667,0.658333,-0.0536488,-0.578668,0.581149
0.941667,0.675,-0.0512049,-0.584038,0.586278
0.941667,0.691667,-0.049049,-0.587227,0.589272
0.941667,0.708333,-0.0471916,-0.588185,0.590075
0.941667,0.725,-0.0456091,-0.586806,0.588576
0.941667,0.741667,-0.044228,-0.582919,0.584595
0.941667,0.758333,-0.0429022,-0.576293,0.577888
0.941667,0.775,-0.041385,-0.566637,0.568147
0.941667,0.791667,-0.0392994,-0.553626,0.555019
0.941667,0.808333,-0.0361112,-0.536924,0.538137
0.941667,0.825,-0.0311082,-0.516225,0.517162
0.941667,0.841667,-0.0233818,-0.491277,0.491833
0.941667,0.858333,-0.0117929,-0.461882,0.462032
0.941667,0.875,0.00511283,-0.427854,0.427885
0.941667,0.891667,0.0292942,-0.388923,0.390025
0.941667,0.908333,0.0635802,-0.344597,0.350414
0.941667,0.925,0.112313,-0.294055,0.314774
0.941667,0.941667,0.182446,-0.236223,0.298476
0.941667,0.958333,0.285527,-0.17041,0.332514
0.941667,0.975,0.442418,-0.0983024,0.453208
0.941667,0.991667,0.703255,-0.0305629,0.703919
0.958333,0.00833333,0.00104198,0.00045771,0.00113808
0.958333,0.025,0.00317915,0.00202949,0.00377172
0.958333,0.0416667,0.00475238,0.00468692,0.00667475
0.958333,0.0583333,0.00554739,0.0079679,0.00970881
0.958333,0.075,0.00558241,0.0114167,0.0127084
0.958333,0.0916667,0.00500744,0.0146338,0.0154668
0.958333,0.108333,0.00403425,0.0173189,0.0177826
0.958333,0.125,0.00288067,0.0192885,0.0195024
0.958333,0.141667,0.00172801,0.020467,0.0205398
0.958333,0.158333,0.000693386,0.0208586,0.0208701
0.958333,0.175,-0.000181906,0.0205075,0.0205083
0.958333,0.191667,-0.000928979,0.0194551,0.0194773
0.958333,0.208333,-0.0016349,0.0177025,0.0177778
0.958333,0.225,-0.00241724,0.0151848,0.015376
0.958333,0.241667,-0.00339603,0.0117621,0.0122425
0.958333,0.258333,-0.00467083,0.00722548,0.00860374
0.958333,0.275,-0.00630918,0.00131412,0.00644458
0.958333,0.291667,-0.00834676,-0.0062635,0.0104355
0.958333,0.308333,-0.0107942,-0.0158083,0.019142
0.958333,0.325,-0.0136427,-0.0276101,0.0307968
0.958333,0.341667,-0.0168641,-0.0419257,0.0451902
0.958333,0.358333,-0.0204054,-0.0589524,0.062384
0.958333,0.375,-0.0241835,-0.0787987,0.0824262
0.958333,0.391667,-0.0280819,-0.101455,0.10527
0.958333,0.408333,-0.0319563,-0.12677,0.130736
0.958333,0.425,-0.0356458,-0.154442,0.158502
0.958333,0.441667,-0.0389931,-0.18403,0.188115
0.958333,0.458333,-0.041865,-0.214985,0.219023
0.958333,0.475,-0.0441685,-0.246709,0.250631
0.958333,0.491667,-0.0458576,-0.278611,0.28236
0.958333,0.508333,-0.0469333,-0.310161,0.313692
0.958333,0.525,-0.0474363,-0.340918,0.344202
0.958333,0.541667,-0.0474375,-0.370543,0.373567
0.958333,0.558333,-0.0470269,-0.398796,0.401559
0.958333,0.575,-0.0463038,-0.425527,0.428039
0.958333,0.591667,-0.0453696,-0.450655,0.452933
0.958333,0.608333,-0.044323,-0.474155,0.476222
0.958333,0.625,-0.0432581,-0.496039,0.497922
0.958333,0.641667,-0.0422632,-0.516341,0.518068
0.958333,0.658333,-0.0414222,-0.535101,0.536702
0.958333,0.675,-0.0408145,-0.552347,0.553853
0.958333,0.691667,-0.0405148,-0.568083,0.569526
0.958333,0.708333,-0.0405887,-0.582262,0.583675
0.958333,0.725,-0.0410835,-0.59477,0.596187
0.958333,0.741667,-0.0420108,-0.605399,0.606855
0.958333,0.758333,-0.0433191,-0.613826,0.615353
0.958333,0.775,-0.0448565,-0.619594,0.621215
0.958333,0.791667,-0.046327,-0.622107,0.623829
0.958333,0.808333,-0.0472509,-0.620641,0.622437
0.958333,0.825,-0.0469367,-0.614372,0.616163
0.958333,0.841667,-0.044473,-0.602402,0.604041
0.958333,0.858333,-0.0387264,-0.583772,0.585056
0.958333,0.875,-0.0283103,-0.557444,0.558162
0.958333,0.891667,-0.0114587,-0.5222,0.522325
0.958333,0.908333,0.0142954,-0.476488,0.476703
0.958333,0.925,0.0528101,-0.418243,0.421564
0.958333,0.941667,0.110757,-0.344883,0.362231
0.958333,0.958333,0.200728,-0.254208,0.323903
0.958333,0.975,0.349214,-0.148314,0.379404
0.958333,0.991667,0.626549,-0.0461433,0.628246
0.975,0.00833333,0.000319202,0.000264995,0.000414864
0.975,0.025,0.00131164,0.00128336,0.00183505
0.975,0.0416667,0.00208968,0.00315599,0.00378511
0.975,0.0583333,0.0024989,0.00558604,0.00611951
0.975,0.075,0.00254459,0.0082234,0.00860809
0.975,0.0916667,0.00230266,0.0107488,0.0109927
0.975,0.108333,0.00187865,0.0129239,0.0130597
0.975,0.125,0.00138013,0.0146103,0.0146753
0.975,0.141667,0.000896233,0.0157639,0.0157894
0.975,0.158333,0.000484721,0.0164126,0.0164198
0.975,0.175,0.00016693,0.0166234,0.0166243
0.975,0.191667,-6.99846e-05,0.0164679,0.016468
0.975,0.208333,-0.000264938,0.0159914,0.0159936
0.975,0.225,-0.000470922,0.0151927,0.0152
0.975,0.241667,-0.000742003,0.0140149,0.0140345
0.975,0.258333,-0.00112284,0.0123493,0.0124002
0.975,0.275,-0.00164359,0.0100469,0.0101805
0.975,0.291667,-0.00232067,0.00693275,0.00731085
0.975,0.308333,-0.00316112,0.00281826,0.00423501
0.975,0.325,-0.00416674,-0.00248907,0.00485357
0.975,0.341667,-0.00533543,-0.00917823,0.0106163
0.975,0.358333,-0.00665948,-0.0174262,0.0186554
0.975,0.375,-0.00812243,-0.027387,0.0285661
0.975,0.391667,-0.00969634,-0.0391776,0.0403597
0.975,0.408333,-0.0113411,-0.0528635,0.0540664
0.975,0.425,-0.0130068,-0.0684456,0.0696705
0.975,0.441667,-0.0146374,-0.085853,0.0870919
0.975,0.458333,-0.0161761,-0.104943,0.106182
0.975,0.475,-0.0175702,-0.125506,0.12673
0.975,0.491667,-0.0187759,-0.147283,0.148475
0.975,0.508333,-0.0197643,-0.169984,0.171129
0.975,0.525,-0.0205239,-0.193309,0.194395
0.975,0.541667,-0.0210606,-0.216974,0.217993
0.975,0.558333,-0.0213948,-0.240729,0.241678
0.975,0.575,-0.0215582,-0.264376,0.265254
0.975,0.591667,-0.0215903,-0.287773,0.288582
0.975,0.608333,-0.0215367,-0.310839,0.311584
0.975,0.625,-0.0214475,-0.333552,0.334241
0.975,0.641667,-0.021378,-0.355945,0.356587
0.975,0.658333,-0.0213906,-0.378103,0.378707
0.975,0.675,-0.0215571,-0.400145,0.400725
0.975,0.691667,-0.0219617,-0.42222,0.422791
0.975,0.708333,-0.0227025,-0.444481,0.44506
0.975,0.725,-0.0238878,-0.467055,0.467665
0.975,0.741667,-0.0256251,-0.490007,0.490676
0.975,0.758333,-0.0279962,-0.513289,0.514052
0.975,0.775,-0.0310174,-0.536684,0.537579
0.975,0.791667,-0.0345867,-0.559751,0.560818
0.975,0.808333,-0.0384271,-0.581781,0.583048
0.975,0.825,-0.0420466,-0.601764,0.603231
0.975,0.841667,-0.0447271,-0.618371,0.619986
0.975,0.858333,-0.045543,-0.62993,0.631574
0.975,0.875,-0.0433808,-0.634372,0.635853
0.975,0.891667,-0.0368941,-0.629111,0.630192
0.975,0.908333,-0.0242925,-0.610799,0.611282
0.975,0.925,-0.00276531,-0.574882,0.574888
0.975,0.941667,0.0329567,-0.514867,0.515921
0.975,0.958333,0.0944504,-0.421465,0.431919
0.975,0.975,0.211489,-0.283357,0.35358
0.975,0.991667,0.479576,-0.100829,0.490061
0.991667,0.00833333,2.70851e-05,2.70665e-05,3.82909e-05
0.991667,0.025,0.000279115,0.000333229,0.00043468
0.991667,0.0416667,0.000485193,0.0010975,0.00119997
0.991667,0.0583333,0.000594036,0.00217669,0.00225629
0.991667,0.075,0.000608993,0.00337968,0.00343411
0.991667,0.0916667,0.000551895,0.00454053,0.00457395
0.991667,0.108333,0.000451167,0.00554356,0.00556189
0.991667,0.125,0.000334994,0.00632968,0.00633854
0.991667,0.141667,0.000226322,0.00689096,0.00689468
0.991667,0.158333,0.000139771,0.00725702,0.00725836
0.991667,0.175,8.06189e-05,0.00747737,0.00747781
0.991667,0.191667,4.56034e-05,0.00760356,0.00760369
0.991667,0.208333,2.51209e-05,0.00767425,0.00767429
0.991667,0.225,6.27861e-06,0.00770561,0.00770561
0.991667,0.241667,-2.38759e-05,0.00768798,0.00768801
0.991667,0.258333,-7.57972e-05,0.00758827,0.00758865
0.991667,0.275,-0.000156273,0.00735616,0.00735782
0.991667,0.291667,-0.000268796,0.00693106,0.00693627
0.991667,0.308333,-0.000414889,0.00624734,0.0062611
0.991667,0.325,-0.000595413,0.00523701,0.00527075
0.991667,0.341667,-0.000811123,0.00383044,0.00391538
0.991667,0.358333,-0.00106236,0.00195693,0.0022267
0.991667,0.375,-0.00134823,-0.000453692,0.00142252
0.991667,0.391667,-0.00166587,-0.00346782,0.0038472
0.991667,0.408333,-0.00200996,-0.00714368,0.00742106
0.991667,0.425,-0.00237295,-0.0115266,0.0117683
0.991667,0.441667,-0.00274543,-0.016645,0.0168699
0.991667,0.458333,-0.0031166,-0.0225071,0.0227218
0.991667,0.475,-0.00347494,-0.0290986,0.0293054
0.991667,0.491667,-0.00380932,-0.0363829,0.0365818
0.991667,0.508333,-0.00411035,-0.0443026,0.0444929
0.991667,0.525,-0.00437134,-0.0527843,0.052965
0.991667,0.541667,-0.00458858,-0.0617443,0.0619145
0.991667,0.558333,-0.00476133,-0.0710942,0.0712534
0.991667,0.575,-0.00489162,-0.0807472,0.0808952
0.991667,0.591667,-0.00498418,-0.090623,0.0907599
0.991667,0.608333,-0.00504649,-0.100654,0.10078
0.991667,0.625,-0.00508917,-0.110789,0.110906
0.991667,0.641667,-0.00512672,-0.121005,0.121114
0.991667,0.658333,-0.00517903,-0.131311,0.131413
0.991667,0.675,-0.0052736,-0.141764,0.141862
0.991667,0.691667,-0.00544825,-0.152486,0.152583
0.991667,0.708333,-0.00575371,-0.163688,0.163789
0.991667,0.725,-0.00625449,-0.175696,0.175807
0.991667,0.741667,-0.00702585,-0.188976,0.189107
0.991667,0.758333,-0.00814375,-0.204146,0.204308
0.991667,0.775,-0.00966571,-0.221955,0.222166
0.991667,0.791667,-0.0116029,-0.243224,0.243501
0.991667,0.808333,-0.0138891,-0.268716,0.269075
0.991667,0.825,-0.0163562,-0.298962,0.299409
0.991667,0.841667,-0.0187271,-0.334045,0.33457
0.991667,0.858333,-0.0206286,-0.373401,0.37397
0.991667,0.875,-0.0216124,-0.415642,0.416204
0.991667,0.891667,-0.0211556,-0.45841,0.458898
0.991667,0.908333,-0.0185936,-0.49816,0.498507
0.991667,0.925,-0.0128942,-0.529648,0.529805
0.991667,0.941667,-0.00201754,-0.54456,0.544563
0.991667,0.958333,0.0190199,-0.527557,0.5279
0.991667,0.975,0.0648956,-0.443642,0.448363
0.991667,0.991667,0.189373,-0.189373,0.267814
