0.00833333,0.00833333,3.88869e-05,-3.89289e-05,5.50241e-05
0.00833333,0.025,7.26919e-05,-0.000150592,0.000167218
0.00833333,0.0416667,6.35365e-05,-0.000286904,0.000293855
0.00833333,0.0583333,2.61448e-05,-0.00037667,0.000377576
0.00833333,0.075,-2.92055e-05,-0.000373694,0.000374834
0.00833333,0.0916667,-9.66944e-05,-0.000247881,0.000266073
0.00833333,0.108333,-0.000173019,2.17453e-05,0.00017438
0.00833333,0.125,-0.000256028,0.000450703,0.000518347
0.00833333,0.141667,-0.000343968,0.00105061,0.00110548
0.00833333,0.158333,-0.000435107,0.00182959,0.00188062
0.00833333,0.175,-0.000527571,0.00279218,0.00284158
0.00833333,0.191667,-0.000619294,0.00393895,0.00398733
0.00833333,0.208333,-0.000708035,0.00526618,0.00531357
0.00833333,0.225,-0.000791439,0.00676556,0.00681169
0.00833333,0.241667,-0.000867117,0.00842402,0.00846853
0.00833333,0.258333,-0.000932742,0.0102238,0.0102662
0.00833333,0.275,-0.000986143,0.0121426,0.0121826
0.00833333,0.291667,-0.00102541,0.014154,0.0141911
0.00833333,0.308333,-0.00104895,0.0162283,0.0162622
0.00833333,0.325,-0.00105563,0.0183328,0.0183632
0.00833333,0.341667,-0.00104475,0.0204331,0.0204598
0.00833333,0.358333,-0.00101613,0.0224939,0.0225169
0.00833333,0.375,-0.000970106,0.0244801,0.0244993
0.00833333,0.391667,-0.000907531,0.0263577,0.0263733
0.00833333,0.408333,-0.000829729,0.0280949,0.0281072
0.00833333,0.425,-0.000738458,0.0296631,0.0296723
0.00833333,0.441667,-0.000635834,0.0310373,0.0310438
0.00833333,0.458333,-0.000524256,0.0321974,0.0322017
0.00833333,0.475,-0.00040632,0.033128,0.0331305
0.00833333,0.491667,-0.000284732,0.033819,0.0338202
0.00833333,0.508333,-0.000162218,0.0342659,0.0342663
0.00833333,0.525,-4.1445e-05,0.0344696,0.0344696
0.00833333,0.541667,7.50503e-05,0.034436,0.0344361
0.00833333,0.558333,0.000184923,0.034176,0.0341765
0.00833333,0.575,0.000286065,0.0337051,0.0337063
0.00833333,0.591667,0.000376637,0.0330424,0.0330445
0.00833333,0.608333,0.000455085,0.0322107,0.0322139
0.00833333,0.625,0.000520134,0.0312355,0.0312398
0.00833333,0.641667,0.000570764,0.0301446,0.03015
0.00833333,0.658333,0.000606167,0.0289677,0.028974
0.00833333,0.675,0.00062567,0.0277358,0.0277429
0.00833333,0.691667,0.000628621,0.0264815,0.026489
0.00833333,0.708333,0.000614222,0.0252387,0.0252462
0.00833333,0.725,0.000581276,0.0240432,0.0240502
0.00833333,0.741667,0.000527801,0.0229341,0.0229402
0.00833333,0.758333,0.000450425,0.0219559,0.0219605
0.00833333,0.775,0.000343404,0.0211621,0.0211648
0.00833333,0.791667,0.000197037,0.0206216,0.0206225
0.00833333,0.808333,-4.95959e-06,0.0204295,0.0204295
0.00833333,0.825,-0.000289772,0.0207242,0.0207262
0.00833333,0.841667,-0.000702618,0.0217166,0.0217279
0.00833333,0.858333,-0.00131846,0.0237376,0.0237742
0.00833333,0.875,-0.0022613,0.0273173,0.0274108
0.00833333,0.891667,-0.00373663,0.0333152,0.0335241
0.00833333,0.908333,-0.00608838,0.0431402,0.0435677
0.00833333,0.925,-0.00990113,0.0591296,0.0599529
0.00833333,0.941667,-0.0161379,0.0851686,0.0866841
0.00833333,0.958333,-0.0256594,0.126966,0.129533
0.00833333,0.975,-0.029189,0.181814,0.184142
0.00833333,0.991667,0.105502,0.105502,0.149202
0.025,0.00833333,0.000149388,-7.16562e-05,0.000165685
0.025,0.025,0.000248143,-0.000246114,0.000349495
0.025,0.0416667,0.000186941,-0.000408825,0.000449539
0.025,0.0583333,1.51275e-05,-0.000431616,0.000431881
0.025,0.075,-0.000232377,-0.000220573,0.000320392
0.025,0.0916667,-0.000533555,0.000293474,0.00060894
0.025,0.108333,-0.000874282,0.0011618,0.00145401
0.025,0.125,-0.00124443,0.00242233,0.00272329
0.025,0.141667,-0.0016355,0.00410218,0.00441619
0.025,0.158333,-0.00203925,0.00621868,0.00654451
0.025,0.175,-0.00244715,0.00877963,0.0091143
0.025,0.191667,-0.00285008,0.011783,0.0121228
0.025,0.208333,-0.00323847,0.0152168,0.0155576
0.025,0.225,-0.00360244,0.0190587,0.0193962
0.025,0.241667,-0.00393213,0.0232761,0.0236059
0.025,0.258333,-0.00421805,0.0278264,0.0281443
0.025,0.275,-0.00445141,0.032658,0.03296
0.025,0.291667,-0.00462451,0.0377108,0.0379933
0.025,0.308333,-0.004731,0.0429175,0.0431774
0.025,0.325,-0.00476618,0.0482054,0.0484404
0.025,0.341667,-0.00472721,0.0534979,0.0537064
0.025,0.358333,-0.0046132,0.0587165,0.0588975
0.025,0.375,-0.00442528,0.0637825,0.0639358
0.025,0.391667,-0.00416656,0.068619,0.0687454
0.025,0.408333,-0.00384205,0.073153,0.0732539
0.025,0.425,-0.00345847,0.0773171,0.0773945
0.025,0.441667,-0.003024,0.081051,0.0811074
0.025,0.458333,-0.00254804,0.0843028,0.0843413
0.025,0.475,-0.0020409,0.0870306,0.0870545
0.025,0.491667,-0.00151348,0.0892029,0.0892157
0.025,0.508333,-0.000976929,0.0907994,0.0908046
0.025,0.525,-0.000442397,0.0918114,0.0918125
0.025,0.541667,7.92905e-05,0.0922417,0.0922417
0.025,0.558333,0.000577853,0.0921045,0.0921063
0.025,0.575,0.00104376,0.0914249,0.0914308
0.025,0.591667,0.00146838,0.0902382,0.0902501
0.025,0.608333,0.00184407,0.0885892,0.0886084
0.025,0.625,0.00216421,0.0865313,0.0865584
0.025,0.641667,0.00242314,0.0841258,0.0841607
0.025,0.658333,0.002616,0.0814405,0.0814825
0.025,0.675,0.00273847,0.0785497,0.0785975
0.025,0.691667,0.00278636,0.0755335,0.0755849
0.025,0.708333,0.00275486,0.072478,0.0725303
0.025,0.725,0.00263763,0.0694765,0.0695265
0.025,0.741667,0.00242516,0.0666318,0.0666759
0.025,0.758333,0.00210241,0.0640607,0.0640952
0.025,0.775,0.00164516,0.0619008,0.0619226
0.025,0.791667,0.00101412,0.0603223,0.0603309
0.025,0.808333,0.00014596,0.0595464,0.0595466
0.025,0.825,-0.00106078,0.0598717,0.0598811
0.025,0.841667,-0.00276716,0.0617149,0.0617769
0.025,0.858333,-0.00522569,0.0656655,0.0658731
0.025,0.875,-0.00882564,0.0725573,0.0730921
0.025,0.891667,-0.0141522,0.0835393,0.0847295
0.025,0.908333,-0.0220478,0.100089,0.102489
0.025,0.925,-0.0335973,0.123755,0.128235
0.025,0.941667,-0.0495527,0.154827,0.162563
0.025,0.958333,-0.0658742,0.186659,0.197942
0.025,0.975,-0.0410582,0.183895,0.188422
0.025,0.991667,0.294291,0.0832874,0.305849
0.0416667,0.00833333,0.000284547,-6.35868e-05,0.000291566
0.0416667,0.025,0.00041667,-0.000192983,0.000459191
0.0416667,0.0416667,0.000228583,-0.000240608,0.000331877
0.0416667,0.0583333,-0.000189636,-5.48651e-05,0.000197413
0.0416667,0.075,-0.000773959,0.000480267,0.000910861
0.0416667,0.0916667,-0.00148034,0.00145442,0.00207527
0.0416667,0.108333,-0.00227759,0.00293602,0.00371586
0.0416667,0.125,-0.00314157,0.00497575,0.00588452
0.0416667,0.141667,-0.00405142,0.00760878,0.00862019
0.0416667,0.158333,-0.00498718,0.0108559,0.0119467
0.0416667,0.175,-0.00592863,0.0147242,0.015873
0.0416667,0.191667,-0.00685492,0.019207,0.0203936
0.0416667,0.208333,-0.00774459,0.024284,0.025489
0.0416667,0.225,-0.00857598,0.0299216,0.0311263
0.0416667,0.241667,-0.0093278,0.0360732,0.0372597
0.0416667,0.258333,-0.0099798,0.0426801,0.0438314
0.0416667,0.275,-0.0105134,0.0496721,0.0507725
0.0416667,0.291667,-0.0109124,0.056969,0.0580047
0.0416667,0.308333,-0.0111634,0.0644824,0.0654416
0.0416667,0.325,-0.0112566,0.0721172,0.0729904
0.0416667,0.341667,-0.0111858,0.0797735,0.080554
0.0416667,0.358333,-0.010949,0.0873492,0.0880327
0.0416667,0.375,-0.0105479,0.0947415,0.0953269
0.0416667,0.391667,-0.00998872,0.10185,0.102338
0.0416667,0.408333,-0.00928121,0.108577,0.108973
0.0416667,0.425,-0.00843877,0.114832,0.115142
0.0416667,0.441667,-0.00747791,0.120532,0.120764
0.0416667,0.458333,-0.00641779,0.125604,0.125768
0.0416667,0.475,-0.00527967,0.129985,0.130092
0.0416667,0.491667,-0.00408631,0.133624,0.133687
0.0416667,0.508333,-0.00286138,0.136485,0.136515
0.0416667,0.525,-0.00162894,0.138544,0.138554
0.0416667,0.541667,-0.000412843,0.139792,0.139793
0.0416667,0.558333,0.000763725,0.140236,0.140238
0.0416667,0.575,0.00187867,0.139895,0.139907
0.0416667,0.591667,0.00291134,0.138804,0.138834
0.0416667,0.608333,0.00384274,0.137011,0.137065
0.0416667,0.625,0.0046557,0.134579,0.134659
0.0416667,0.641667,0.00533479,0.131581,0.131689
0.0416667,0.658333,0.00586615,0.128105,0.128239
0.0416667,0.675,0.00623698,0.124247,0.124403
0.0416667,0.691667,0.00643472,0.120116,0.120288
0.0416667,0.708333,0.00644574,0.115832,0.116012
0.0416667,0.725,0.00625332,0.111527,0.111703
0.0416667,0.741667,0.00583455,0.107347,0.107505
0.0416667,0.758333,0.00515577,0.103455,0.103584
0.0416667,0.775,0.00416554,0.100041,0.100128
0.0416667,0.791667,0.00278434,0.0973292,0.0973691
0.0416667,0.808333,0.000889197,0.0955917,0.0955958
0.0416667,0.825,-0.00170835,0.0951706,0.095186
0.0416667,0.841667,-0.00529264,0.0965005,0.0966455
0.0416667,0.858333,-0.0102822,0.100132,0.100658
0.0416667,0.875,-0.0172683,0.106739,0.108127
0.0416667,0.891667,-0.0270225,0.11707,0.120148
0.0416667,0.908333,-0.040372,0.131715,0.137763
0.0416667,0.925,-0.0575834,0.150359,0.161008
0.0416667,0.941667,-0.0758576,0.169578,0.185772
0.0416667,0.958333,-0.0787088,0.176885,0.193607
0.0416667,0.975,0.00867268,0.142753,0.143016
0.0416667,0.991667,0.432749,0.055171,0.436252
0.0583333,0.00833333,0.000381717,-3.3666e-05,0.000383199
0.0583333,0.025,0.000472832,-5.77676e-05,0.000476348
0.0583333,0.0416667,7.22675e-05,8.98449e-05,0.000115303
0.0583333,0.0583333,-0.000691716,0.00056233,0.000891452
0.0583333,0.075,-0.00172681,0.00148196,0.00227554
0.0583333,0.0916667,-0.00296574,0.00294588,0.00418017
0.0583333,0.108333,-0.0043574,0.00502932,0.00665439
0.0583333,0.125,-0.00586009,0.00778774,0.00974625
0.0583333,0.141667,-0.00743677,0.0112584,0.0134928
0.0583333,0.158333,-0.00905213,0.0154614,0.0179163
0.0583333,0.175,-0.010671,0.0204002,0.0230226
0.0583333,0.191667,-0.0122579,0.0260627,0.0288014
0.0583333,0.208333,-0.013777,0.032421,0.0352268
0.0583333,0.225,-0.0151929,0.0394325,0.0422581
0.0583333,0.241667,-0.016471,0.0470407,0.049841
0.0583333,0.258333,-0.017579,0.0551761,0.0579087
0.0583333,0.275,-0.0184875,0.0637573,0.0663836
0.0583333,0.291667,-0.019171,0.0726929,0.0751783
0.0583333,0.308333,-0.0196085,0.081883,0.0841981
0.0583333,0.325,-0.0197845,0.0912211,0.093342
0.0583333,0.341667,-0.0196894,0.100596,0.102505
0.0583333,0.358333,-0.0193194,0.109894,0.11158
0.0583333,0.375,-0.0186773,0.119002,0.120459
0.0583333,0.391667,-0.017772,0.127806,0.129036
0.0583333,0.408333,-0.016618,0.136199,0.137209
0.0583333,0.425,-0.0152357,0.144077,0.144881
0.0583333,0.441667,-0.01365,0.151346,0.15196
0.0583333,0.458333,-0.0118903,0.157919,0.158366
0.0583333,0.475,-0.00998929,0.16372,0.164025
0.0583333,0.491667,-0.00798233,0.168687,0.168875
0.0583333,0.508333,-0.00590667,0.172767,0.172868
0.0583333,0.525,-0.00380062,0.175925,0.175966
0.0583333,0.541667,-0.00170278,0.178138,0.178146
0.0583333,0.558333,0.00034863,0.1794,0.1794
0.0583333,0.575,0.00231638,0.179718,0.179733
0.0583333,0.591667,0.00416475,0.179118,0.179167
0.0583333,0.608333,0.00585997,0.17764,0.177737
0.0583333,0.625,0.00737041,0.175341,0.175496
0.0583333,0.641667,0.00866669,0.172292,0.17251
0.0583333,0.658333,0.00972142,0.168581,0.168861
0.0583333,0.675,0.0105087,0.164312,0.164648
0.0583333,0.691667,0.0110029,0.159603,0.159982
0.0583333,0.708333,0.0111772,0.154587,0.15499
0.0583333,0.725,0.0110002,0.149414,0.149818
0.0583333,0.741667,0.0104323,0.144249,0.144626
0.0583333,0.758333,0.00941919,0.13928,0.139598
0.0583333,0.775,0.00788253,0.134713,0.134944
0.0583333,0.791667,0.00570716,0.130786,0.13091
0.0583333,0.808333,0.00272277,0.127767,0.127796
0.0583333,0.825,-0.00132012,0.125966,0.125973
0.0583333,0.841667,-0.00677929,0.125734,0.125917
0.0583333,0.858333,-0.0141481,0.127456,0.128238
0.0583333,0.875,-0.0240571,0.131503,0.133685
0.0583333,0.891667,-0.0371775,0.138116,0.143032
0.0583333,0.908333,-0.0538112,0.147065,0.156601
0.0583333,0.925,-0.0725192,0.156796,0.172754
0.0583333,0.941667,-0.0857141,0.162369,0.183604
0.0583333,0.958333,-0.0656209,0.15183,0.165404
0.0583333,0.975,0.0738988,0.107648,0.130572
0.0583333,0.991667,0.525337,0.0374166,0.526667
0.075,0.00833333,0.000410484,4.81623e-06,0.000410512
0.075,0.025,0.000359948,0.000112869,0.00037723
0.075,0.0416667,-0.000344274,0.000494516,0.000602553
0.075,0.0583333,-0.00154451,0.0012912,0.00201314
0.075,0.075,-0.00312357,0.00262096,0.00407751
0.075,0.0916667,-0.00499176,0.00457964,0.00677427
0.075,0.108333,-0.00707731,0.00724197,0.0101259
0.075,0.125,-0.0093192,0.0106624,0.014161
0.075,0.141667,-0.0116621,0.014876,0.0189024
0.075,0.158333,-0.0140532,0.0198993,0.0243614
0.075,0.175,-0.0164406,0.0257309,0.0305348
0.075,0.191667,-0.0187725,0.0323524,0.0374043
0.075,0.208333,-0.0209977,0.0397292,0.0449367
0.075,0.225,-0.0230661,0.0478113,0.0530845
0.075,0.241667,-0.0249297,0.0565348,0.0617873
0.075,0.258333,-0.0265438,0.0658228,0.0709734
0.075,0.275,-0.0278683,0.075587,0.0805607
0.075,0.291667,-0.0288683,0.0857293,0.0904593
0.075,0.308333,-0.0295158,0.0961436,0.100572
0.075,0.325,-0.0297898,0.106718,0.110798
0.075,0.341667,-0.0296772,0.117336,0.121031
0.075,0.358333,-0.0291732,0.127879,0.131165
0.075,0.375,-0.0282813,0.138229,0.141093
0.075,0.391667,-0.0270131,0.14827,0.150711
0.075,0.408333,-0.0253882,0.157889,0.159917
0.075,0.425,-0.0234331,0.166978,0.168614
0.075,0.441667,-0.0211811,0.175437,0.176711
0.075,0.458333,-0.0186712,0.183177,0.184126
0.075,0.475,-0.0159468,0.190113,0.190781
0.075,0.491667,-0.0130553,0.196178,0.196612
0.075,0.508333,-0.010047,0.20131,0.201561
0.075,0.525,-0.00697374,0.205466,0.205584
0.075,0.541667,-0.00388862,0.208612,0.208648
0.075,0.558333,-0.000844799,0.210729,0.210731
0.075,0.575,0.0021051,0.211815,0.211826
0.075,0.591667,0.0049096,0.211882,0.211939
0.075,0.608333,0.00751888,0.210956,0.21109
0.075,0.625,0.00988512,0.209082,0.209316
0.075,0.641667,0.0119626,0.206321,0.206667
0.075,0.658333,0.0137077,0.202749,0.203212
0.075,0.675,0.0150782,0.198462,0.199034
0.075,0.691667,0.0160321,0.193573,0.194236
0.075,0.708333,0.0165259,0.188211,0.188935
0.075,0.725,0.0165115,0.182524,0.183269
0.075,0.741667,0.0159313,0.176678,0.177395
0.075,0.758333,0.0147114,0.170856,0.171489
0.075,0.775,0.0127524,0.165261,0.165752
0.075,0.791667,0.00991531,0.16011,0.160417
0.075,0.808333,0.00600478,0.155639,0.155755
0.075,0.825,0.000747951,0.15209,0.152092
0.075,0.841667,-0.00622634,0.1497,0.14983
0.075,0.858333,-0.0153952,0.148673,0.149468
0.075,0.875,-0.027297,0.149113,0.151591
0.075,0.891667,-0.0423208,0.150883,0.156706
0.075,0.908333,-0.0600122,0.153278,0.164607
0.075,0.925,-0.0770246,0.154254,0.172415
0.075,0.941667,-0.0814371,0.148909,0.169723
0.075,0.958333,-0.0384711,0.128021,0.133676
0.075,0.975,0.136211,0.0827402,0.159372
0.075,0.991667,0.589374,0.0266212,0.589975
0.0916667,0.00833333,0.000360939,4.46475e-05,0.00036369
0.0916667,0.025,5.41616e-05,0.000291763,0.000296748
0.0916667,0.0416667,-0.00104848,0.000919944,0.00139485
0.0916667,0.0583333,-0.00276999,0.00205278,0.00344772
0.0916667,0.075,-0.0049729,0.00379767,0.00625715
0.0916667,0.0916667,-0.00754707,0.00624345,0.00979484
0.0916667,0.108333,-0.0104005,0.00945946,0.0140589
0.0916667,0.125,-0.0134524,0.0134953,0.0190549
0.0916667,0.141667,-0.0166283,0.0183809,0.0247862
0.0916667,0.158333,-0.019857,0.0241273,0.0312478
0.0916667,0.175,-0.0230687,0.0307274,0.0384232
0.0916667,0.191667,-0.0261951,0.0381565,0.0462828
0.0916667,0.208333,-0.0291691,0.0463735,0.0547845
0.0916667,0.225,-0.0319258,0.0553223,0.0638734
0.0916667,0.241667,-0.034404,0.0649327,0.073484
0.0916667,0.258333,-0.0365471,0.0751223,0.0835407
0.0916667,0.275,-0.0383045,0.0857975,0.0939598
0.0916667,0.291667,-0.0396328,0.0968557,0.104651
0.0916667,0.308333,-0.0404971,0.108187,0.115518
0.0916667,0.325,-0.0408718,0.119676,0.126463
0.0916667,0.341667,-0.040741,0.131204,0.137384
0.0916667,0.358333,-0.0400992,0.14265,0.148179
0.0916667,0.375,-0.038951,0.153895,0.158748
0.0916667,0.391667,-0.0373113,0.164822,0.168993
0.0916667,0.408333,-0.0352043,0.175318,0.178818
0.0916667,0.425,-0.0326634,0.185276,0.188133
0.0916667,0.441667,-0.0297297,0.194595,0.196853
0.0916667,0.458333,-0.0264511,0.203184,0.204899
0.0916667,0.475,-0.0228813,0.210962,0.212199
0.0916667,0.491667,-0.0190788,0.217856,0.218689
0.0916667,0.508333,-0.0151056,0.223805,0.224314
0.0916667,0.525,-0.0110259,0.22876,0.229026
0.0916667,0.541667,-0.00690577,0.232684,0.232786
0.0916667,0.558333,-0.00281196,0.235551,0.235567
0.0916667,0.575,0.00118884,0.237348,0.237351
0.0916667,0.591667,0.00503048,0.238077,0.23813
0.0916667,0.608333,0.00864789,0.237753,0.23791
0.0916667,0.625,0.0119774,0.236405,0.236709
0.0916667,0.641667,0.0149571,0.23408,0.234558
0.0916667,0.658333,0.0175262,0.230839,0.231503
0.0916667,0.675,0.0196252,0.22676,0.227608
0.0916667,0.691667,0.0211947,0.22194,0.22295
0.0916667,0.708333,0.0221733,0.216492,0.217624
0.0916667,0.725,0.0224953,0.210548,0.211746
0.0916667,0.741667,0.0220858,0.204255,0.205446
0.0916667,0.758333,0.0208549,0.197779,0.198875
0.0916667,0.775,0.0186884,0.191295,0.192206
0.0916667,0.791667,0.0154369,0.184988,0.185631
0.0916667,0.808333,0.0109011,0.179041,0.179373
0.0916667,0.825,0.00481728,0.173625,0.173692
0.0916667,0.841667,-0.00315323,0.168872,0.168901
0.0916667,0.858333,-0.0134119,0.164843,0.165387
0.0916667,0.875,-0.0263366,0.161459,0.163593
0.0916667,0.891667,-0.0419713,0.158378,0.163845
0.0916667,0.908333,-0.059088,0.15471,0.16561
0.0916667,0.925,-0.0726194,0.148405,0.16522
0.0916667,0.941667,-0.0673709,0.135278,0.151125
0.0916667,0.958333,-0.00524374,0.108872,0.108998
0.0916667,0.975,0.191567,0.0655694,0.202478
0.0916667,0.991667,0.635851,0.0198556,0.636161
0.108333,0.00833333,0.000233623,8.25885e-05,0.000247791
0.108333,0.025,-0.000448737,0.000465527,0.000646591
0.108333,0.0416667,-0.00204649,0.0013381,0.00244513
0.108333,0.0583333,-0.00437151,0.00280463,0.00519384
0.108333,0.075,-0.00727054,0.00495873,0.00880056
0.108333,0.0916667,-0.0106155,0.00787882,0.0132198
0.108333,0.108333,-0.0142952,0.0116257,0.0184258
0.108333,0.125,-0.0182095,0.0162416,0.0244003
0.108333,0.141667,-0.0222649,0.0217495,0.031125
0.108333,0.158333,-0.0263714,0.0281539,0.0385758
0.108333,0.175,-0.0304416,0.0354409,0.0467199
0.108333,0.191667,-0.0343902,0.0435797,0.0555146
0.108333,0.208333,-0.0381344,0.0525229,0.0649067
0.108333,0.225,-0.041595,0.0622084,0.0748334
0.108333,0.241667,-0.0446978,0.0725608,0.085223
0.108333,0.258333,-0.0473745,0.0834922,0.0959963
0.108333,0.275,-0.0495649,0.0949047,0.107068
0.108333,0.291667,-0.0512176,0.106692,0.118348
0.108333,0.308333,-0.0522916,0.118739,0.129744
0.108333,0.325,-0.0527571,0.13093,0.141159
0.108333,0.341667,-0.0525962,0.143143,0.1525
0.108333,0.358333,-0.0518034,0.155256,0.16367
0.108333,0.375,-0.0503854,0.167149,0.174578
0.108333,0.391667,-0.0483607,0.178706,0.185134
0.108333,0.408333,-0.0457592,0.189814,0.195252
0.108333,0.425,-0.0426211,0.200369,0.204852
0.108333,0.441667,-0.0389955,0.210273,0.213859
0.108333,0.458333,-0.0349396,0.219438,0.222203
0.108333,0.475,-0.0305171,0.227785,0.22982
0.108333,0.491667,-0.0257965,0.235245,0.236655
0.108333,0.508333,-0.0208507,0.241758,0.242656
0.108333,0.525,-0.015755,0.247277,0.247778
0.108333,0.541667,-0.0105868,0.251764,0.251986
0.108333,0.558333,-0.00542442,0.25519,0.255248
0.108333,0.575,-0.000346654,0.257541,0.257541
0.108333,0.591667,0.0045679,0.25881,0.258851
0.108333,0.608333,0.00924108,0.259004,0.259169
0.108333,0.625,0.0135954,0.25814,0.258498
0.108333,0.641667,0.0175543,0.25625,0.256851
0.108333,0.658333,0.0210418,0.253379,0.254251
0.108333,0.675,0.0239821,0.249585,0.250734
0.108333,0.691667,0.0262991,0.244944,0.246352
0.108333,0.708333,0.0279149,0.239546,0.241167
0.108333,0.725,0.028747,0.233497,0.23526
0.108333,0.741667,0.0287057,0.226917,0.228726
0.108333,0.758333,0.0276884,0.21994,0.221676
0.108333,0.775,0.025573,0.212706,0.214238
0.108333,0.791667,0.0222095,0.205356,0.206554
0.108333,0.808333,0.0174104,0.198021,0.198785
0.108333,0.825,0.0109415,0.190804,0.191117
0.108333,0.841667,0.00252214,0.183757,0.183774
0.108333,0.858333,-0.00814769,0.176846,0.177034
0.108333,0.875,-0.0212684,0.169897,0.171223
0.108333,0.891667,-0.0365504,0.162489,0.166549
0.108333,0.908333,-0.0520787,0.153727,0.162309
0.108333,0.925,-0.0613863,0.14179,0.154508
0.108333,0.941667,-0.0470518,0.123364,0.132033
0.108333,0.958333,0.0300198,0.0941869,0.0988553
0.108333,0.975,0.240151,0.0536422,0.246069
0.108333,0.991667,0.671165,0.0154583,0.671343
0.125,0.00833333,3.32854e-05,0.00011767,0.000122287
0.125,0.025,-0.00114314,0.000629317,0.00130492
0.125,0.0416667,-0.00333314,0.00173764,0.00375889
0.125,0.0583333,-0.00634265,0.00352875,0.00725819
0.125,0.075,-0.0100063,0.00608142,0.0117094
0.125,0.0916667,-0.0141804,0.00946186,0.0170473
0.125,0.108333,-0.018736,0.0137206,0.0232227
0.125,0.125,-0.0235547,0.0188906,0.0301941
0.125,0.141667,-0.0285242,0.024987,0.0379207
0.125,0.158333,-0.0335362,0.0320064,0.0463582
0.125,0.175,-0.0384858,0.0399281,0.0554564
0.125,0.191667,-0.0432712,0.0487144,0.0651574
0.125,0.208333,-0.0477942,0.0583119,0.0753961
0.125,0.225,-0.0519617,0.0686527,0.0861
0.125,0.241667,-0.0556865,0.0796556,0.0971906
0.125,0.258333,-0.0588897,0.0912279,0.108584
0.125,0.275,-0.0615014,0.103267,0.120194
0.125,0.291667,-0.0634629,0.115662,0.131929
0.125,0.308333,-0.0647277,0.128295,0.143699
0.125,0.325,-0.0652626,0.141046,0.155413
0.125,0.341667,-0.0650483,0.153791,0.166982
0.125,0.358333,-0.0640802,0.166407,0.178319
0.125,0.375,-0.062368,0.178773,0.18934
0.125,0.391667,-0.0599349,0.190773,0.199966
0.125,0.408333,-0.0568172,0.202297,0.210124
0.125,0.425,-0.053063,0.213241,0.219744
0.125,0.441667,-0.0487303,0.223514,0.228764
0.125,0.458333,-0.0438857,0.23303,0.237126
0.125,0.475,-0.038603,0.241715,0.244778
0.125,0.491667,-0.0329609,0.249506,0.251674
0.125,0.508333,-0.0270424,0.256349,0.257771
0.125,0.525,-0.020933,0.2622,0.263034
0.125,0.541667,-0.0147199,0.267024,0.26743
0.125,0.558333,-0.00849126,0.270797,0.27093
0.125,0.575,-0.00233568,0.273502,0.273512
0.125,0.591667,0.00365823,0.275132,0.275156
0.125,0.608333,0.00940198,0.275687,0.275848
0.125,0.625,0.0148072,0.275179,0.275577
0.125,0.641667,0.0197857,0.273626,0.27434
0.125,0.658333,0.024249,0.271059,0.272141
0.125,0.675,0.0281083,0.267519,0.268991
0.125,0.691667,0.0312735,0.263059,0.264912
0.125,0.708333,0.0336526,0.257745,0.259933
0.125,0.725,0.0351496,0.251654,0.254097
0.125,0.741667,0.0356628,0.244874,0.247457
0.125,0.758333,0.0350809,0.237501,0.240078
0.125,0.775,0.0332791,0.229637,0.232035
0.125,0.791667,0.0301135,0.221377,0.223415
0.125,0.808333,0.0254162,0.212802,0.214315
0.125,0.825,0.0189923,0.203963,0.204845
0.125,0.841667,0.0106264,0.194854,0.195144
0.125,0.858333,0.000121689,0.185391,0.185391
0.125,0.875,-0.0125582,0.17536,0.175809
0.125,0.891667,-0.026835,0.164343,0.16652
0.125,0.908333,-0.040224,0.151535,0.156783
0.125,0.925,-0.0451821,0.135413,0.142752
0.125,0.941667,-0.0228855,0.113468,0.115753
0.125,0.958333,0.0654635,0.0830349,0.105737
0.125,0.975,0.283076,0.0452105,0.286664
0.125,0.991667,0.699129,0.0125054,0.69924
0.141667,0.00833333,-0.000234547,0.000150085,0.000278456
0.141667,0.025,-0.00202004,0.000783015,0.00216649
0.141667,0.0416667,-0.00489865,0.00211694,0.0053365
0.141667,0.0583333,-0.00867299,0.00422152,0.00964583
0.141667,0.075,-0.0131681,0.00716078,0.0149892
0.141667,0.0916667,-0.0182264,0.0109879,0.0212823
0.141667,0.108333,-0.023703,0.0157421,0.0284543
0.141667,0.125,-0.029462,0.0214461,0.0364409
0.141667,0.141667,-0.0353731,0.0281058,0.0451795
0.141667,0.158333,-0.0413107,0.0357096,0.0546054
0.141667,0.175,-0.0471528,0.0442293,0.06465
0.141667,0.191667,-0.0527815,0.0536201,0.0752396
0.141667,0.208333,-0.0580837,0.0638222,0.086296
0.141667,0.225,-0.0629526,0.0747617,0.0977361
0.141667,0.241667,-0.0672889,0.086352,0.109474
0.141667,0.258333,-0.0710028,0.0984951,0.121419
0.141667,0.275,-0.0740157,0.111083,0.133483
0.141667,0.291667,-0.0762615,0.124001,0.145575
0.141667,0.308333,-0.0776889,0.137127,0.157605
0.141667,0.325,-0.0782618,0.150337,0.169488
0.141667,0.341667,-0.0779605,0.163503,0.181138
0.141667,0.358333,-0.0767823,0.176502,0.192479
0.141667,0.375,-0.0747406,0.18921,0.203437
0.141667,0.391667,-0.0718648,0.201513,0.213944
0.141667,0.408333,-0.0681989,0.213301,0.223938
0.141667,0.425,-0.0637999,0.224475,0.233365
0.141667,0.441667,-0.0587357,0.234944,0.242175
0.141667,0.458333,-0.0530834,0.244632,0.250325
0.141667,0.475,-0.0469272,0.253468,0.257776
0.141667,0.491667,-0.0403563,0.261397,0.264494
0.141667,0.508333,-0.0334636,0.268371,0.270449
0.141667,0.525,-0.0263441,0.274352,0.275614
0.141667,0.541667,-0.0190938,0.279313,0.279965
0.141667,0.558333,-0.0118093,0.283232,0.283478
0.141667,0.575,-0.00458694,0.286096,0.286133
0.141667,0.591667,0.00247704,0.287899,0.28791
0.141667,0.608333,0.00928657,0.28864,0.28879
0.141667,0.625,0.0157455,0.288326,0.288756
0.141667,0.641667,0.0217574,0.286969,0.287793
0.141667,0.658333,0.0272252,0.284589,0.285888
0.141667,0.675,0.0320504,0.28121,0.283031
0.141667,0.691667,0.0361331,0.276868,0.279216
0.141667,0.708333,0.039371,0.271604,0.274443
0.141667,0.725,0.0416585,0.265468,0.268717
0.141667,0.741667,0.0428856,0.258517,0.26205
0.141667,0.758333,0.0429364,0.250811,0.25446
0.141667,0.775,0.0416869,0.242412,0.24597
0.141667,0.791667,0.0390028,0.233375,0.236612
0.141667,0.808333,0.0347384,0.223738,0.226419
0.141667,0.825,0.0287382,0.213509,0.215435
0.141667,0.841667,0.0208485,0.202649,0.203719
0.141667,0.858333,0.0109631,0.191049,0.191363
0.141667,0.875,-0.000817179,0.178497,0.178499
0.141667,0.891667,-0.0136776,0.164616,0.165183
0.141667,0.908333,-0.0246772,0.14872,0.150753
0.141667,0.925,-0.0254714,0.129584,0.132064
0.141667,0.941667,0.00357428,0.105359,0.105419
0.141667,0.958333,0.100281,0.0745143,0.124934
0.141667,0.975,0.321473,0.0391243,0.323845
0.141667,0.991667,0.722098,0.0104635,0.722173
0.158333,0.00833333,-0.000565222,0.000180513,0.000593347
0.158333,0.025,-0.00307057,0.000928632,0.00320792
0.158333,0.0416667,-0.00673249,0.00247892,0.00717436
0.158333,0.0583333,-0.0113511,0.00488611,0.012358
0.158333,0.075,-0.0167431,0.00819981,0.0186432
0.158333,0.0916667,-0.0227388,0.0124599,0.0259288
0.158333,0.108333,-0.0291783,0.0176933,0.0341237
0.158333,0.125,-0.0359095,0.023912,0.0431425
0.158333,0.141667,-0.0427852,0.0311118,0.0529011
0.158333,0.158333,-0.0496631,0.0392723,0.0633146
0.158333,0.175,-0.0564049,0.0483571,0.0742962
0.158333,0.191667,-0.0628774,0.0583142,0.0857561
0.158333,0.208333,-0.0689532,0.0690773,0.0976023
0.158333,0.225,-0.074512,0.0805665,0.109741
0.158333,0.241667,-0.0794429,0.0926895,0.122076
0.158333,0.258333,-0.0836456,0.105343,0.134513
0.158333,0.275,-0.0870326,0.118414,0.146958
0.158333,0.291667,-0.0895313,0.131783,0.159319
0.158333,0.308333,-0.0910857,0.145323,0.17151
0.158333,0.325,-0.0916574,0.158906,0.183446
0.158333,0.341667,-0.0912272,0.172402,0.195051
0.158333,0.358333,-0.0897951,0.185683,0.206256
0.158333,0.375,-0.0873798,0.198627,0.216997
0.158333,0.391667,-0.0840181,0.211117,0.227221
0.158333,0.408333,-0.079763,0.223046,0.236879
0.158333,0.425,-0.0746819,0.234318,0.245932
0.158333,0.441667,-0.0688539,0.244849,0.254346
0.158333,0.458333,-0.0623675,0.254564,0.262093
0.158333,0.475,-0.0553182,0.263402,0.269149
0.158333,0.491667,-0.0478059,0.271315,0.275494
0.158333,0.508333,-0.0399336,0.278261,0.281111
0.158333,0.525,-0.0318053,0.28421,0.285984
0.158333,0.541667,-0.023525,0.289142,0.290098
0.158333,0.558333,-0.0151964,0.293042,0.293435
0.158333,0.575,-0.00692208,0.2959,0.295981
0.158333,0.591667,0.00119612,0.297713,0.297716
0.158333,0.608333,0.00905703,0.298482,0.29862
0.158333,0.625,0.0165596,0.298212,0.298671
0.158333,0.641667,0.0236025,0.29691,0.297846
0.158333,0.658333,0.0300833,0.294587,0.29612
0.158333,0.675,0.0358982,0.29126,0.293464
0.158333,0.691667,0.0409414,0.286946,0.289852
0.158333,0.708333,0.0451047,0.281668,0.285256
0.158333,0.725,0.0482769,0.275452,0.27965
0.158333,0.741667,0.0503441,0.268326,0.273008
0.158333,0.758333,0.051189,0.260321,0.265306
0.158333,0.775,0.0506909,0.251463,0.256522
0.158333,0.791667,0.0487265,0.241773,0.246634
0.158333,0.808333,0.0451713,0.231253,0.235623
0.158333,0.825,0.0399042,0.219883,0.223474
0.158333,0.841667,0.0328229,0.207602,0.210181
0.158333,0.858333,0.0238938,0.194297,0.195761
0.158333,0.875,0.0133254,0.179775,0.180269
0.158333,0.891667,0.00212071,0.163716,0.16373
0.158333,0.908333,-0.00641757,0.145553,0.145695
0.158333,0.925,-0.00336042,0.124319,0.124364
0.158333,0.941667,0.031327,0.09868,0.103533
0.158333,0.958333,0.134145,0.067907,0.150354
0.158333,0.975,0.356277,0.0346289,0.357956
0.158333,0.991667,0.741572,0.00901131,0.741627
0.175,0.00833333,-0.000955515,0.000209706,0.000978256
0.175,0.025,-0.00428749,0.00106865,0.00441866
0.175,0.0416667,-0.008825,0.00282764,0.00926694
0.175,0.0583333,-0.0143655,0.00552719,0.0153921
0.175,0.075,-0.020718,0.00920262,0.0226699
0.175,0.0916667,-0.0277017,0.0138802,0.0309845
0.175,0.108333,-0.0351429,0.019574,0.0402264
0.175,0.125,-0.0428742,0.0262845,0.0502898
0.175,0.141667,-0.0507328,0.0339968,0.0610704
0.175,0.158333,-0.0585606,0.0426812,0.072464
0.175,0.175,-0.0662041,0.0522929,0.0843655
0.175,0.191667,-0.0735155,0.0627729,0.0966694
0.175,0.208333,-0.0803537,0.0740482,0.10927
0.175,0.225,-0.0865858,0.0860332,0.122061
0.175,0.241667,-0.0920892,0.0986301,0.134938
0.175,0.258333,-0.0967533,0.11173,0.1478
0.175,0.275,-0.100482,0.125216,0.160549
0.175,0.291667,-0.103197,0.138963,0.17309
0.175,0.308333,-0.104837,0.152839,0.185339
0.175,0.325,-0.105362,0.166712,0.197215
0.175,0.341667,-0.104754,0.180448,0.20865
0.175,0.358333,-0.103018,0.193917,0.219583
0.175,0.375,-0.100179,0.206996,0.229963
0.175,0.391667,-0.0962815,0.219568,0.23975
0.175,0.408333,-0.0913903,0.231529,0.248914
0.175,0.425,-0.0855845,0.242787,0.25743
0.175,0.441667,-0.0789555,0.25326,0.265283
0.175,0.458333,-0.0716045,0.262884,0.272461
0.175,0.475,-0.0636389,0.271603,0.278959
0.175,0.491667,-0.0551698,0.279376,0.284771
0.175,0.508333,-0.0463102,0.28617,0.289893
0.175,0.525,-0.0371726,0.291965,0.294321
0.175,0.541667,-0.0278685,0.296744,0.298049
0.175,0.558333,-0.0185075,0.300499,0.301068
0.175,0.575,-0.00919702,0.303227,0.303367
0.175,0.591667,-4.26783e-05,0.304928,0.304928
0.175,0.608333,0.00885127,0.305603,0.305731
0.175,0.625,0.0173813,0.305258,0.305752
0.175,0.641667,0.0254438,0.303897,0.30496
0.175,0.658333,0.0329345,0.301527,0.30332
0.175,0.675,0.0397474,0.298154,0.300792
0.175,0.691667,0.0457746,0.293786,0.297331
0.175,0.708333,0.050906,0.28843,0.292887
0.175,0.725,0.0550289,0.282093,0.28741
0.175,0.741667,0.0580289,0.274781,0.280842
0.175,0.758333,0.0597904,0.2665,0.273125
0.175,0.775,0.0601981,0.257249,0.264199
0.175,0.791667,0.0591393,0.24702,0.254001
0.175,0.808333,0.0565075,0.235791,0.242467
0.175,0.825,0.0522092,0.22352,0.229536
0.175,0.841667,0.0461811,0.210137,0.215152
0.175,0.858333,0.0384432,0.195534,0.199278
0.175,0.875,0.0292857,0.179546,0.181919
0.175,0.891667,0.0198605,0.161905,0.163119
0.175,0.908333,0.0137577,0.142153,0.142817
0.175,0.925,0.0203256,0.119526,0.121242
0.175,0.941667,0.0597162,0.093089,0.110597
0.175,0.958333,0.166943,0.0626746,0.17832
0.175,0.975,0.388209,0.0312222,0.389462
0.175,0.991667,0.758532,0.00794808,0.758573
0.191667,0.00833333,-0.00140356,0.000238266,0.00142364
0.191667,0.025,-0.00566529,0.00120503,0.00579203
0.191667,0.0416667,-0.0111674,0.0031661,0.0116076
0.191667,0.0583333,-0.0177041,0.00614752,0.0187411
0.191667,0.075,-0.0250774,0.01017,0.0270611
0.191667,0.0916667,-0.0330956,0.0152456,0.0364383
0.191667,0.108333,-0.0415725,0.0213752,0.0467459
0.191667,0.125,-0.0503267,0.0285468,0.0578593
0.191667,0.141667,-0.0591808,0.0367349,0.069655
0.191667,0.158333,-0.0679623,0.0459001,0.0820103
0.191667,0.175,-0.0765037,0.0559895,0.0948032
0.191667,0.191667,-0.0846436,0.066937,0.107912
0.191667,0.208333,-0.092228,0.0786639,0.121219
0.191667,0.225,-0.0991118,0.0910792,0.134605
0.191667,0.241667,-0.105161,0.10408,0.147958
0.191667,0.258333,-0.110255,0.117553,0.161168
0.191667,0.275,-0.11429,0.131377,0.174132
0.191667,0.291667,-0.117179,0.145419,0.186755
0.191667,0.308333,-0.118858,0.159546,0.198952
0.191667,0.325,-0.119287,0.173619,0.210648
0.191667,0.341667,-0.118449,0.187502,0.221781
0.191667,0.358333,-0.116354,0.201062,0.232302
0.191667,0.375,-0.113035,0.214175,0.242173
0.191667,0.391667,-0.108549,0.226726,0.251372
0.191667,0.408333,-0.102972,0.238614,0.259884
0.191667,0.425,-0.0963966,0.24975,0.267708
0.191667,0.441667,-0.0889285,0.260062,0.274846
0.191667,0.458333,-0.0806821,0.269489,0.281307
0.191667,0.475,-0.0717776,0.277986,0.287103
0.191667,0.491667,-0.0623374,0.28552,0.292246
0.191667,0.508333,-0.0524842,0.292067,0.296745
0.191667,0.525,-0.0423386,0.297613,0.300609
0.191667,0.541667,-0.0320186,0.30215,0.303842
0.191667,0.558333,-0.0216384,0.305676,0.30644
0.191667,0.575,-0.011309,0.30819,0.308398
0.191667,0.591667,-0.00113832,0.309698,0.3097
0.191667,0.608333,0.00876816,0.310201,0.310325
0.191667,0.625,0.0183064,0.309705,0.310245
0.191667,0.641667,0.0273727,0.308212,0.309425
0.191667,0.658333,0.0358633,0.305724,0.307821
0.191667,0.675,0.0436728,0.302243,0.305382
0.191667,0.691667,0.0506943,0.297766,0.302051
0.191667,0.708333,0.0568187,0.29229,0.297762
0.191667,0.725,0.0619352,0.285808,0.292442
0.191667,0.741667,0.0659318,0.27831,0.286013
0.191667,0.758333,0.0686969,0.269782,0.278391
0.191667,0.775,0.0701216,0.260203,0.269486
0.191667,0.791667,0.0701029,0.249545,0.259205
0.191667,0.808333,0.0685488,0.23777,0.247454
0.191667,0.825,0.0653862,0.224822,0.234138
0.191667,0.841667,0.0605787,0.21063,0.219169
0.191667,0.858333,0.0541835,0.195095,0.202479
0.191667,0.875,0.0465514,0.178077,0.184061
0.191667,0.891667,0.0389543,0.159358,0.16405
0.191667,0.908333,0.0352129,0.138562,0.142966
0.191667,0.925,0.0449706,0.115088,0.123562
0.191667,0.941667,0.0882983,0.0882979,0.124872
0.191667,0.958333,0.198651,0.0584223,0.207064
0.191667,0.975,0.41781,0.0285651,0.418786
0.191667,0.991667,0.773624,0.00714476,0.773657
0.208333,0.00833333,-0.00190842,0.000266528,0.00192694
0.208333,0.025,-0.00719948,0.00133868,0.00732288
0.208333,0.0416667,-0.0137508,0.00349508,0.0141881
0.208333,0.0583333,-0.0213533,0.00674611,0.0223936
0.208333,0.075,-0.0298018,0.011097,0.0318008
0.208333,0.0916667,-0.038895,0.016545,0.0422677
0.208333,0.108333,-0.0484349,0.023077,0.0536516
0.208333,0.125,-0.0582276,0.0306686,0.0658104
0.208333,0.141667,-0.0680827,0.0392832,0.0786029
0.208333,0.158333,-0.0778149,0.0488722,0.0918893
0.208333,0.175,-0.0872439,0.0593754,0.105532
0.208333,0.191667,-0.0961962,0.0707206,0.119395
0.208333,0.208333,-0.104506,0.0828239,0.133346
0.208333,0.225,-0.112016,0.0955901,0.147258
0.208333,0.241667,-0.118581,0.108912,0.161007
0.208333,0.258333,-0.12407,0.122673,0.174476
0.208333,0.275,-0.12837,0.136744,0.187557
0.208333,0.291667,-0.131388,0.150991,0.200153
0.208333,0.308333,-0.133057,0.165274,0.212179
0.208333,0.325,-0.133336,0.17945,0.223564
0.208333,0.341667,-0.132211,0.193379,0.234255
0.208333,0.358333,-0.129699,0.206928,0.244215
0.208333,0.375,-0.125844,0.21997,0.253424
0.208333,0.391667,-0.120715,0.232395,0.261877
0.208333,0.408333,-0.114402,0.244104,0.269582
0.208333,0.425,-0.107014,0.255015,0.276559
0.208333,0.441667,-0.0986708,0.265064,0.282833
0.208333,0.458333,-0.0895018,0.274199,0.288436
0.208333,0.475,-0.0796403,0.282384,0.2934
0.208333,0.491667,-0.0692199,0.289596,0.297753
0.208333,0.508333,-0.0583723,0.29582,0.301524
0.208333,0.525,-0.0472256,0.301049,0.30473
0.208333,0.541667,-0.0359026,0.305283,0.307387
0.208333,0.558333,-0.0245213,0.308525,0.309497
0.208333,0.575,-0.0131946,0.310778,0.311058
0.208333,0.591667,-0.00203084,0.312049,0.312056
0.208333,0.608333,0.00886461,0.312342,0.312468
0.208333,0.625,0.0193888,0.31166,0.312262
0.208333,0.641667,0.0294399,0.310003,0.311398
0.208333,0.658333,0.0389161,0.307371,0.309825
0.208333,0.675,0.0477148,0.303757,0.307482
0.208333,0.691667,0.0557319,0.299155,0.304302
0.208333,0.708333,0.0628617,0.29355,0.300205
0.208333,0.725,0.0689972,0.286927,0.295106
0.208333,0.741667,0.074031,0.279264,0.28891
0.208333,0.758333,0.0778568,0.270533,0.281513
0.208333,0.775,0.0803726,0.260701,0.272809
0.208333,0.791667,0.0814838,0.249727,0.262684
0.208333,0.808333,0.0811096,0.237561,0.251025
0.208333,0.825,0.0791902,0.224143,0.237721
0.208333,0.841667,0.0757066,0.209403,0.222668
0.208333,0.858333,0.0707403,0.193254,0.205794
0.208333,0.875,0.0646874,0.175579,0.187116
0.208333,0.891667,0.0589194,0.156196,0.166939
0.208333,0.908333,0.0574459,0.134794,0.146525
0.208333,0.925,0.0701108,0.110895,0.131199
0.208333,0.941667,0.116764,0.0840793,0.143886
0.208333,0.958333,0.229277,0.0548631,0.23575
0.208333,0.975,0.445478,0.0264256,0.446262
0.208333,0.991667,0.787286,0.00651651,0.787313
0.225,0.00833333,-0.00246955,0.000294529,0.00248705
0.225,0.025,-0.00888541,0.0014693,0.00900608
0.225,0.0416667,-0.0165648,0.00381263,0.0169979
0.225,0.0583333,-0.0252953,0.00731744,0.0263325
0.225,0.075,-0.0348657,0.0119723,0.0368639
0.225,0.0916667,-0.0450655,0.0177586,0.0484383
0.225,0.108333,-0.0556869,0.024649,0.0608983
0.225,0.125,-0.0665247,0.0326064,0.0740859
0.225,0.141667,-0.0773778,0.041584,0.0878439
0.225,0.158333,-0.0880499,0.0515249,0.102018
0.225,0.175,-0.0983499,0.0623626,0.116455
0.225,0.191667,-0.108093,0.0740204,0.131008
0.225,0.208333,-0.117103,0.0864108,0.145533
0.225,0.225,-0.12521,0.0994353,0.15989
0.225,0.241667,-0.132257,0.112984,0.173946
0.225,0.258333,-0.138104,0.126935,0.187577
0.225,0.275,-0.142628,0.141156,0.200668
0.225,0.291667,-0.145729,0.155508,0.213119
0.225,0.308333,-0.147336,0.169844,0.224844
0.225,0.325,-0.147408,0.184018,0.235779
0.225,0.341667,-0.145937,0.197887,0.24588
0.225,0.358333,-0.142949,0.211315,0.255125
0.225,0.375,-0.1385,0.224178,0.263511
0.225,0.391667,-0.132673,0.236368,0.271057
0.225,0.408333,-0.125577,0.247792,0.277795
0.225,0.425,-0.117335,0.258376,0.283771
0.225,0.441667,-0.108087,0.268065,0.289036
0.225,0.458333,-0.0979747,0.276819,0.293646
0.225,0.475,-0.0871459,0.284613,0.297655
0.225,0.491667,-0.0757446,0.291432,0.301114
0.225,0.508333,-0.0639111,0.297272,0.304064
0.225,0.525,-0.051779,0.302135,0.306539
0.225,0.541667,-0.0394749,0.306026,0.308562
0.225,0.558333,-0.0271186,0.308955,0.310142
0.225,0.575,-0.0148229,0.310927,0.31128
0.225,0.591667,-0.00269561,0.311949,0.311961
0.225,0.608333,0.0091601,0.312026,0.31216
0.225,0.625,0.0206438,0.311158,0.311842
0.225,0.641667,0.0316566,0.309343,0.310958
0.225,0.658333,0.0421003,0.306574,0.309452
0.225,0.675,0.0518759,0.302843,0.307254
0.225,0.691667,0.0608835,0.298133,0.304286
0.225,0.708333,0.069022,0.292425,0.300461
0.225,0.725,0.0761892,0.285696,0.295681
0.225,0.741667,0.0822831,0.277916,0.289841
0.225,0.758333,0.0872034,0.269048,0.282827
0.225,0.775,0.0908546,0.259051,0.274522
0.225,0.791667,0.0931495,0.247878,0.264802
0.225,0.808333,0.0940147,0.235473,0.253547
0.225,0.825,0.0933989,0.221777,0.240641
0.225,0.841667,0.0912925,0.206722,0.225983
0.225,0.858333,0.0877925,0.190233,0.209514
0.225,0.875,0.0833303,0.172213,0.191315
0.225,0.891667,0.0793637,0.152508,0.171922
0.225,0.908333,0.0800609,0.130851,0.1534
0.225,0.925,0.0953939,0.106852,0.143239
0.225,0.941667,0.144888,0.0802595,0.165633
0.225,0.958333,0.258838,0.0517896,0.263969
0.225,0.975,0.471501,0.0246433,0.472144
0.225,0.991667,0.799809,0.00600668,0.799831
0.241667,0.00833333,-0.00308615,0.000322005,0.0031029
0.241667,0.025,-0.010717,0.0015953,0.0108351
0.241667,0.0416667,-0.0195954,0.00411406,0.0200226
0.241667,0.0583333,-0.0295071,0.00785148,0.0305338
0.241667,0.075,-0.0402353,0.0127779,0.0422156
0.241667,0.0916667,-0.0515627,0.0188583,0.054903
0.241667,0.108333,-0.0632728,0.0260507,0.0684258
0.241667,0.125,-0.075152,0.0343063,0.082612
0.241667,0.141667,-0.0869907,0.0435687,0.0972914
0.241667,0.158333,-0.0985841,0.0537747,0.112297
0.241667,0.175,-0.109732,0.0648533,0.127464
0.241667,0.191667,-0.120241,0.0767252,0.142634
0.241667,0.208333,-0.129922,0.0893012,0.157653
0.241667,0.225,-0.138595,0.102481,0.172369
0.241667,0.241667,-0.146091,0.116152,0.186639
0.241667,0.258333,-0.152258,0.130189,0.200329
0.241667,0.275,-0.156962,0.144455,0.213317
0.241667,0.291667,-0.160096,0.158804,0.225498
0.241667,0.308333,-0.161587,0.173086,0.236789
0.241667,0.325,-0.161394,0.187149,0.247129
0.241667,0.341667,-0.159518,0.200846,0.256486
0.241667,0.358333,-0.155993,0.214042,0.264855
0.241667,0.375,-0.150892,0.226615,0.272255
0.241667,0.391667,-0.144316,0.23846,0.27873
0.241667,0.408333,-0.136392,0.249494,0.284342
0.241667,0.425,-0.127263,0.259653,0.289164
0.241667,0.441667,-0.117086,0.268892,0.293278
0.241667,0.458333,-0.10602,0.277183,0.296767
0.241667,0.475,-0.0942238,0.284513,0.299709
0.241667,0.491667,-0.0818524,0.29088,0.302177
0.241667,0.508333,-0.0690527,0.296289,0.30423
0.241667,0.525,-0.0559625,0.300752,0.305914
0.241667,0.541667,-0.0427103,0.304279,0.307262
0.241667,0.558333,-0.0294153,0.306883,0.30829
0.241667,0.575,-0.0161889,0.308574,0.308999
0.241667,0.591667,-0.00313571,0.309358,0.309374
0.241667,0.608333,0.00964435,0.309237,0.309388
0.241667,0.625,0.0220549,0.30821,0.308998
0.241667,0.641667,0.0340012,0.30627,0.308151
0.241667,0.658333,0.0453893,0.303405,0.306781
0.241667,0.675,0.0561247,0.299599,0.304811
0.241667,0.691667,0.0661122,0.294831,0.302153
0.241667,0.708333,0.0752553,0.289077,0.298712
0.241667,0.725,0.0834571,0.282305,0.294383
0.241667,0.741667,0.0906209,0.27448,0.289052
0.241667,0.758333,0.0966522,0.265561,0.282603
0.241667,0.775,0.101461,0.255503,0.274911
0.241667,0.791667,0.104966,0.244254,0.265853
0.241667,0.808333,0.107098,0.23176,0.255308
0.241667,0.825,0.10781,0.217962,0.243168
0.241667,0.841667,0.107098,0.202801,0.229342
0.241667,0.858333,0.105066,0.186211,0.213807
0.241667,0.875,0.102178,0.168109,0.196726
0.241667,0.891667,0.0999696,0.14836,0.178899
0.241667,0.908333,0.102745,0.126727,0.163145
0.241667,0.925,0.120548,0.102887,0.158486
0.241667,0.941667,0.172505,0.0767084,0.188791
0.241667,0.958333,0.287348,0.0490521,0.291505
0.241667,0.975,0.496083,0.0231065,0.496621
0.241667,0.991667,0.811392,0.00557701,0.811412
0.258333,0.00833333,-0.00375664,0.000348426,0.00377276
0.258333,0.025,-0.0126855,0.00171398,0.0128007
0.258333,0.0416667,-0.022824,0.00439218,0.0232428
0.258333,0.0583333,-0.033958,0.00833415,0.0349658
0.258333,0.075,-0.0458675,0.0134906,0.0478103
0.258333,0.0916667,-0.0583299,0.0198095,0.0616019
0.258333,0.108333,-0.0711235,0.0272349,0.0761596
0.258333,0.125,-0.084029,0.035707,0.0913009
0.258333,0.141667,-0.0968315,0.0451622,0.106846
0.258333,0.158333,-0.10932,0.0555331,0.122617
0.258333,0.175,-0.121289,0.0667469,0.138442
0.258333,0.191667,-0.132534,0.0787241,0.154151
0.258333,0.208333,-0.142856,0.0913755,0.16958
0.258333,0.225,-0.152065,0.1046,0.184567
0.258333,0.241667,-0.159976,0.118284,0.198956
0.258333,0.258333,-0.166423,0.132297,0.212601
0.258333,0.275,-0.171263,0.146498,0.225372
0.258333,0.291667,-0.174381,0.160735,0.23716
0.258333,0.308333,-0.1757,0.174852,0.247878
0.258333,0.325,-0.175184,0.188692,0.257476
0.258333,0.341667,-0.17284,0.202106,0.265933
0.258333,0.358333,-0.168719,0.214958,0.273264
0.258333,0.375,-0.162911,0.22713,0.279514
0.258333,0.391667,-0.155538,0.238526,0.284757
0.258333,0.408333,-0.146748,0.249069,0.289085
0.258333,0.425,-0.136706,0.258709,0.292607
0.258333,0.441667,-0.125587,0.267414,0.295436
0.258333,0.458333,-0.113566,0.27517,0.297684
0.258333,0.475,-0.100815,0.281978,0.299458
0.258333,0.491667,-0.0874967,0.287846,0.300851
0.258333,0.508333,-0.0737635,0.292792,0.30194
0.258333,0.525,-0.0597554,0.296833,0.302788
0.258333,0.541667,-0.0456001,0.299989,0.303435
0.258333,0.558333,-0.0314145,0.302274,0.303902
0.258333,0.575,-0.0173059,0.303699,0.304192
0.258333,0.591667,-0.00337434,0.304271,0.30429
0.258333,0.608333,0.0102856,0.30399,0.304164
0.258333,0.625,0.0235827,0.302848,0.303765
0.258333,0.641667,0.0364276,0.300834,0.303032
0.258333,0.658333,0.0487312,0.297931,0.30189
0.258333,0.675,0.0604038,0.294116,0.300255
0.258333,0.691667,0.0713547,0.289362,0.29803
0.258333,0.708333,0.0814921,0.283638,0.295112
0.258333,0.725,0.0907235,0.276907,0.29139
0.258333,0.741667,0.098957,0.269129,0.286746
0.258333,0.758333,0.106103,0.260262,0.281058
0.258333,0.775,0.112075,0.250256,0.274206
0.258333,0.791667,0.116795,0.239061,0.266067
0.258333,0.808333,0.120199,0.226625,0.256528
0.258333,0.825,0.122239,0.212893,0.245491
0.258333,0.841667,0.122911,0.197813,0.232888
0.258333,0.858333,0.122328,0.181328,0.218733
0.258333,0.875,0.120979,0.163367,0.203285
0.258333,0.891667,0.120479,0.143805,0.187603
0.258333,0.908333,0.12525,0.122423,0.175143
0.258333,0.925,0.145362,0.098945,0.175842
0.258333,0.941667,0.199484,0.0733304,0.212535
0.258333,0.958333,0.314812,0.0465431,0.318234
0.258333,0.975,0.51937,0.0217375,0.519825
0.258333,0.991667,0.822171,0.00520153,0.822187
0.275,0.00833333,-0.00447816,0.000373035,0.00449367
0.275,0.025,-0.0147783,0.00182168,0.0148901
0.275,0.0416667,-0.0262256,0.00463773,0.0266325
0.275,0.0583333,-0.0386089,0.00874811,0.0395876
0.275,0.075,-0.051708,0.0140829,0.0535914
0.275,0.0916667,-0.0652985,0.020573,0.0684627
0.275,0.108333,-0.0791568,0.0281494,0.084013
0.275,0.125,-0.0930621,0.0367437,0.100053
0.275,0.141667,-0.106798,0.0462876,0.116397
0.275,0.158333,-0.12015,0.0567124,0.132862
0.275,0.175,-0.132907,0.0679467,0.149268
0.275,0.191667,-0.144859,0.079913,0.165439
0.275,0.208333,-0.155794,0.0925243,0.181198
0.275,0.225,-0.165507,0.10568,0.19637
0.275,0.241667,-0.1738,0.119264,0.210785
0.275,0.258333,-0.180491,0.133143,0.224285
0.275,0.275,-0.185423,0.147169,0.236728
0.275,0.291667,-0.188474,0.161184,0.247997
0.275,0.308333,-0.189565,0.175025,0.258009
0.275,0.325,-0.188665,0.188531,0.266718
0.275,0.341667,-0.185793,0.201552,0.274121
0.275,0.358333,-0.181018,0.213952,0.280255
0.275,0.375,-0.174451,0.225619,0.285196
0.275,0.391667,-0.166238,0.236464,0.289051
0.275,0.408333,-0.156552,0.246426,0.291949
0.275,0.425,-0.145581,0.255465,0.294034
0.275,0.441667,-0.133517,0.263566,0.295455
0.275,0.458333,-0.120554,0.270728,0.296356
0.275,0.475,-0.106873,0.276966,0.296871
0.275,0.491667,-0.0926442,0.282304,0.297117
0.275,0.508333,-0.0780236,0.286766,0.297191
0.275,0.525,-0.0631505,0.29038,0.297167
0.275,0.541667,-0.0481495,0.293169,0.297097
0.275,0.558333,-0.0331328,0.295152,0.297006
0.275,0.575,-0.0182014,0.296341,0.296899
0.275,0.591667,-0.00344853,0.296738,0.296758
0.275,0.608333,0.011038,0.296342,0.296548
0.275,0.625,0.0251735,0.295141,0.296213
0.275,0.641667,0.0388748,0.293117,0.295684
0.275,0.658333,0.0520582,0.290246,0.294878
0.275,0.675,0.064639,0.286499,0.2937
0.275,0.691667,0.0765307,0.281842,0.292048
0.275,0.708333,0.0876455,0.276237,0.289808
0.275,0.725,0.0978946,0.269644,0.286864
0.275,0.741667,0.107189,0.262018,0.283095
0.275,0.758333,0.115443,0.253313,0.278378
0.275,0.775,0.122572,0.243481,0.272593
0.275,0.791667,0.128501,0.232472,0.265623
0.275,0.808333,0.133164,0.220237,0.257365
0.275,0.825,0.136514,0.206727,0.247734
0.275,0.841667,0.138545,0.191898,0.236684
0.275,0.858333,0.139375,0.175701,0.224268
0.275,0.875,0.139524,0.158069,0.210839
0.275,0.891667,0.140681,0.138885,0.197687
0.275,0.908333,0.147375,0.117939,0.188756
0.275,0.925,0.169668,0.0949862,0.194447
0.275,0.941667,0.225723,0.0700563,0.236345
0.275,0.958333,0.34123,0.0441861,0.344079
0.275,0.975,0.541461,0.0204819,0.541849
0.275,0.991667,0.832235,0.00486251,0.832249
0.291667,0.00833333,-0.00524614,0.000394888,0.00526098
0.291667,0.025,-0.0169782,0.00191399,0.0170857
0.291667,0.0416667,-0.0297678,0.0048399,0.0301587
0.291667,0.0583333,-0.043411,0.00907371,0.0443492
0.291667,0.075,-0.0576914,0.0145244,0.0594917
0.291667,0.0916667,-0.0723875,0.0211067,0.0754019
0.291667,0.108333,-0.0872783,0.0287406,0.0918886
0.291667,0.125,-0.102146,0.0373517,0.108761
0.291667,0.141667,-0.116776,0.0468705,0.125832
0.291667,0.158333,-0.130956,0.0572305,0.142915
0.291667,0.175,-0.14447,0.0683648,0.159829
0.291667,0.191667,-0.157098,0.0802007,0.176386
0.291667,0.208333,-0.168619,0.0926544,0.192399
0.291667,0.225,-0.17881,0.105627,0.207678
0.291667,0.241667,-0.187454,0.118999,0.222035
0.291667,0.258333,-0.194351,0.132633,0.235295
0.291667,0.275,-0.199332,0.146376,0.247304
0.291667,0.291667,-0.202265,0.160061,0.257936
0.291667,0.308333,-0.203072,0.173519,0.267109
0.291667,0.325,-0.201729,0.186585,0.274788
0.291667,0.341667,-0.198271,0.199107,0.280989
0.291667,0.358333,-0.192787,0.210954,0.285777
0.291667,0.375,-0.185415,0.222021,0.289261
0.291667,0.391667,-0.176328,0.232229,0.291585
0.291667,0.408333,-0.165725,0.241531,0.29292
0.291667,0.425,-0.153818,0.249902,0.293447
0.291667,0.441667,-0.140821,0.257342,0.293352
0.291667,0.458333,-0.126939,0.263868,0.292814
0.291667,0.475,-0.112366,0.269509,0.291995
0.291667,0.491667,-0.097277,0.274298,0.291036
0.291667,0.508333,-0.0818275,0.278273,0.290054
0.291667,0.525,-0.066154,0.281466,0.289136
0.291667,0.541667,-0.0503759,0.283907,0.288342
0.291667,0.558333,-0.0345977,0.285616,0.287704
0.291667,0.575,-0.0189122,0.286604,0.287227
0.291667,0.591667,-0.00340399,0.286872,0.286892
0.291667,0.608333,0.0118476,0.286414,0.286659
0.291667,0.625,0.0267658,0.285214,0.286467
0.291667,0.641667,0.0412742,0.283246,0.286238
0.291667,0.658333,0.055295,0.280481,0.28588
0.291667,0.675,0.0687484,0.276883,0.28529
0.291667,0.691667,0.0815519,0.272409,0.284355
0.291667,0.708333,0.0936208,0.267018,0.282955
0.291667,0.725,0.104869,0.260662,0.280966
0.291667,0.741667,0.115209,0.253294,0.278264
0.291667,0.758333,0.124556,0.244866,0.274725
0.291667,0.775,0.132828,0.235329,0.270228
0.291667,0.791667,0.139948,0.224635,0.264663
0.291667,0.808333,0.145848,0.212739,0.257934
0.291667,0.825,0.15048,0.199599,0.249968
0.291667,0.841667,0.153833,0.185174,0.240737
0.291667,0.858333,0.156035,0.169423,0.230328
0.291667,0.875,0.157636,0.152284,0.219179
0.291667,0.891667,0.160401,0.133637,0.208776
0.291667,0.908333,0.168959,0.113278,0.203419
0.291667,0.925,0.193329,0.0909843,0.213669
0.291667,0.941667,0.251138,0.0668376,0.25988
0.291667,0.958333,0.366596,0.0419271,0.368986
0.291667,0.975,0.562424,0.0193021,0.562755
0.291667,0.991667,0.841645,0.00454796,0.841658
0.308333,0.00833333,-0.00605399,0.000412903,0.00606805
0.308333,0.025,-0.0192626,0.00198594,0.0193647
0.308333,0.0416667,-0.0334102,0.0049868,0.0337804
0.308333,0.0583333,-0.0483057,0.00929001,0.0491909
0.308333,0.075,-0.0637415,0.0147839,0.0654335
0.308333,0.0916667,-0.0795047,0.0213688,0.0823263
0.308333,0.108333,-0.0953828,0.0289564,0.0996812
0.308333,0.125,-0.111167,0.0374702,0.117312
0.308333,0.141667,-0.126648,0.0468433,0.135033
0.308333,0.158333,-0.141617,0.0570155,0.152663
0.308333,0.175,-0.155855,0.0679271,0.170014
0.308333,0.191667,-0.169134,0.0795123,0.186892
0.308333,0.208333,-0.181217,0.0916921,0.203094
0.308333,0.225,-0.19186,0.104368,0.21841
0.308333,0.241667,-0.200827,0.117419,0.232634
0.308333,0.258333,-0.207896,0.130703,0.245569
0.308333,0.275,-0.212883,0.144057,0.257044
0.308333,0.291667,-0.21565,0.157309,0.266929
0.308333,0.308333,-0.216118,0.170282,0.275142
0.308333,0.325,-0.214276,0.182809,0.281661
0.308333,0.341667,-0.210176,0.194738,0.286525
0.308333,0.358333,-0.203935,0.205943,0.289831
0.308333,0.375,-0.195719,0.216328,0.291725
0.308333,0.391667,-0.185732,0.225827,0.292394
0.308333,0.408333,-0.174202,0.234407,0.29205
0.308333,0.425,-0.161366,0.242061,0.290917
0.308333,0.441667,-0.147457,0.248806,0.28922
0.308333,0.458333,-0.132695,0.254673,0.287169
0.308333,0.475,-0.117281,0.259704,0.284958
0.308333,0.491667,-0.101393,0.263946,0.282751
0.308333,0.508333,-0.0851838,0.267444,0.280682
0.308333,0.525,-0.0687848,0.270238,0.278854
0.308333,0.541667,-0.052307,0.272359,0.277336
0.308333,0.558333,-0.0358452,0.273829,0.276165
0.308333,0.575,-0.0194818,0.274659,0.275349
0.308333,0.591667,-0.00329091,0.274847,0.274867
0.308333,0.608333,0.0126578,0.274382,0.274673
0.308333,0.625,0.0282965,0.273242,0.274703
0.308333,0.641667,0.0435563,0.271396,0.274869
0.308333,0.658333,0.0583658,0.268809,0.275072
0.308333,0.675,0.0726498,0.265435,0.275198
0.308333,0.691667,0.0863297,0.26123,0.275125
0.308333,0.708333,0.0993228,0.256141,0.274724
0.308333,0.725,0.111544,0.25012,0.273865
0.308333,0.741667,0.122908,0.243114,0.272416
0.308333,0.758333,0.133327,0.235072,0.27025
0.308333,0.775,0.14272,0.225946,0.267247
0.308333,0.791667,0.151006,0.215691,0.263297
0.308333,0.808333,0.158115,0.204263,0.258309
0.308333,0.825,0.163992,0.191624,0.252217
0.308333,0.841667,0.168628,0.177742,0.245005
0.308333,0.858333,0.172155,0.162578,0.236789
0.308333,0.875,0.175163,0.14607,0.228075
0.308333,0.891667,0.179496,0.128095,0.220515
0.308333,0.908333,0.18987,0.108449,0.218659
0.308333,0.925,0.216238,0.0869233,0.233055
0.308333,0.941667,0.275658,0.0636411,0.282909
0.308333,0.958333,0.390899,0.0397288,0.392912
0.308333,0.975,0.582303,0.0181724,0.582587
0.308333,0.991667,0.850443,0.0042498,0.850454
0.325,0.00833333,-0.00689285,0.000425903,0.006906
0.325,0.025,-0.0216032,0.00203226,0.0216986
0.325,0.0416667,-0.0371045,0.00506616,0.0374487
0.325,0.0583333,-0.0532245,0.00937587,0.054044
0.325,0.075,-0.0697717,0.0148308,0.0713305
0.325,0.0916667,-0.0865481,0.0213194,0.0891353
0.325,0.108333,-0.103357,0.0287493,0.107281
0.325,0.125,-0.120003,0.0370457,0.125591
0.325,0.141667,-0.136288,0.0461491,0.14389
0.325,0.158333,-0.152008,0.0560089,0.161999
0.325,0.175,-0.166942,0.0665757,0.179727
0.325,0.191667,-0.180849,0.0777923,0.196871
0.325,0.208333,-0.193474,0.0895848,0.213208
0.325,0.225,-0.20455,0.101856,0.228507
0.325,0.241667,-0.213814,0.114481,0.242533
0.325,0.258333,-0.221023,0.127312,0.255068
0.325,0.275,-0.225977,0.140178,0.265924
0.325,0.291667,-0.22853,0.1529,0.274962
0.325,0.308333,-0.228607,0.165295,0.282106
0.325,0.325,-0.226212,0.177194,0.28735
0.325,0.341667,-0.221422,0.188448,0.290759
0.325,0.358333,-0.214383,0.198938,0.292466
0.325,0.375,-0.205294,0.208578,0.292661
0.325,0.391667,-0.194394,0.217316,0.291573
0.325,0.408333,-0.181939,0.225135,0.289461
0.325,0.425,-0.168193,0.232046,0.286591
0.325,0.441667,-0.153408,0.23808,0.283224
0.325,0.458333,-0.137815,0.243284,0.279607
0.325,0.475,-0.121622,0.247715,0.275961
0.325,0.491667,-0.105006,0.251427,0.272473
0.325,0.508333,-0.0881154,0.254474,0.269298
0.325,0.525,-0.071073,0.2569,0.266551
0.325,0.541667,-0.0539793,0.25874,0.264311
0.325,0.558333,-0.0369172,0.260014,0.262622
0.325,0.575,-0.0199568,0.260732,0.261494
0.325,0.591667,-0.0031606,0.260889,0.260908
0.325,0.608333,0.0134129,0.260469,0.260814
0.325,0.625,0.0297053,0.259445,0.26114
0.325,0.641667,0.045656,0.257782,0.261794
0.325,0.658333,0.0612,0.255436,0.262665
0.325,0.675,0.0762671,0.252358,0.263631
0.325,0.691667,0.0907816,0.248495,0.264558
0.325,0.708333,0.104663,0.243791,0.265308
0.325,0.725,0.117826,0.238191,0.265741
0.325,0.741667,0.130184,0.231641,0.265716
0.325,0.758333,0.141648,0.224086,0.265101
0.325,0.775,0.152133,0.215479,0.263771
0.325,0.791667,0.161554,0.205773,0.261615
0.325,0.808333,0.169838,0.194929,0.258539
0.325,0.825,0.176923,0.182914,0.254478
0.325,0.841667,0.182797,0.169696,0.249423
0.325,0.858333,0.187605,0.155241,0.243507
0.325,0.875,0.191978,0.139484,0.2373
0.325,0.891667,0.197844,0.122294,0.23259
0.325,0.908333,0.209999,0.103464,0.234103
0.325,0.925,0.238303,0.0827961,0.252276
0.325,0.941667,0.299226,0.060446,0.30527
0.325,0.958333,0.414123,0.0375665,0.415823
0.325,0.975,0.601126,0.0170756,0.601369
0.325,0.991667,0.858656,0.00396276,0.858665
0.341667,0.00833333,-0.00775147,0.000432662,0.00776353
0.341667,0.025,-0.023966,0.00204758,0.0240533
0.341667,0.0416667,-0.040794,0.00506582,0.0411073
0.341667,0.0583333,-0.0580901,0.00931109,0.0588316
0.341667,0.075,-0.0756865,0.0146366,0.0770888
0.341667,0.0916667,-0.0934086,0.0209232,0.0957233
0.341667,0.108333,-0.111082,0.0280786,0.114576
0.341667,0.125,-0.128531,0.036035,0.133487
0.341667,0.141667,-0.145573,0.0447441,0.152294
0.341667,0.158333,-0.162008,0.0541686,0.170824
0.341667,0.175,-0.177612,0.0642717,0.188883
0.341667,0.191667,-0.19213,0.0750058,0.206252
0.341667,0.208333,-0.205282,0.0863022,0.222686
0.341667,0.225,-0.216775,0.098064,0.237924
0.341667,0.241667,-0.226314,0.110164,0.251703
0.341667,0.258333,-0.233635,0.122445,0.263777
0.341667,0.275,-0.238518,0.134732,0.273941
0.341667,0.291667,-0.240814,0.146836,0.282049
0.341667,0.308333,-0.240454,0.158572,0.288034
0.341667,0.325,-0.237462,0.169769,0.291907
0.341667,0.341667,-0.231941,0.180284,0.293767
0.341667,0.358333,-0.224073,0.190003,0.293786
0.341667,0.375,-0.214095,0.198855,0.292199
0.341667,0.391667,-0.202279,0.206803,0.289282
0.341667,0.408333,-0.188915,0.213845,0.285339
0.341667,0.425,-0.174291,0.220007,0.280678
0.341667,0.441667,-0.158676,0.225339,0.2756
0.341667,0.458333,-0.142313,0.229899,0.270382
0.341667,0.475,-0.125411,0.233755,0.265273
0.341667,0.491667,-0.108146,0.236972,0.260483
0.341667,0.508333,-0.0906576,0.239607,0.256184
0.341667,0.525,-0.0730584,0.241709,0.252509
0.341667,0.541667,-0.0554359,0.243311,0.249547
0.341667,0.558333,-0.0378592,0.244436,0.24735
0.341667,0.575,-0.020385,0.245089,0.245935
0.341667,0.591667,-0.00306262,0.245262,0.245281
0.341667,0.608333,0.014061,0.244936,0.245339
0.341667,0.625,0.0309379,0.244079,0.246032
0.341667,0.641667,0.0475157,0.24265,0.247258
0.341667,0.658333,0.0637362,0.2406,0.248899
0.341667,0.675,0.0795339,0.237876,0.250819
0.341667,0.691667,0.094836,0.234418,0.252875
0.341667,0.708333,0.109563,0.230167,0.254914
0.341667,0.725,0.123629,0.225064,0.256784
0.341667,0.741667,0.136946,0.219049,0.258335
0.341667,0.758333,0.149421,0.212069,0.259422
0.341667,0.775,0.160964,0.204072,0.259913
0.341667,0.791667,0.171487,0.195015,0.259689
0.341667,0.808333,0.180906,0.184858,0.258649
0.341667,0.825,0.189157,0.173571,0.256724
0.341667,0.841667,0.196226,0.161125,0.253902
0.341667,0.858333,0.202273,0.147484,0.250331
0.341667,0.875,0.207975,0.132578,0.246638
0.341667,0.891667,0.215346,0.116269,0.244729
0.341667,0.908333,0.229256,0.0983396,0.249458
0.341667,0.925,0.25945,0.0786026,0.271096
0.341667,0.941667,0.32179,0.0572406,0.326841
0.341667,0.958333,0.436254,0.0354247,0.43769
0.341667,0.975,0.61891,0.0160008,0.619117
0.341667,0.991667,0.866302,0.00368351,0.86631
0.358333,0.00833333,-0.00861614,0.000431961,0.00862696
0.358333,0.025,-0.0263111,0.00202675,0.0263891
0.358333,0.0416667,-0.0444149,0.00497446,0.0446926
0.358333,0.0583333,-0.0628176,0.00907751,0.0634701
0.358333,0.075,-0.0813842,0.0141771,0.0826098
0.358333,0.0916667,-0.0999719,0.0201514,0.101983
0.358333,0.108333,-0.118436,0.0269135,0.121456
0.358333,0.125,-0.136627,0.0344073,0.140893
0.358333,0.141667,-0.154379,0.0425999,0.160148
0.358333,0.158333,-0.171497,0.0514701,0.179054
0.358333,0.175,-0.187751,0.0609955,0.197411
0.358333,0.191667,-0.202868,0.0711385,0.214979
0.358333,0.208333,-0.216538,0.0818356,0.231486
0.358333,0.225,-0.228435,0.0929899,0.246637
0.358333,0.241667,-0.238234,0.10447,0.260133
0.358333,0.258333,-0.245641,0.116114,0.271702
0.358333,0.275,-0.250422,0.127737,0.281119
0.358333,0.291667,-0.252423,0.139147,0.288235
0.358333,0.308333,-0.251589,0.150156,0.292991
0.358333,0.325,-0.247963,0.160594,0.295425
0.358333,0.341667,-0.241683,0.170323,0.29567
0.358333,0.358333,-0.232969,0.17924,0.293941
0.358333,0.375,-0.222096,0.187285,0.290521
0.358333,0.391667,-0.209376,0.194436,0.285734
0.358333,0.408333,-0.195131,0.200708,0.279928
0.358333,0.425,-0.179671,0.206142,0.273452
0.358333,0.441667,-0.163284,0.2108,0.266642
0.358333,0.458333,-0.146219,0.214754,0.259806
0.358333,0.475,-0.128686,0.218079,0.253217
0.358333,0.491667,-0.110855,0.220848,0.247108
0.358333,0.508333,-0.0928559,0.22312,0.241671
0.358333,0.525,-0.0747879,0.224947,0.237053
0.358333,0.541667,-0.0567239,0.226362,0.233361
0.358333,0.558333,-0.0387181,0.227385,0.230657
0.358333,0.575,-0.0208124,0.228018,0.228966
0.358333,0.591667,-0.00304253,0.228253,0.228273
0.358333,0.608333,0.0145569,0.228063,0.228527
0.358333,0.625,0.0319482,0.227414,0.229647
0.358333,0.641667,0.0490879,0.226261,0.231524
0.358333,0.658333,0.0659242,0.224551,0.234028
0.358333,0.675,0.0823963,0.222225,0.237009
0.358333,0.691667,0.0984341,0.219223,0.240308
0.358333,0.708333,0.113959,0.215479,0.243758
0.358333,0.725,0.128884,0.210932,0.247191
0.358333,0.741667,0.143118,0.205519,0.250441
0.358333,0.758333,0.156564,0.199185,0.253351
0.358333,0.775,0.169126,0.191877,0.255774
0.358333,0.791667,0.180709,0.18355,0.257578
0.358333,0.808333,0.191223,0.174168,0.258651
0.358333,0.825,0.200596,0.163698,0.258913
0.358333,0.841667,0.208817,0.152114,0.258347
0.358333,0.858333,0.216062,0.139376,0.257115
0.358333,0.875,0.223062,0.125406,0.255897
0.358333,0.891667,0.231919,0.110054,0.256707
0.358333,0.908333,0.24757,0.0930952,0.264495
0.358333,0.925,0.27962,0.0743485,0.289336
0.358333,0.941667,0.34331,0.0540207,0.347534
0.358333,0.958333,0.457276,0.0332949,0.458487
0.358333,0.975,0.635665,0.0149416,0.635841
0.358333,0.991667,0.873396,0.00341013,0.873402
0.375,0.00833333,-0.0094708,0.000422647,0.00948022
0.375,0.025,-0.0285938,0.00196505,0.0286612
0.375,0.0416667,-0.0478972,0.00478222,0.0481353
0.375,0.0583333,-0.0673164,0.00866019,0.0678712
0.375,0.075,-0.0867587,0.0134337,0.0877925
0.375,0.0916667,-0.106122,0.0189837,0.107807
0.375,0.108333,-0.125299,0.0252345,0.127815
0.375,0.125,-0.14417,0.0321462,0.14771
0.375,0.141667,-0.162587,0.039705,0.167365
0.375,0.158333,-0.180362,0.047908,0.186616
0.375,0.175,-0.197252,0.0567477,0.205252
0.375,0.191667,-0.212959,0.0661969,0.223011
0.375,0.208333,-0.227143,0.076197,0.239583
0.375,0.225,-0.239438,0.0866511,0.254635
0.375,0.241667,-0.249484,0.0974242,0.267831
0.375,0.258333,-0.256959,0.108349,0.278868
0.375,0.275,-0.261614,0.119236,0.287504
0.375,0.291667,-0.263294,0.129888,0.293589
0.375,0.308333,-0.261957,0.140118,0.297077
0.375,0.325,-0.257674,0.149758,0.298032
0.375,0.341667,-0.250619,0.158677,0.296628
0.375,0.358333,-0.241054,0.166781,0.293127
0.375,0.375,-0.229298,0.174024,0.287857
0.375,0.391667,-0.215699,0.180397,0.281192
0.375,0.408333,-0.200611,0.185929,0.273522
0.375,0.425,-0.18437,0.190675,0.265234
0.375,0.441667,-0.167275,0.194708,0.256695
0.375,0.458333,-0.149583,0.198109,0.248238
0.375,0.475,-0.1315,0.200961,0.240161
0.375,0.491667,-0.113187,0.203339,0.232719
0.375,0.508333,-0.0947636,0.205306,0.226121
0.375,0.525,-0.076313,0.206913,0.220537
0.375,0.541667,-0.0578924,0.208191,0.216091
0.375,0.558333,-0.0395398,0.209159,0.212864
0.375,0.575,-0.0212818,0.209817,0.210893
0.375,0.591667,-0.00314029,0.21015,0.210174
0.375,0.608333,0.0148625,0.210132,0.210657
0.375,0.625,0.0326995,0.209724,0.212258
0.375,0.641667,0.0503356,0.208879,0.214858
0.375,0.658333,0.0677257,0.20754,0.21831
0.375,0.675,0.0848136,0.205646,0.22245
0.375,0.691667,0.101532,0.203134,0.227095
0.375,0.708333,0.117802,0.199938,0.232061
0.375,0.725,0.133536,0.195991,0.237159
0.375,0.741667,0.148639,0.19123,0.242203
0.375,0.758333,0.16301,0.185598,0.24702
0.375,0.775,0.176546,0.17904,0.251443
0.375,0.791667,0.189145,0.171511,0.255326
0.375,0.808333,0.200708,0.162973,0.258542
0.375,0.825,0.211158,0.153396,0.260995
0.375,0.841667,0.220487,0.142748,0.262662
0.375,0.858333,0.228893,0.130985,0.263722
0.375,0.875,0.237167,0.118019,0.264909
0.375,0.891667,0.247499,0.103686,0.268341
0.375,0.908333,0.264882,0.0877534,0.279039
0.375,0.925,0.298765,0.070044,0.306865
0.375,0.941667,0.36375,0.0507874,0.367278
0.375,0.958333,0.477175,0.0311738,0.478192
0.375,0.975,0.651398,0.013895,0.651546
0.375,0.991667,0.879947,0.0031417,0.879953
0.391667,0.00833333,-0.0102972,0.000403699,0.0103051
0.391667,0.025,-0.0307647,0.00185853,0.0308208
0.391667,0.0416667,-0.0511663,0.00448135,0.0513622
0.391667,0.0583333,-0.0714924,0.0080484,0.071944
0.391667,0.075,-0.0917024,0.0123945,0.0925362
0.391667,0.0916667,-0.111744,0.0174099,0.113092
0.391667,0.108333,-0.131553,0.0230351,0.133555
0.391667,0.125,-0.151043,0.0292511,0.15385
0.391667,0.141667,-0.170087,0.0360655,0.173868
0.391667,0.158333,-0.188495,0.0434951,0.193448
0.391667,0.175,-0.206011,0.0515478,0.212362
0.391667,0.191667,-0.222308,0.0602066,0.230317
0.391667,0.208333,-0.237006,0.0694176,0.246963
0.391667,0.225,-0.249697,0.0790846,0.261922
0.391667,0.241667,-0.259984,0.0890704,0.274818
0.391667,0.258333,-0.267517,0.0992037,0.285318
0.391667,0.275,-0.272031,0.109292,0.293165
0.391667,0.291667,-0.273374,0.119138,0.298207
0.391667,0.308333,-0.271521,0.128553,0.300416
0.391667,0.325,-0.266572,0.137376,0.299888
0.391667,0.341667,-0.258743,0.145481,0.296838
0.391667,0.358333,-0.248339,0.152785,0.291574
0.391667,0.375,-0.235722,0.159252,0.284475
0.391667,0.391667,-0.221282,0.164887,0.275959
0.391667,0.408333,-0.205402,0.16973,0.266455
0.391667,0.425,-0.188441,0.173846,0.256383
0.391667,0.441667,-0.170709,0.177318,0.246137
0.391667,0.458333,-0.152466,0.180234,0.236072
0.391667,0.475,-0.133914,0.182679,0.226505
0.391667,0.491667,-0.115203,0.184732,0.21771
0.391667,0.508333,-0.0964384,0.186455,0.209919
0.391667,0.525,-0.0776872,0.187898,0.203325
0.391667,0.541667,-0.0589897,0.189091,0.198079
0.391667,0.558333,-0.0403673,0.190048,0.194288
0.391667,0.575,-0.0218313,0.190768,0.192013
0.391667,0.591667,-0.00338937,0.191233,0.191263
0.391667,0.608333,0.0149482,0.191415,0.191998
0.391667,0.625,0.0331645,0.191272,0.194126
0.391667,0.641667,0.0512328,0.190756,0.197516
0.391667,0.658333,0.0691146,0.189809,0.202
0.391667,0.675,0.086758,0.188369,0.207388
0.391667,0.691667,0.104098,0.18637,0.213472
0.391667,0.708333,0.121056,0.183746,0.220039
0.391667,0.725,0.137545,0.180429,0.226877
0.391667,0.741667,0.153464,0.176356,0.233779
0.391667,0.758333,0.168708,0.171466,0.240547
0.391667,0.775,0.183168,0.165704,0.246998
0.391667,0.791667,0.196732,0.159024,0.252967
0.391667,0.808333,0.209295,0.151388,0.258307
0.391667,0.825,0.220776,0.14276,0.262912
0.391667,0.841667,0.231169,0.133108,0.266753
0.391667,0.858333,0.240704,0.122378,0.270027
0.391667,0.875,0.250231,0.11047,0.273531
0.391667,0.891667,0.262033,0.0972048,0.279482
0.391667,0.908333,0.281147,0.0823389,0.292956
0.391667,0.925,0.316845,0.0657029,0.323585
0.391667,0.941667,0.383083,0.047546,0.386022
0.391667,0.958333,0.49594,0.0290618,0.49679
0.391667,0.975,0.666114,0.0128603,0.666238
0.391667,0.991667,0.885967,0.002878,0.885972
0.408333,0.00833333,-0.0110752,0.000374297,0.0110816
0.408333,0.025,-0.0327716,0.00170428,0.0328159
0.408333,0.0416667,-0.054145,0.00406691,0.0542976
0.408333,0.0583333,-0.0752506,0.00723668,0.0755978
0.408333,0.075,-0.0961096,0.011056,0.0967434
0.408333,0.0916667,-0.116727,0.0154307,0.117742
0.408333,0.108333,-0.137087,0.0203229,0.138586
0.408333,0.125,-0.15714,0.0257373,0.159233
0.408333,0.141667,-0.176773,0.031705,0.179593
0.408333,0.158333,-0.195797,0.0382628,0.1995
0.408333,0.175,-0.213933,0.0454339,0.218705
0.408333,0.191667,-0.230822,0.0532114,0.236876
0.408333,0.208333,-0.246038,0.0615467,0.253619
0.408333,0.225,-0.25913,0.0703455,0.268509
0.408333,0.241667,-0.269661,0.0794702,0.281127
0.408333,0.258333,-0.277251,0.0887488,0.291109
0.408333,0.275,-0.281624,0.0979884,0.298184
0.408333,0.291667,-0.28263,0.106992,0.302204
0.408333,0.308333,-0.280263,0.115574,0.303158
0.408333,0.325,-0.274657,0.123578,0.301178
0.408333,0.341667,-0.26607,0.130886,0.296521
0.408333,0.358333,-0.254853,0.137423,0.289543
0.408333,0.375,-0.241414,0.143162,0.28067
0.408333,0.391667,-0.22618,0.148117,0.270363
0.408333,0.408333,-0.209567,0.152338,0.259086
0.408333,0.425,-0.191952,0.155899,0.247285
0.408333,0.441667,-0.173657,0.158886,0.235375
0.408333,0.458333,-0.15494,0.161392,0.223727
0.408333,0.475,-0.135997,0.163504,0.212671
0.408333,0.491667,-0.116967,0.165299,0.202498
0.408333,0.508333,-0.0979392,0.166841,0.193464
0.408333,0.525,-0.078963,0.168176,0.185791
0.408333,0.541667,-0.0600615,0.169331,0.179667
0.408333,0.558333,-0.0412395,0.170318,0.175239
0.408333,0.575,-0.0224931,0.171132,0.172604
0.408333,0.591667,-0.00381643,0.171756,0.171798
0.408333,0.608333,0.0147918,0.172158,0.172792
0.408333,0.625,0.0333247,0.172297,0.17549
0.408333,0.641667,0.0517634,0.172122,0.179738
0.408333,0.658333,0.0700754,0.171578,0.185337
0.408333,0.675,0.0882132,0.170602,0.192059
0.408333,0.691667,0.106114,0.169129,0.199662
0.408333,0.708333,0.123702,0.167092,0.207899
0.408333,0.725,0.140885,0.164424,0.216526
0.408333,0.741667,0.157562,0.161059,0.225313
0.408333,0.758333,0.173622,0.156938,0.234039
0.408333,0.775,0.188949,0.152005,0.242502
0.408333,0.791667,0.203424,0.146212,0.250518
0.408333,0.808333,0.216935,0.139517,0.257926
0.408333,0.825,0.229396,0.131885,0.264606
0.408333,0.841667,0.240812,0.123273,0.270531
0.408333,0.858333,0.251444,0.11362,0.275923
0.408333,0.875,0.26221,0.102809,0.281645
0.408333,0.891667,0.275482,0.0906463,0.290013
0.408333,0.908333,0.296332,0.0768779,0.306142
0.408333,0.925,0.333833,0.0613411,0.339421
0.408333,0.941667,0.401289,0.0443047,0.403727
0.408333,0.958333,0.513561,0.0269624,0.514268
0.408333,0.975,0.679818,0.0118386,0.679921
0.408333,0.991667,0.891464,0.00261927,0.891468
0.425,0.00833333,-0.0117835,0.0003339,0.0117882
0.425,0.025,-0.0345602,0.00150074,0.0345928
0.425,0.0416667,-0.0567557,0.0035373,0.0568658
0.425,0.0583333,-0.0784982,0.00622565,0.0787447
0.425,0.075,-0.0998793,0.00942364,0.100323
0.425,0.0916667,-0.120967,0.0130592,0.12167
0.425,0.108333,-0.1418,0.0171197,0.142829
0.425,0.125,-0.162359,0.0216364,0.163794
0.425,0.141667,-0.182549,0.0266643,0.184486
0.425,0.158333,-0.202174,0.0322599,0.204731
0.425,0.175,-0.220929,0.0384615,0.224252
0.425,0.191667,-0.238414,0.0452723,0.242675
0.425,0.208333,-0.254159,0.0526502,0.259555
0.425,0.225,-0.267663,0.0605049,0.274416
0.425,0.241667,-0.278449,0.0687015,0.286799
0.425,0.258333,-0.28611,0.0770704,0.296309
0.425,0.275,-0.290356,0.0854213,0.30266
0.425,0.291667,-0.291041,0.0935603,0.30571
0.425,0.308333,-0.288181,0.101307,0.305469
0.425,0.325,-0.281945,0.108508,0.302104
0.425,0.341667,-0.272634,0.115053,0.295916
0.425,0.358333,-0.260646,0.120872,0.287309
0.425,0.375,-0.246434,0.125947,0.276753
0.425,0.391667,-0.230465,0.130297,0.264748
0.425,0.408333,-0.213183,0.133977,0.251787
0.425,0.425,-0.194984,0.137064,0.238339
0.425,0.441667,-0.176197,0.13965,0.224828
0.425,0.458333,-0.157081,0.141826,0.211634
0.425,0.475,-0.137822,0.14368,0.199095
0.425,0.491667,-0.118546,0.145288,0.187514
0.425,0.508333,-0.099324,0.146709,0.177169
0.425,0.525,-0.0801902,0.147987,0.168317
0.425,0.541667,-0.0611494,0.149147,0.161196
0.425,0.558333,-0.0421902,0.150199,0.156012
0.425,0.575,-0.0232938,0.151136,0.152921
0.425,0.591667,-0.00444168,0.151939,0.152004
0.425,0.608333,0.0143787,0.152575,0.153251
0.425,0.625,0.0331693,0.153005,0.156559
0.425,0.641667,0.0519191,0.153179,0.161739
0.425,0.658333,0.0706012,0.153042,0.168542
0.425,0.675,0.0891724,0.152533,0.176686
0.425,0.691667,0.107573,0.151589,0.185879
0.425,0.708333,0.125726,0.150143,0.195832
0.425,0.725,0.143541,0.14813,0.206269
0.425,0.741667,0.160913,0.145487,0.216932
0.425,0.758333,0.177727,0.142151,0.227583
0.425,0.775,0.19386,0.138067,0.238001
0.425,0.791667,0.209187,0.133185,0.247987
0.425,0.808333,0.223589,0.127462,0.257369
0.425,0.825,0.236981,0.120855,0.266019
0.425,0.841667,0.249378,0.113317,0.273916
0.425,0.858333,0.261078,0.104771,0.281316
0.425,0.875,0.273072,0.0950855,0.289153
0.425,0.891667,0.287821,0.0840479,0.299841
0.425,0.908333,0.310414,0.0713964,0.318519
0.425,0.925,0.349708,0.0569758,0.354319
0.425,0.941667,0.418352,0.0410737,0.420363
0.425,0.958333,0.530033,0.0248804,0.530617
0.425,0.975,0.692518,0.0108318,0.692603
0.425,0.991667,0.89645,0.00236604,0.896453
0.441667,0.00833333,-0.0123997,0.000282317,0.012403
0.441667,0.025,-0.0360766,0.001248,0.0360982
0.441667,0.0416667,-0.0589228,0.00289481,0.0589938
0.441667,0.0583333,-0.0811474,0.00502262,0.0813026
0.441667,0.075,-0.102918,0.00751274,0.103192
0.441667,0.0916667,-0.124372,0.0103205,0.124799
0.441667,0.108333,-0.145597,0.0134621,0.146218
0.441667,0.125,-0.166612,0.0169959,0.167476
0.441667,0.141667,-0.187329,0.0210006,0.188502
0.441667,0.158333,-0.207541,0.0255519,0.209108
0.441667,0.175,-0.226914,0.0307025,0.228982
0.441667,0.191667,-0.245004,0.0364662,0.247703
0.441667,0.208333,-0.26129,0.0428094,0.264774
0.441667,0.225,-0.275226,0.0496488,0.279668
0.441667,0.241667,-0.28629,0.0568561,0.291881
0.441667,0.258333,-0.294049,0.0642678,0.30099
0.441667,0.275,-0.298199,0.0716996,0.306698
0.441667,0.291667,-0.2986,0.0789633,0.308864
0.441667,0.308333,-0.295288,0.0858834,0.307524
0.441667,0.325,-0.288468,0.0923122,0.302878
0.441667,0.341667,-0.278484,0.0981414,0.295271
0.441667,0.358333,-0.265782,0.103308,0.285153
0.441667,0.375,-0.250858,0.107793,0.273037
0.441667,0.391667,-0.234219,0.111622,0.259457
0.441667,0.408333,-0.216337,0.114849,0.244932
0.441667,0.425,-0.197623,0.117554,0.229943
0.441667,0.441667,-0.178415,0.119825,0.214918
0.441667,0.458333,-0.158968,0.121753,0.200236
0.441667,0.475,-0.13946,0.123423,0.186232
0.441667,0.491667,-0.120001,0.124908,0.173212
0.441667,0.508333,-0.100647,0.126265,0.161471
0.441667,0.525,-0.0814142,0.127535,0.151305
0.441667,0.541667,-0.0622901,0.128739,0.143017
0.441667,0.558333,-0.0432477,0.129885,0.136896
0.441667,0.575,-0.0242544,0.130967,0.133194
0.441667,0.591667,-0.00527961,0.131963,0.132069
0.441667,0.608333,0.0136995,0.132844,0.133548
0.441667,0.625,0.0326934,0.133569,0.137512
0.441667,0.641667,0.0516979,0.134092,0.143713
0.441667,0.658333,0.0706917,0.13436,0.151822
0.441667,0.675,0.0896357,0.134316,0.161478
0.441667,0.691667,0.108473,0.133897,0.172322
0.441667,0.708333,0.127127,0.133042,0.184015
0.441667,0.725,0.145509,0.131686,0.19625
0.441667,0.741667,0.163509,0.129767,0.208745
0.441667,0.758333,0.18101,0.127224,0.221248
0.441667,0.775,0.197884,0.124,0.233526
0.441667,0.791667,0.214,0.120045,0.245371
0.441667,0.808333,0.229234,0.115311,0.256603
0.441667,0.825,0.243503,0.109751,0.267094
0.441667,0.841667,0.256838,0.103307,0.276836
0.441667,0.858333,0.269581,0.0958884,0.286127
0.441667,0.875,0.282798,0.0873443,0.295979
0.441667,0.891667,0.299032,0.0774448,0.308898
0.441667,0.908333,0.323379,0.0659202,0.330029
0.441667,0.925,0.36446,0.0526246,0.368239
0.441667,0.941667,0.434263,0.0378638,0.435911
0.441667,0.958333,0.545357,0.022822,0.545834
0.441667,0.975,0.704223,0.00984278,0.704291
0.441667,0.991667,0.900935,0.00211903,0.900937
0.458333,0.00833333,-0.0129019,0.000219773,0.0129038
0.458333,0.025,-0.0372685,0.000948,0.0372805
0.458333,0.0416667,-0.0605758,0.00214602,0.0606138
0.458333,0.0583333,-0.0831183,0.00364208,0.083198
0.458333,0.075,-0.105144,0.00534847,0.10528
0.458333,0.0916667,-0.126858,0.00725241,0.127065
0.458333,0.108333,-0.148401,0.0094006,0.148699
0.458333,0.125,-0.16982,0.0118785,0.170235
0.458333,0.141667,-0.191034,0.0147872,0.191605
0.458333,0.158333,-0.21182,0.0182201,0.212602
0.458333,0.175,-0.23181,0.0222441,0.232874
0.458333,0.191667,-0.250513,0.026885,0.251952
0.458333,0.208333,-0.26736,0.0321201,0.269282
0.458333,0.225,-0.281753,0.037877,0.284287
0.458333,0.241667,-0.293131,0.0440383,0.296421
0.458333,0.258333,-0.301032,0.050451,0.30523
0.458333,0.275,-0.305137,0.0569404,0.310405
0.458333,0.291667,-0.305311,0.0633262,0.311809
0.458333,0.308333,-0.301609,0.0694387,0.309499
0.458333,0.325,-0.29427,0.0751341,0.303711
0.458333,0.341667,-0.283682,0.080306,0.29483
0.458333,0.358333,-0.270335,0.0848916,0.283351
0.458333,0.375,-0.254771,0.0888724,0.269827
0.458333,0.391667,-0.237532,0.0922697,0.254824
0.458333,0.408333,-0.219118,0.095137,0.23888
0.458333,0.425,-0.199957,0.0975488,0.222483
0.458333,0.441667,-0.180393,0.099591,0.206058
0.458333,0.458333,-0.160677,0.101351,0.189971
0.458333,0.475,-0.140978,0.102908,0.174542
0.458333,0.491667,-0.121392,0.104333,0.160066
0.458333,0.508333,-0.101958,0.105677,0.146844
0.458333,0.525,-0.0826748,0.10698,0.135203
0.458333,0.541667,-0.0635146,0.108261,0.125517
0.458333,0.558333,-0.0444352,0.109526,0.118197
0.458333,0.575,-0.0253909,0.110769,0.113642
0.458333,0.591667,-0.00634002,0.11197,0.112149
0.458333,0.608333,0.0127496,0.1131,0.113816
0.458333,0.625,0.0318962,0.114122,0.118495
0.458333,0.641667,0.051102,0.114992,0.125835
0.458333,0.658333,0.0703508,0.115661,0.135376
0.458333,0.675,0.0896075,0.116075,0.146638
0.458333,0.691667,0.108818,0.116176,0.15918
0.458333,0.708333,0.127908,0.115906,0.172611
0.458333,0.725,0.146787,0.115203,0.186596
0.458333,0.741667,0.165347,0.114006,0.200841
0.458333,0.758333,0.183465,0.112257,0.215084
0.458333,0.775,0.201011,0.109899,0.229092
0.458333,0.791667,0.217849,0.106879,0.242654
0.458333,0.808333,0.233853,0.103145,0.25559
0.458333,0.825,0.248946,0.0986434,0.267777
0.458333,0.841667,0.263179,0.0933051,0.279229
0.458333,0.858333,0.276942,0.0870232,0.290293
0.458333,0.875,0.291378,0.0796271,0.302062
0.458333,0.891667,0.309109,0.0708691,0.317129
0.458333,0.908333,0.335222,0.0604734,0.340632
0.458333,0.925,0.378081,0.0483044,0.381155
0.458333,0.941667,0.44902,0.0346863,0.450358
0.458333,0.958333,0.559534,0.0207937,0.55992
0.458333,0.975,0.714944,0.0088744,0.714999
0.458333,0.991667,0.904933,0.00187896,0.904935
0.475,0.00833333,-0.0132687,0.000146967,0.0132695
0.475,0.025,-0.0380877,0.000604702,0.0380925
0.475,0.0416667,-0.0616519,0.001302,0.0616657
0.475,0.0583333,-0.0843421,0.00210581,0.0843684
0.475,0.075,-0.106487,0.00296594,0.106528
0.475,0.0916667,-0.128358,0.00390462,0.128417
0.475,0.108333,-0.150144,0.00499938,0.150227
0.475,0.125,-0.171917,0.00636132,0.172034
0.475,0.141667,-0.193596,0.00811181,0.193766
0.475,0.158333,-0.214939,0.0103608,0.215189
0.475,0.175,-0.235542,0.0131889,0.235911
0.475,0.191667,-0.254868,0.0166356,0.25541
0.475,0.208333,-0.272296,0.0206924,0.273082
0.475,0.225,-0.287182,0.0253022,0.288295
0.475,0.241667,-0.298924,0.0303635,0.300462
0.475,0.258333,-0.307027,0.0357386,0.3091
0.475,0.275,-0.311159,0.0412661,0.313883
0.475,0.291667,-0.311184,0.0467756,0.31468
0.475,0.308333,-0.307177,0.0521041,0.311564
0.475,0.325,-0.299405,0.0571104,0.304803
0.475,0.341667,-0.288296,0.0616876,0.294822
0.475,0.358333,-0.274387,0.0657692,0.28216
0.475,0.375,-0.258262,0.0693315,0.267406
0.475,0.391667,-0.240497,0.0723894,0.251155
0.475,0.408333,-0.22162,0.0749891,0.233963
0.475,0.425,-0.202076,0.0771981,0.21632
0.475,0.441667,-0.182214,0.0790954,0.19864
0.475,0.458333,-0.162282,0.0807618,0.181268
0.475,0.475,-0.142441,0.0822724,0.164494
0.475,0.491667,-0.122772,0.0836917,0.148584
0.475,0.508333,-0.1033,0.0850697,0.13382
0.475,0.525,-0.0840067,0.0864416,0.120537
0.475,0.541667,-0.064849,0.0878269,0.109174
0.475,0.558333,-0.0457711,0.0892316,0.100286
0.475,0.575,-0.0267151,0.090649,0.0945036
0.475,0.591667,-0.00762923,0.0920617,0.0923773
0.475,0.608333,0.0115271,0.0934436,0.0941519
0.475,0.625,0.0307794,0.0947611,0.0996345
0.475,0.641667,0.0501356,0.0959743,0.10828
0.475,0.658333,0.0695843,0.0970383,0.119409
0.475,0.675,0.0890946,0.0979039,0.132374
0.475,0.691667,0.108615,0.0985182,0.146639
0.475,0.708333,0.128074,0.098826,0.16177
0.475,0.725,0.147381,0.09877,0.177416
0.475,0.741667,0.166427,0.0982922,0.193286
0.475,0.758333,0.185091,0.0973351,0.209124
0.475,0.775,0.203236,0.0958425,0.224702
0.475,0.791667,0.220727,0.0937593,0.239815
0.475,0.808333,0.237438,0.09103,0.25429
0.475,0.825,0.2533,0.0875923,0.268017
0.475,0.841667,0.268391,0.0833639,0.28104
0.475,0.858333,0.283155,0.0782204,0.29376
0.475,0.875,0.298811,0.0719704,0.307356
0.475,0.891667,0.318055,0.0643497,0.324499
0.475,0.908333,0.345944,0.0550777,0.350301
0.475,0.925,0.390574,0.0440312,0.393048
0.475,0.941667,0.462625,0.0315519,0.463699
0.475,0.958333,0.572573,0.0188017,0.572881
0.475,0.975,0.724697,0.00792952,0.72474
0.475,0.991667,0.908458,0.00164655,0.90846
0.491667,0.00833333,-0.0134808,6.51101e-05,0.013481
0.491667,0.025,-0.0384925,0.000224209,0.0384932
0.491667,0.0416667,-0.0620987,0.000378395,0.0620999
0.491667,0.0583333,-0.0847636,0.000442759,0.0847648
0.491667,0.075,-0.106893,0.000409762,0.106893
0.491667,0.0916667,-0.128819,0.00033814,0.12882
0.491667,0.108333,-0.150775,0.000335092,0.150775
0.491667,0.125,-0.172848,0.000534772,0.172849
0.491667,0.141667,-0.194957,0.00107632,0.19496
0.491667,0.158333,-0.216836,0.00208432,0.216846
0.491667,0.175,-0.238043,0.00365358,0.238071
0.491667,0.191667,-0.257999,0.00583892,0.258065
0.491667,0.208333,-0.276033,0.0086499,0.276169
0.491667,0.225,-0.291455,0.0120497,0.291704
0.491667,0.241667,-0.303621,0.0159578,0.30404
0.491667,0.258333,-0.312004,0.0202568,0.312661
0.491667,0.275,-0.316255,0.0248025,0.317226
0.491667,0.291667,-0.316233,0.0294373,0.3176
0.491667,0.308333,-0.312024,0.034005,0.313872
0.491667,0.325,-0.303924,0.0383662,0.306336
0.491667,0.341667,-0.292398,0.0424104,0.295457
0.491667,0.358333,-0.278021,0.046064,0.281811
0.491667,0.375,-0.261419,0.0492931,0.266026
0.491667,0.391667,-0.243205,0.0521013,0.248723
0.491667,0.408333,-0.223933,0.0545231,0.230475
0.491667,0.425,-0.204064,0.0566151,0.211772
0.491667,0.441667,-0.183954,0.0584465,0.193016
0.491667,0.458333,-0.163851,0.0600898,0.174522
0.491667,0.475,-0.143906,0.0616138,0.156542
0.491667,0.491667,-0.12419,0.0630781,0.139291
0.491667,0.508333,-0.104712,0.0645297,0.122998
0.491667,0.525,-0.0854391,0.066002,0.107963
0.491667,0.541667,-0.0663146,0.0675146,0.0946353
0.491667,0.558333,-0.0472697,0.0690742,0.0836999
0.491667,0.575,-0.0282357,0.0706762,0.0761076
0.491667,0.591667,-0.00915123,0.0723061,0.0728829
0.491667,0.608333,0.0100319,0.0739414,0.0746189
0.491667,0.625,0.0293458,0.0755529,0.0810519
0.491667,0.641667,0.0488035,0.0771055,0.0912526
0.491667,0.658333,0.0683986,0.0785593,0.104163
0.491667,0.675,0.0881038,0.0798702,0.118918
0.491667,0.691667,0.107871,0.0809907,0.134891
0.491667,0.708333,0.127631,0.08187,0.151632
0.491667,0.725,0.147295,0.0824551,0.168803
0.491667,0.741667,0.166755,0.0826913,0.186132
0.491667,0.758333,0.185889,0.0825229,0.203383
0.491667,0.775,0.20456,0.0818939,0.220344
0.491667,0.791667,0.222633,0.0807475,0.236824
0.491667,0.808333,0.239986,0.0790228,0.252662
0.491667,0.825,0.256564,0.0766485,0.267768
0.491667,0.841667,0.272476,0.0735279,0.282223
0.491667,0.858333,0.288223,0.0695176,0.296489
0.491667,0.875,0.305105,0.0644053,0.311828
0.491667,0.891667,0.325876,0.057911,0.330982
0.491667,0.908333,0.355554,0.0497518,0.359018
0.491667,0.925,0.401944,0.0398186,0.403912
0.491667,0.941667,0.475083,0.0284699,0.475935
0.491667,0.958333,0.584483,0.0168516,0.584726
0.491667,0.975,0.733499,0.00701066,0.733533
0.491667,0.991667,0.911527,0.00142235,0.911528
0.508333,0.00833333,-0.0135219,-2.4063e-05,0.0135219
0.508333,0.025,-0.0384495,-0.000185254,0.0384499
0.508333,0.0416667,-0.0618766,-0.000604732,0.0618796
0.508333,0.0583333,-0.0843435,-0.0013114,0.0843537
0.508333,0.075,-0.106324,-0.00226676,0.106349
0.508333,0.0916667,-0.128207,-0.00337581,0.128251
0.508333,0.108333,-0.150256,-0.00450425,0.150323
0.508333,0.125,-0.172572,-0.00549838,0.17266
0.508333,0.141667,-0.195068,-0.00620443,0.195167
0.508333,0.158333,-0.217452,-0.00648488,0.217549
0.508333,0.175,-0.23925,-0.00623071,0.239331
0.508333,0.191667,-0.259839,-0.00536939,0.259894
0.508333,0.208333,-0.278504,-0.00386953,0.278531
0.508333,0.225,-0.29451,-0.0017427,0.294516
0.508333,0.241667,-0.307173,0.000957341,0.307175
0.508333,0.258333,-0.315932,0.00413857,0.315959
0.508333,0.275,-0.320412,0.00767828,0.320504
0.508333,0.291667,-0.320466,0.0114343,0.320669
0.508333,0.308333,-0.316183,0.0152587,0.316551
0.508333,0.325,-0.30788,0.0190129,0.308467
0.508333,0.341667,-0.296053,0.0225804,0.296913
0.508333,0.358333,-0.281315,0.0258761,0.282503
0.508333,0.375,-0.26433,0.0288518,0.2659
0.508333,0.391667,-0.245745,0.0314945,0.247755
0.508333,0.408333,-0.226142,0.0338228,0.228658
0.508333,0.425,-0.206002,0.0358782,0.209103
0.508333,0.441667,-0.185687,0.0377172,0.189479
0.508333,0.458333,-0.165447,0.0394023,0.170074
0.508333,0.475,-0.145427,0.0409946,0.151095
0.508333,0.491667,-0.125688,0.0425489,0.132694
0.508333,0.508333,-0.106226,0.0441096,0.11502
0.508333,0.525,-0.0869966,0.0457093,0.0982738
0.508333,0.541667,-0.0679288,0.0473685,0.0828136
0.508333,0.558333,-0.0489426,0.0490962,0.069324
0.508333,0.575,-0.0299592,0.0508908,0.0590544
0.508333,0.591667,-0.0109087,0.052742,0.0538583
0.508333,0.608333,0.00826428,0.0546319,0.0552534
0.508333,0.625,0.0275977,0.0565362,0.0629124
0.508333,0.641667,0.04711,0.0584253,0.0750524
0.508333,0.658333,0.0667989,0.0602649,0.0899664
0.508333,0.675,0.086641,0.0620167,0.106549
0.508333,0.691667,0.106592,0.0636384,0.124143
0.508333,0.708333,0.126585,0.0650844,0.142336
0.508333,0.725,0.146534,0.0663062,0.160837
0.508333,0.741667,0.166334,0.0672524,0.179415
0.508333,0.758333,0.185861,0.0678696,0.197866
0.508333,0.775,0.204984,0.0681019,0.216001
0.508333,0.791667,0.223567,0.0678899,0.233648
0.508333,0.808333,0.241499,0.0671674,0.250666
0.508333,0.825,0.25874,0.0658524,0.266989
0.508333,0.841667,0.27544,0.0638327,0.28274
0.508333,0.858333,0.292158,0.0609449,0.298447
0.508333,0.875,0.310271,0.0569564,0.315455
0.508333,0.891667,0.332588,0.0515726,0.336563
0.508333,0.908333,0.364063,0.044511,0.366774
0.508333,0.925,0.412202,0.035678,0.413743
0.508333,0.941667,0.486404,0.0254482,0.487069
0.508333,0.958333,0.59528,0.014948,0.595468
0.508333,0.975,0.741371,0.00611973,0.741396
0.508333,0.991667,0.914156,0.00120677,0.914157
0.525,0.00833333,-0.0133796,-0.000118303,0.0133801
0.525,0.025,-0.0379355,-0.000613461,0.0379405
0.525,0.0416667,-0.0609613,-0.0016233,0.0609829
0.525,0.0583333,-0.0830605,-0.00311499,0.0831189
0.525,0.075,-0.104764,-0.0050027,0.104884
0.525,0.0916667,-0.126503,-0.00715714,0.126706
0.525,0.108333,-0.148567,-0.00942073,0.148865
0.525,0.125,-0.171063,-0.0116245,0.171458
0.525,0.141667,-0.193892,-0.0136036,0.194369
0.525,0.158333,-0.216742,-0.0152094,0.217275
0.525,0.175,-0.239105,-0.0163187,0.239662
0.525,0.191667,-0.260324,-0.016839,0.260868
0.525,0.208333,-0.279644,-0.0167135,0.280143
0.525,0.225,-0.296287,-0.0159234,0.296715
0.525,0.241667,-0.309529,-0.0144903,0.309868
0.525,0.258333,-0.318772,-0.0124753,0.319016
0.525,0.275,-0.323612,-0.00997484,0.323766
0.525,0.291667,-0.323884,-0.00711207,0.323962
0.525,0.308333,-0.319676,-0.00402483,0.319701
0.525,0.325,-0.311315,-0.000851239,0.311316
0.525,0.341667,-0.299321,0.00228424,0.29933
0.525,0.358333,-0.28434,0.00528205,0.284389
0.525,0.375,-0.267072,0.00807454,0.267194
0.525,0.391667,-0.248199,0.0106279,0.248426
0.525,0.408333,-0.228329,0.0129396,0.228695
0.525,0.425,-0.207963,0.0150326,0.208506
0.525,0.441667,-0.187479,0.0169473,0.188243
0.525,0.458333,-0.167127,0.018734,0.168173
0.525,0.475,-0.147051,0.0204453,0.148465
0.525,0.491667,-0.127304,0.0221308,0.129213
0.525,0.508333,-0.107873,0.0238328,0.110474
0.525,0.525,-0.0887009,0.0255841,0.0923168
0.525,0.541667,-0.0697067,0.0274073,0.0749012
0.525,0.558333,-0.0507996,0.0293146,0.0586511
0.525,0.575,-0.0318913,0.0313092,0.0446914
0.525,0.591667,-0.0129042,0.0333856,0.0357927
0.525,0.608333,0.00622399,0.0355316,0.0360726
0.525,0.625,0.0255368,0.0377286,0.0455585
0.525,0.641667,0.0450574,0.0399531,0.0602198
0.525,0.658333,0.0647882,0.0421767,0.0773071
0.525,0.675,0.0847096,0.0443671,0.0956251
0.525,0.691667,0.104781,0.0464877,0.11463
0.525,0.708333,0.124939,0.0484982,0.134022
0.525,0.725,0.145101,0.0503545,0.15359
0.525,0.741667,0.165165,0.0520088,0.17316
0.525,0.758333,0.185012,0.0534096,0.192567
0.525,0.775,0.20451,0.054501,0.211648
0.525,0.791667,0.223533,0.055221,0.230253
0.525,0.808333,0.24198,0.0554964,0.248263
0.525,0.825,0.259837,0.0552338,0.265642
0.525,0.841667,0.277293,0.0543045,0.28256
0.525,0.858333,0.294973,0.0525246,0.299613
0.525,0.875,0.314328,0.0496414,0.318224
0.525,0.891667,0.338208,0.0453484,0.341235
0.525,0.908333,0.371487,0.0393658,0.373567
0.525,0.925,0.421359,0.0316172,0.422543
0.525,0.941667,0.496602,0.0224921,0.497111
0.525,0.958333,0.604981,0.0130942,0.605123
0.525,0.975,0.748335,0.00525789,0.748354
0.525,0.991667,0.916363,0.000999982,0.916364
0.541667,0.00833333,-0.0130464,-0.000214895,0.0130482
0.541667,0.025,-0.0369401,-0.00104843,0.036955
0.541667,0.0416667,-0.0593457,-0.00264979,0.0594048
0.541667,0.0583333,-0.080913,-0.00492143,0.0810625
0.541667,0.075,-0.102215,-0.00773104,0.102507
0.541667,0.0916667,-0.123711,-0.0109186,0.124192
0.541667,0.108333,-0.145706,-0.0143083,0.146407
0.541667,0.125,-0.168308,-0.0177207,0.169238
0.541667,0.141667,-0.191406,-0.0209835,0.192552
0.541667,0.158333,-0.214667,-0.0239395,0.215997
0.541667,0.175,-0.23756,-0.0264511,0.239028
0.541667,0.191667,-0.259396,-0.0284047,0.260947
0.541667,0.208333,-0.279388,-0.0297142,0.280964
0.541667,0.225,-0.296721,-0.0303263,0.298267
0.541667,0.241667,-0.31063,-0.0302249,0.312097
0.541667,0.258333,-0.320477,-0.0294344,0.321826
0.541667,0.275,-0.325823,-0.0280196,0.327025
0.541667,0.291667,-0.326476,-0.0260803,0.327516
0.541667,0.308333,-0.32251,-0.0237414,0.323383
0.541667,0.325,-0.314256,-0.0211395,0.314966
0.541667,0.341667,-0.302247,-0.0184079,0.302807
0.541667,0.358333,-0.287156,-0.0156636,0.287583
0.541667,0.375,-0.269715,-0.0129972,0.270028
0.541667,0.391667,-0.250638,-0.0104684,0.250856
0.541667,0.408333,-0.230564,-0.00810508,0.230707
0.541667,0.425,-0.210018,-0.0059075,0.210101
0.541667,0.441667,-0.189391,-0.00385434,0.189431
0.541667,0.458333,-0.168945,-0.00190999,0.168955
0.541667,0.475,-0.148822,-3.17071e-05,0.148822
0.541667,0.491667,-0.129074,0.00182438,0.129086
0.541667,0.508333,-0.109679,0.00369865,0.109741
0.541667,0.525,-0.0905722,0.00562494,0.0907467
0.541667,0.541667,-0.0716625,0.00762895,0.0720674
0.541667,0.558333,-0.0528499,0.00972772,0.0537377
0.541667,0.575,-0.0340377,0.0119299,0.0360678
0.541667,0.591667,-0.0151407,0.0142363,0.0207825
0.541667,0.608333,0.00390976,0.0166411,0.0170943
0.541667,0.625,0.0231627,0.0191325,0.0300427
0.541667,0.641667,0.0426464,0.0216932,0.0478467
0.541667,0.658333,0.0623674,0.0243014,0.0669347
0.541667,0.675,0.0823106,0.0269308,0.0866043
0.541667,0.691667,0.102439,0.0295508,0.106616
0.541667,0.708333,0.122695,0.0321262,0.126831
0.541667,0.725,0.142998,0.0346174,0.147129
0.541667,0.741667,0.163252,0.03698,0.167388
0.541667,0.758333,0.18334,0.0391643,0.187477
0.541667,0.775,0.203141,0.041114,0.207259
0.541667,0.791667,0.222534,0.0427633,0.226605
0.541667,0.808333,0.241436,0.0440315,0.245419
0.541667,0.825,0.259862,0.0448126,0.263698
0.541667,0.841667,0.278049,0.0449602,0.281661
0.541667,0.858333,0.296687,0.0442701,0.299971
0.541667,0.875,0.317297,0.0424709,0.320126
0.541667,0.891667,0.342757,0.0392464,0.344996
0.541667,0.908333,0.377845,0.0343223,0.379401
0.541667,0.925,0.429431,0.0276407,0.43032
0.541667,0.941667,0.505691,0.0196047,0.50607
0.541667,0.958333,0.613604,0.0112913,0.613707
0.541667,0.975,0.754415,0.00442535,0.754428
0.541667,0.991667,0.918165,0.000801865,0.918165
0.558333,0.00833333,-0.0125209,-0.00031074,0.0125247
0.558333,0.025,-0.0354662,-0.00147677,0.0354969
0.558333,0.0416667,-0.0570409,-0.00365415,0.0571578
0.558333,0.0583333,-0.0779198,-0.00668056,0.0782056
0.558333,0.075,-0.0986986,-0.0103804,0.0992429
0.558333,0.0916667,-0.119852,-0.014568,0.120734
0.558333,0.108333,-0.141689,-0.0190549,0.142964
0.558333,0.125,-0.164312,-0.0236564,0.166006
0.558333,0.141667,-0.187598,-0.0281973,0.189706
0.558333,0.158333,-0.211201,-0.0325138,0.213689
0.558333,0.175,-0.234572,-0.0364552,0.237388
0.558333,0.191667,-0.257,-0.0398855,0.260077
0.558333,0.208333,-0.277673,-0.0426873,0.280935
0.558333,0.225,-0.295743,-0.0447686,0.299112
0.558333,0.241667,-0.310407,-0.0460705,0.313807
0.558333,0.258333,-0.320985,-0.0465751,0.324346
0.558333,0.275,-0.326995,-0.0463094,0.330258
0.558333,0.291667,-0.328208,-0.0453445,0.331325
0.558333,0.308333,-0.324674,-0.0437879,0.327613
0.558333,0.325,-0.31671,-0.0417721,0.319453
0.558333,0.341667,-0.304857,-0.0394389,0.307398
0.558333,0.358333,-0.289805,-0.0369241,0.292148
0.558333,0.375,-0.272312,-0.0343446,0.274469
0.558333,0.391667,-0.253124,-0.0317897,0.255113
0.558333,0.408333,-0.232913,-0.0293175,0.234751
0.558333,0.425,-0.212229,-0.0269558,0.213934
0.558333,0.441667,-0.191484,-0.0247063,0.193071
0.558333,0.458333,-0.170952,-0.0225509,0.172433
0.558333,0.475,-0.150785,-0.0204588,0.152167
0.558333,0.491667,-0.131033,-0.0183926,0.132317
0.558333,0.508333,-0.111672,-0.0163141,0.112858
0.558333,0.525,-0.0926312,-0.014188,0.0937114
0.558333,0.541667,-0.073811,-0.0119845,0.0747776
0.558333,0.558333,-0.0551038,-0.0096808,0.0559477
0.558333,0.575,-0.0364051,-0.00726153,0.0371223
0.558333,0.591667,-0.0176227,-0.00471843,0.0182434
0.558333,0.608333,0.00131855,-0.00204997,0.0024374
0.558333,0.625,0.0204733,0.000739322,0.0204867
0.558333,0.641667,0.039875,0.0036394,0.0400407
0.558333,0.658333,0.0595348,0.00663516,0.0599034
0.558333,0.675,0.0794423,0.00970664,0.0800331
0.558333,0.691667,0.0995652,0.012829,0.100388
0.558333,0.708333,0.11985,0.0159723,0.12091
0.558333,0.725,0.140223,0.0191014,0.141518
0.558333,0.741667,0.160591,0.0221749,0.162115
0.558333,0.758333,0.180847,0.0251443,0.182587
0.558333,0.775,0.200876,0.0279522,0.202812
0.558333,0.791667,0.220573,0.0305285,0.222675
0.558333,0.808333,0.239874,0.0327835,0.242104
0.558333,0.825,0.258829,0.0345978,0.261131
0.558333,0.841667,0.277726,0.0358069,0.280024
0.558333,0.858333,0.297321,0.0361862,0.299515
0.558333,0.875,0.3192,0.0354474,0.321163
0.558333,0.891667,0.346257,0.0332676,0.347852
0.558333,0.908333,0.383156,0.0293807,0.38428
0.558333,0.925,0.436435,0.0237484,0.43708
0.558333,0.941667,0.513686,0.0167853,0.51396
0.558333,0.958333,0.621168,0.00953855,0.621241
0.558333,0.975,0.759634,0.00362117,0.759642
0.558333,0.991667,0.919579,0.000611991,0.919579
0.575,0.00833333,-0.0118077,-0.000402476,0.0118146
0.575,0.025,-0.0335317,-0.00188425,0.0335846
0.575,0.0416667,-0.0540776,-0.0046048,0.0542733
0.575,0.0583333,-0.0741212,-0.00834036,0.0745889
0.575,0.075,-0.0942606,-0.0128772,0.0951361
0.575,0.0916667,-0.11497,-0.0180103,0.116372
0.575,0.108333,-0.13655,-0.0235447,0.138565
0.575,0.125,-0.159097,-0.0292963,0.161772
0.575,0.141667,-0.182477,-0.0350908,0.185821
0.575,0.158333,-0.206335,-0.0407615,0.210323
0.575,0.175,-0.230112,-0.0461458,0.234694
0.575,0.191667,-0.253089,-0.0510857,0.258193
0.575,0.208333,-0.274436,-0.0554312,0.279978
0.575,0.225,-0.293281,-0.0590488,0.299166
0.575,0.241667,-0.308784,-0.0618326,0.314914
0.575,0.258333,-0.32022,-0.0637166,0.326497
0.575,0.275,-0.327058,-0.0646834,0.333393
0.575,0.291667,-0.329024,-0.0647684,0.335338
0.575,0.308333,-0.326126,-0.0640562,0.332358
0.575,0.325,-0.318659,-0.0626704,0.324763
0.575,0.341667,-0.307153,-0.0607587,0.313105
0.575,0.358333,-0.292307,-0.0584757,0.298098
0.575,0.375,-0.274899,-0.0559661,0.280538
0.575,0.391667,-0.255705,-0.0533527,0.261212
0.575,0.408333,-0.235429,-0.0507279,0.240832
0.575,0.425,-0.214651,-0.0481517,0.219985
0.575,0.441667,-0.19381,-0.0456529,0.199114
0.575,0.458333,-0.173199,-0.0432348,0.178514
0.575,0.475,-0.152984,-0.0408811,0.158352
0.575,0.491667,-0.133219,-0.0385628,0.138688
0.575,0.508333,-0.113883,-0.0362447,0.119511
0.575,0.525,-0.0949012,-0.03389,0.100771
0.575,0.541667,-0.0761698,-0.0314645,0.0824127
0.575,0.558333,-0.0575743,-0.0289386,0.0644379
0.575,0.575,-0.0390032,-0.0262893,0.0470359
0.575,0.591667,-0.0203572,-0.0234997,0.031091
0.575,0.608333,-0.00155502,-0.02056,0.0206187
0.575,0.625,0.0174642,-0.0174665,0.0246997
0.575,0.641667,0.0367391,-0.0142216,0.0393956
0.575,0.658333,0.0562864,-0.010833,0.0573194
0.575,0.675,0.0761005,-0.00731426,0.0764512
0.575,0.691667,0.0961546,-0.00368423,0.0962251
0.575,0.708333,0.116401,3.23095e-05,0.116401
0.575,0.725,0.136771,0.00380413,0.136824
0.575,0.741667,0.157181,0.00759255,0.157364
0.575,0.758333,0.177531,0.0113499,0.177893
0.575,0.775,0.197718,0.0150167,0.198287
0.575,0.791667,0.217654,0.0185173,0.21844
0.575,0.808333,0.237303,0.0217525,0.238298
0.575,0.825,0.256751,0.024588,0.257925
0.575,0.841667,0.276342,0.0268411,0.277642
0.575,0.858333,0.296899,0.0282677,0.298241
0.575,0.875,0.320064,0.0285648,0.321337
0.575,0.891667,0.348732,0.0274056,0.349808
0.575,0.908333,0.387438,0.0245352,0.388214
0.575,0.925,0.442385,0.0199351,0.442834
0.575,0.941667,0.520604,0.0140299,0.520793
0.575,0.958333,0.627694,0.00783268,0.627743
0.575,0.975,0.764015,0.00284309,0.76402
0.575,0.991667,0.92062,0.000429559,0.92062
0.591667,0.00833333,-0.0109187,-0.000486626,0.0109295
0.591667,0.025,-0.0311694,-0.00225632,0.0312509
0.591667,0.0416667,-0.0505059,-0.00546996,0.0508012
0.591667,0.0583333,-0.0695786,-0.00984884,0.0702722
0.591667,0.075,-0.0889669,-0.0151483,0.0902474
0.591667,0.0916667,-0.109128,-0.0211509,0.111158
0.591667,0.108333,-0.130347,-0.0276617,0.13325
0.591667,0.125,-0.152708,-0.0345028,0.156557
0.591667,0.141667,-0.176069,-0.0415057,0.180895
0.591667,0.158333,-0.200074,-0.0485041,0.20587
0.591667,0.175,-0.224166,-0.0553266,0.230893
0.591667,0.191667,-0.247627,-0.0617947,0.255221
0.591667,0.208333,-0.269621,-0.0677263,0.277997
0.591667,0.225,-0.28926,-0.072945,0.298315
0.591667,0.241667,-0.305671,-0.0772946,0.315293
0.591667,0.258333,-0.318087,-0.0806556,0.328153
0.591667,0.275,-0.32592,-0.0829594,0.336313
0.591667,0.291667,-0.328838,-0.0841978,0.339446
0.591667,0.308333,-0.326797,-0.0844245,0.337526
0.591667,0.325,-0.32005,-0.0837475,0.330826
0.591667,0.341667,-0.309105,-0.0823156,0.319878
0.591667,0.358333,-0.294654,-0.0802994,0.3054
0.591667,0.375,-0.277489,-0.0778718,0.288208
0.591667,0.391667,-0.25841,-0.0751907,0.269127
0.591667,0.408333,-0.238153,-0.0723869,0.248911
0.591667,0.425,-0.217333,-0.0695569,0.228192
0.591667,0.441667,-0.196421,-0.0667621,0.207457
0.591667,0.458333,-0.175737,-0.0640313,0.187039
0.591667,0.475,-0.155464,-0.0613665,0.167138
0.591667,0.491667,-0.135673,-0.0587499,0.147847
0.591667,0.508333,-0.116346,-0.056151,0.129187
0.591667,0.525,-0.0974112,-0.0535325,0.111152
0.591667,0.541667,-0.078762,-0.0508559,0.0937538
0.591667,0.558333,-0.0602793,-0.0480845,0.0771084
0.591667,0.575,-0.0418455,-0.0451866,0.0615863
0.591667,0.591667,-0.0233549,-0.042136,0.0481757
0.591667,0.608333,-0.00471947,-0.0389135,0.0391987
0.591667,0.625,0.014128,-0.0355064,0.0382139
0.591667,0.641667,0.0332323,-0.0319083,0.0460709
0.591667,0.658333,0.0526159,-0.0281194,0.0596585
0.591667,0.675,0.0722792,-0.0241463,0.0762058
0.591667,0.691667,0.0922013,-0.0200016,0.0943459
0.591667,0.708333,0.112341,-0.0157053,0.113434
0.591667,0.725,0.132638,-0.0112847,0.133118
0.591667,0.741667,0.153017,-0.0067764,0.153167
0.591667,0.758333,0.173389,-0.00222803,0.173403
0.591667,0.775,0.193667,0.0022981,0.19368
0.591667,0.791667,0.213783,0.00671981,0.213889
0.591667,0.808333,0.233732,0.0109269,0.233987
0.591667,0.825,0.253643,0.01477,0.254073
0.591667,0.841667,0.273918,0.0180479,0.274512
0.591667,0.858333,0.295445,0.0204987,0.296155
0.591667,0.875,0.319913,0.0218069,0.320656
0.591667,0.891667,0.350204,0.0216454,0.350873
0.591667,0.908333,0.390709,0.0197724,0.391209
0.591667,0.925,0.447296,0.0161899,0.447589
0.591667,0.941667,0.526459,0.0113297,0.526581
0.591667,0.958333,0.633199,0.00616734,0.633229
0.591667,0.975,0.76758,0.00208734,0.767582
0.591667,0.991667,0.921303,0.000253352,0.921303
0.608333,0.00833333,-0.00987231,-0.000559787,0.00988817
0.608333,0.025,-0.0284271,-0.0025789,0.0285438
0.608333,0.0416667,-0.0463945,-0.00621907,0.0468095
0.608333,0.0583333,-0.0643741,-0.0111562,0.0653336
0.608333,0.075,-0.0829051,-0.0171233,0.0846549
0.608333,0.0916667,-0.102412,-0.0238981,0.105163
0.608333,0.108333,-0.123158,-0.0312925,0.127071
0.608333,0.125,-0.145209,-0.0391399,0.150391
0.608333,0.141667,-0.168422,-0.0472828,0.174934
0.608333,0.158333,-0.192446,-0.0555593,0.200306
0.608333,0.175,-0.216738,-0.0637934,0.225931
0.608333,0.191667,-0.240591,-0.0717896,0.251073
0.608333,0.208333,-0.263179,-0.0793358,0.274877
0.608333,0.225,-0.283605,-0.0862134,0.29642
0.608333,0.241667,-0.300975,-0.0922141,0.314785
0.608333,0.258333,-0.314476,-0.0971607,0.329143
0.608333,0.275,-0.323462,-0.100926,0.338842
0.608333,0.291667,-0.327533,-0.103451,0.343482
0.608333,0.308333,-0.326579,-0.104747,0.342966
0.608333,0.325,-0.320794,-0.104898,0.337509
0.608333,0.341667,-0.310645,-0.104046,0.327606
0.608333,0.358333,-0.296804,-0.102372,0.313963
0.608333,0.375,-0.280064,-0.100074,0.297406
0.608333,0.391667,-0.261244,-0.097346,0.278791
0.608333,0.408333,-0.241109,-0.0943599,0.258916
0.608333,0.425,-0.220313,-0.0912532,0.238464
0.608333,0.441667,-0.199364,-0.0881246,0.217972
0.608333,0.458333,-0.178615,-0.085034,0.197824
0.608333,0.475,-0.158278,-0.0820068,0.178261
0.608333,0.491667,-0.138442,-0.0790402,0.159416
0.608333,0.508333,-0.119104,-0.0761117,0.141346
0.608333,0.525,-0.100198,-0.0731854,0.124079
0.608333,0.541667,-0.081618,-0.0702195,0.107667
0.608333,0.558333,-0.0632435,-0.0671705,0.0922584
0.608333,0.575,-0.044952,-0.0639977,0.0782074
0.608333,0.591667,-0.0266317,-0.060665,0.0662532
0.608333,0.608333,-0.00818759,-0.0571426,0.0577262
0.608333,0.625,0.0104542,-0.0534078,0.0544214
0.608333,0.641667,0.0293453,-0.0494451,0.0574975
0.608333,0.658333,0.048515,-0.045246,0.0663393
0.608333,0.675,0.0679705,-0.0408095,0.0792805
0.608333,0.691667,0.0876981,-0.0361422,0.0948537
0.608333,0.708333,0.107665,-0.0312589,0.112111
0.608333,0.725,0.127819,-0.0261834,0.130473
0.608333,0.741667,0.148095,-0.0209505,0.14957
0.608333,0.758333,0.16842,-0.0156088,0.169142
0.608333,0.775,0.188725,-0.0102242,0.189001
0.608333,0.791667,0.208966,-0.00488654,0.209023
0.608333,0.808333,0.229173,0.00028228,0.229173
0.608333,0.825,0.249524,0.00511729,0.249576
0.608333,0.841667,0.270478,0.00939951,0.270641
0.608333,0.858333,0.292983,0.0128508,0.293265
0.608333,0.875,0.318771,0.0151464,0.31913
0.608333,0.891667,0.350693,0.0159616,0.351056
0.608333,0.908333,0.392985,0.0150704,0.393274
0.608333,0.925,0.451178,0.0124948,0.451351
0.608333,0.941667,0.531261,0.00867085,0.531331
0.608333,0.958333,0.637698,0.0045327,0.637714
0.608333,0.975,0.770345,0.00134834,0.770346
0.608333,0.991667,0.921638,8.16653e-05,0.921638
0.625,0.00833333,-0.00869377,-0.000618822,0.00871577
0.625,0.025,-0.0253663,-0.00283911,0.0255247
0.625,0.0416667,-0.04183,-0.00682433,0.042383
0.625,0.0583333,-0.0586088,-0.0122171,0.0598686
0.625,0.075,-0.0761826,-0.018738,0.0784532
0.625,0.0916667,-0.0949301,-0.0261677,0.0984706
0.625,0.108333,-0.115082,-0.0343308,0.120094
0.625,0.125,-0.13669,-0.0430778,0.143317
0.625,0.141667,-0.15961,-0.0522667,0.16795
0.625,0.158333,-0.183504,-0.0617455,0.193613
0.625,0.175,-0.207853,-0.0713384,0.219755
0.625,0.191667,-0.23198,-0.0808383,0.245661
0.625,0.208333,-0.255075,-0.0900075,0.27049
0.625,0.225,-0.276251,-0.0985883,0.293316
0.625,0.241667,-0.294596,-0.106321,0.313195
0.625,0.258333,-0.309261,-0.112968,0.329248
0.625,0.275,-0.319541,-0.118337,0.340749
0.625,0.291667,-0.324958,-0.122309,0.347214
0.625,0.308333,-0.325324,-0.124842,0.348456
0.625,0.325,-0.320756,-0.125984,0.344611
0.625,0.341667,-0.31166,-0.125859,0.336114
0.625,0.358333,-0.298672,-0.12465,0.323639
0.625,0.375,-0.282569,-0.122575,0.308009
0.625,0.391667,-0.26418,-0.119861,0.2901
0.625,0.408333,-0.244298,-0.116721,0.27075
0.625,0.425,-0.223614,-0.113337,0.250696
0.625,0.441667,-0.202677,-0.109852,0.230533
0.625,0.458333,-0.181883,-0.106361,0.210699
0.625,0.475,-0.161478,-0.10292,0.191488
0.625,0.491667,-0.141581,-0.0995471,0.173075
0.625,0.508333,-0.122209,-0.0962316,0.155549
0.625,0.525,-0.103308,-0.0929429,0.138964
0.625,0.541667,-0.0847788,-0.089638,0.123379
0.625,0.558333,-0.0665016,-0.086268,0.108925
0.625,0.575,-0.0483512,-0.0827835,0.0958694
0.625,0.591667,-0.0302105,-0.0791381,0.0847084
0.625,0.608333,-0.0119781,-0.0752911,0.0762379
0.625,0.625,0.00642752,-0.0712087,0.0714982
0.625,0.641667,0.0250656,-0.0668651,0.0714089
0.625,0.658333,0.0439731,-0.0622427,0.0762088
0.625,0.675,0.0631654,-0.0573322,0.0853044
0.625,0.691667,0.0826372,-0.0521334,0.0977078
0.625,0.708333,0.102365,-0.0466559,0.112496
0.625,0.725,0.122308,-0.0409201,0.128971
0.625,0.741667,0.142413,-0.0349596,0.146642
0.625,0.758333,0.162625,-0.0288242,0.16516
0.625,0.775,0.182896,-0.0225846,0.184285
0.625,0.791667,0.203211,-0.0163388,0.203867
0.625,0.808333,0.223641,-0.0102212,0.223874
0.625,0.825,0.244412,-0.00441222,0.244452
0.625,0.841667,0.266043,0.000852531,0.266044
0.625,0.858333,0.289539,0.00528099,0.289587
0.625,0.875,0.316659,0.00854215,0.316774
0.625,0.891667,0.350215,0.0103172,0.350367
0.625,0.908333,0.394275,0.0103972,0.394412
0.625,0.925,0.454038,0.00882353,0.454123
0.625,0.941667,0.535015,0.00603315,0.535049
0.625,0.958333,0.641199,0.00291481,0.641206
0.625,0.975,0.772324,0.000618409,0.772324
0.625,0.991667,0.921632,-8.77657e-05,0.921632
0.641667,0.00833333,-0.00741395,-0.000661067,0.00744336
0.641667,0.025,-0.022061,-0.00302606,0.0222676
0.641667,0.0416667,-0.036914,-0.00726221,0.0376216
0.641667,0.0583333,-0.0524011,-0.0129932,0.0539879
0.641667,0.075,-0.0689256,-0.0199372,0.0717512
0.641667,0.0916667,-0.0868089,-0.0278857,0.0911779
0.641667,0.108333,-0.106244,-0.0366818,0.112398
0.641667,0.125,-0.127265,-0.0461977,0.135391
0.641667,0.141667,-0.149732,-0.0563119,0.15997
0.641667,0.158333,-0.173328,-0.0668875,0.185786
0.641667,0.175,-0.197569,-0.0777557,0.212319
0.641667,0.191667,-0.221816,-0.0887045,0.238895
0.641667,0.208333,-0.245296,-0.099478,0.2647
0.641667,0.225,-0.267142,-0.109785,0.288821
0.641667,0.241667,-0.28644,-0.119317,0.310298
0.641667,0.258333,-0.302312,-0.127775,0.328205
0.641667,0.275,-0.313994,-0.134901,0.341747
0.641667,0.291667,-0.320932,-0.140503,0.350341
0.641667,0.308333,-0.322843,-0.144477,0.353697
0.641667,0.325,-0.319752,-0.14682,0.351849
0.641667,0.341667,-0.311986,-0.147623,0.345149
0.641667,0.358333,-0.30012,-0.147058,0.334212
0.641667,0.375,-0.284901,-0.145353,0.319837
0.641667,0.391667,-0.267153,-0.142763,0.302906
0.641667,0.408333,-0.247689,-0.13954,0.28429
0.641667,0.425,-0.227234,-0.135913,0.264778
0.641667,0.441667,-0.206384,-0.132071,0.245025
0.641667,0.458333,-0.185583,-0.128154,0.225531
0.641667,0.475,-0.16512,-0.124254,0.206648
0.641667,0.491667,-0.145151,-0.120416,0.188597
0.641667,0.508333,-0.125722,-0.116649,0.171502
0.641667,0.525,-0.1068,-0.112932,0.155434
0.641667,0.541667,-0.088298,-0.109225,0.140452
0.641667,0.558333,-0.0701006,-0.105477,0.126647
0.641667,0.575,-0.0520832,-0.10163,0.114199
0.641667,0.591667,-0.0341247,-0.0976295,0.103422
0.641667,0.608333,-0.0161178,-0.0934226,0.0948028
0.641667,0.625,0.00202655,-0.0889642,0.0889873
0.641667,0.641667,0.0203761,-0.0842174,0.0866473
0.641667,0.658333,0.0389768,-0.079154,0.0882301
0.641667,0.675,0.0578533,-0.0737561,0.0937388
0.641667,0.691667,0.0770104,-0.0680159,0.102746
0.641667,0.708333,0.0964354,-0.0619374,0.114613
0.641667,0.725,0.116101,-0.0555375,0.128701
0.641667,0.741667,0.135971,-0.0488487,0.144479
0.641667,0.758333,0.156007,-0.0419225,0.161541
0.641667,0.775,0.176187,-0.0348349,0.179598
0.641667,0.791667,0.196532,-0.0276928,0.198474
0.641667,0.808333,0.217152,-0.0206426,0.218131
0.641667,0.825,0.238329,-0.0138799,0.238732
0.641667,0.841667,0.260636,-0.00765521,0.260749
0.641667,0.858333,0.285133,-0.00227165,0.285142
0.641667,0.875,0.313595,0.00193694,0.313601
0.641667,0.891667,0.34878,0.00466046,0.348811
0.641667,0.908333,0.394582,0.00570827,0.394623
0.641667,0.925,0.455873,0.00513962,0.455902
0.641667,0.941667,0.537721,0.00338879,0.537732
0.641667,0.958333,0.643706,0.0012947,0.643707
0.641667,0.975,0.773521,-0.000112615,0.773521
0.641667,0.991667,0.921287,-0.000257871,0.921287
0.658333,0.00833333,-0.00606842,-0.000684525,0.00610691
0.658333,0.025,-0.0185946,-0.00313156,0.0188565
0.658333,0.0416667,-0.031761,-0.00751495,0.0326379
0.658333,0.0583333,-0.0458835,-0.0134548,0.0478155
0.658333,0.075,-0.0612764,-0.0206777,0.0646712
0.658333,0.0916667,-0.0781946,-0.0289929,0.0833965
0.658333,0.108333,-0.0967885,-0.0382668,0.104079
0.658333,0.125,-0.117074,-0.0483976,0.126683
0.658333,0.141667,-0.138917,-0.0592887,0.15104
0.658333,0.158333,-0.16203,-0.0708244,0.176833
0.658333,0.175,-0.185972,-0.0828496,0.203592
0.658333,0.191667,-0.210156,-0.0951564,0.230695
0.658333,0.208333,-0.233859,-0.10748,0.257375
0.658333,0.225,-0.256249,-0.119503,0.282745
0.658333,0.241667,-0.276427,-0.130877,0.305844
0.658333,0.258333,-0.293497,-0.141246,0.325716
0.658333,0.275,-0.306648,-0.15028,0.341493
0.658333,0.291667,-0.315245,-0.157711,0.352494
0.658333,0.308333,-0.318906,-0.163359,0.358312
0.658333,0.325,-0.317549,-0.167156,0.358857
0.658333,0.341667,-0.311399,-0.169142,0.35437
0.658333,0.358333,-0.30095,-0.169462,0.345382
0.658333,0.375,-0.286897,-0.16834,0.332638
0.658333,0.391667,-0.270041,-0.166046,0.317007
0.658333,0.408333,-0.251202,-0.162868,0.29938
0.658333,0.425,-0.231136,-0.159079,0.280589
0.658333,0.441667,-0.210485,-0.154918,0.261349
0.658333,0.458333,-0.189742,-0.150575,0.242229
0.658333,0.475,-0.169251,-0.146184,0.223642
0.658333,0.491667,-0.149213,-0.141827,0.205863
0.658333,0.508333,-0.129713,-0.137541,0.189058
0.658333,0.525,-0.110746,-0.133321,0.173318
0.658333,0.541667,-0.0922435,-0.129137,0.158698
0.658333,0.558333,-0.0741026,-0.124938,0.14526
0.658333,0.575,-0.0562022,-0.120663,0.13311
0.658333,0.591667,-0.0384204,-0.116249,0.122434
0.658333,0.608333,-0.0206448,-0.111633,0.113526
0.658333,0.625,-0.00277919,-0.106759,0.106795
0.658333,0.641667,0.0152531,-0.101577,0.102716
0.658333,0.658333,0.033508,-0.0960488,0.101726
0.658333,0.675,0.0520211,-0.0901459,0.104079
0.658333,0.691667,0.070809,-0.0838524,0.10975
0.658333,0.708333,0.089872,-0.0771661,0.118455
0.658333,0.725,0.109198,-0.0700999,0.129762
0.658333,0.741667,0.12877,-0.0626851,0.143217
0.658333,0.758333,0.148571,-0.0549751,0.158416
0.658333,0.775,0.16861,-0.047051,0.175052
0.658333,0.791667,0.188944,-0.0390284,0.192933
0.658333,0.808333,0.209728,-0.0310656,0.212016
0.658333,0.825,0.231296,-0.0233716,0.232474
0.658333,0.841667,0.254282,-0.0162094,0.254798
0.658333,0.858333,0.279785,-0.00989004,0.279959
0.658333,0.875,0.309591,-0.00474677,0.309627
0.658333,0.891667,0.346392,-0.00107829,0.346393
0.658333,0.908333,0.3939,0.000943731,0.393901
0.658333,0.925,0.456673,0.00139432,0.456675
0.658333,0.941667,0.539366,0.000700706,0.539366
0.658333,0.958333,0.645209,-0.000352595,0.645209
0.658333,0.975,0.773931,-0.000857903,0.773932
0.658333,0.991667,0.920596,-0.000432368,0.920596
0.675,0.00833333,-0.00469594,-0.000688026,0.00474608
0.675,0.025,-0.0150575,-0.00315077,0.0153836
0.675,0.0416667,-0.0264939,-0.00757181,0.0275546
0.675,0.0583333,-0.0391992,-0.0135835,0.041486
0.675,0.075,-0.0533901,-0.0209313,0.0573465
0.675,0.0916667,-0.069249,-0.0294481,0.0752503
0.675,0.108333,-0.0868803,-0.0390281,0.0952438
0.675,0.125,-0.106281,-0.0495984,0.117285
0.675,0.141667,-0.127326,-0.0610913,0.141224
0.675,0.158333,-0.14976,-0.0734177,0.166788
0.675,0.175,-0.173192,-0.0864441,0.193566
0.675,0.191667,-0.197098,-0.0999761,0.221004
0.675,0.208333,-0.22082,-0.113751,0.248396
0.675,0.225,-0.243577,-0.127439,0.274901
0.675,0.241667,-0.264504,-0.14066,0.299579
0.675,0.258333,-0.282704,-0.153008,0.321454
0.675,0.275,-0.29733,-0.164085,0.339601
0.675,0.291667,-0.307675,-0.173543,0.353243
0.675,0.308333,-0.313254,-0.181118,0.361844
0.675,0.325,-0.313866,-0.186658,0.365175
0.675,0.341667,-0.309618,-0.190136,0.363338
0.675,0.358333,-0.300898,-0.191649,0.356748
0.675,0.375,-0.288325,-0.191395,0.346068
0.675,0.391667,-0.272655,-0.189647,0.332125
0.675,0.408333,-0.254699,-0.186715,0.315807
0.675,0.425,-0.235232,-0.182911,0.297977
0.675,0.441667,-0.214938,-0.178523,0.279408
0.675,0.458333,-0.194362,-0.173794,0.260732
0.675,0.475,-0.173906,-0.168911,0.242434
0.675,0.491667,-0.153826,-0.164,0.224852
0.675,0.508333,-0.134254,-0.159132,0.2082
0.675,0.525,-0.115224,-0.154332,0.192601
0.675,0.541667,-0.0966967,-0.149584,0.178117
0.675,0.558333,-0.0785853,-0.144848,0.164792
0.675,0.575,-0.0607793,-0.140062,0.152681
0.675,0.591667,-0.0431596,-0.13516,0.141884
0.675,0.608333,-0.0256114,-0.13007,0.132567
0.675,0.625,-0.0080323,-0.124724,0.124983
0.675,0.641667,0.00966332,-0.119063,0.119455
0.675,0.658333,0.0275421,-0.113036,0.116343
0.675,0.675,0.0456516,-0.106603,0.115967
0.675,0.691667,0.0640223,-0.0997408,0.11852
0.675,0.708333,0.08267,-0.0924384,0.124013
0.675,0.725,0.1016,-0.0847047,0.132278
0.675,0.741667,0.120817,-0.0765689,0.143037
0.675,0.758333,0.140331,-0.0680858,0.155976
0.675,0.775,0.160182,-0.059341,0.17082
0.675,0.791667,0.180467,-0.0504582,0.187388
0.675,0.808333,0.20139,-0.0416058,0.205643
0.675,0.825,0.223339,-0.033004,0.225764
0.675,0.841667,0.246998,-0.0249252,0.248253
0.675,0.858333,0.273508,-0.0176848,0.274079
0.675,0.875,0.304651,-0.0116116,0.304872
0.675,0.891667,0.343042,-0.00699085,0.343114
0.675,0.908333,0.392211,-0.00397511,0.392232
0.675,0.925,0.456412,-0.00247643,0.456419
0.675,0.941667,0.539923,-0.00207948,0.539927
0.675,0.958333,0.645684,-0.00205939,0.645688
0.675,0.975,0.773535,-0.00163424,0.773537
0.675,0.991667,0.919548,-0.000615923,0.919548
0.691667,0.00833333,-0.00333665,-0.000671336,0.00340351
0.691667,0.025,-0.0115429,-0.00308263,0.0119474
0.691667,0.0416667,-0.0212402,-0.00742996,0.0225023
0.691667,0.0583333,-0.0324977,-0.0133735,0.0351419
0.691667,0.075,-0.0454308,-0.0206867,0.0499189
0.691667,0.0916667,-0.0601465,-0.0292317,0.0668737
0.691667,0.108333,-0.0767015,-0.0389332,0.0860169
0.691667,0.125,-0.0950736,-0.0497495,0.107303
0.691667,0.141667,-0.115146,-0.0616448,0.130609
0.691667,0.158333,-0.136697,-0.0745611,0.15571
0.691667,0.175,-0.159395,-0.0883939,0.182264
0.691667,0.191667,-0.182784,-0.102973,0.209794
0.691667,0.208333,-0.206282,-0.118049,0.237672
0.691667,0.225,-0.229179,-0.133296,0.265125
0.691667,0.241667,-0.250661,-0.148316,0.291253
0.691667,0.258333,-0.269851,-0.162664,0.315086
0.691667,0.275,-0.285886,-0.175884,0.335657
0.691667,0.291667,-0.297997,-0.187548,0.352103
0.691667,0.308333,-0.305603,-0.197301,0.36376
0.691667,0.325,-0.308381,-0.204896,0.370245
0.691667,0.341667,-0.306301,-0.21022,0.3715
0.691667,0.358333,-0.299626,-0.213296,0.367792
0.691667,0.375,-0.288871,-0.214275,0.359667
0.691667,0.391667,-0.274723,-0.213409,0.347874
0.691667,0.408333,-0.25796,-0.211011,0.333271
0.691667,0.425,-0.239362,-0.207425,0.316732
0.691667,0.441667,-0.21964,-0.20298,0.29907
0.691667,0.458333,-0.199394,-0.197974,0.280983
0.691667,0.475,-0.179083,-0.192647,0.263028
0.691667,0.491667,-0.159025,-0.187181,0.245613
0.691667,0.508333,-0.13941,-0.181693,0.229015
0.691667,0.525,-0.120318,-0.176244,0.213398
0.691667,0.541667,-0.101748,-0.170847,0.19885
0.691667,0.558333,-0.0836409,-0.165477,0.185414
0.691667,0.575,-0.0659027,-0.160083,0.173118
0.691667,0.591667,-0.0484227,-0.154599,0.162005
0.691667,0.608333,-0.0310877,-0.14895,0.15216
0.691667,0.625,-0.0137912,-0.14306,0.143723
0.691667,0.641667,0.00356011,-0.136859,0.136905
0.691667,0.658333,0.0210437,-0.130285,0.131973
0.691667,0.675,0.0387204,-0.123288,0.129225
0.691667,0.691667,0.0566358,-0.115833,0.128937
0.691667,0.708333,0.0748233,-0.107902,0.131306
0.691667,0.725,0.0933094,-0.099498,0.136406
0.691667,0.741667,0.112121,-0.0906473,0.144181
0.691667,0.758333,0.1313,-0.0814044,0.154488
0.691667,0.775,0.150922,-0.0718583,0.167155
0.691667,0.791667,0.171124,-0.0621384,0.182057
0.691667,0.808333,0.192162,-0.052421,0.199184
0.691667,0.825,0.214477,-0.0429343,0.218732
0.691667,0.841667,0.238803,-0.033956,0.241205
0.691667,0.858333,0.266309,-0.0258016,0.267556
0.691667,0.875,0.298768,-0.0187921,0.299358
0.691667,0.891667,0.33871,-0.013197,0.338967
0.691667,0.908333,0.389482,-0.00915064,0.389589
0.691667,0.925,0.455048,-0.00655564,0.455095
0.691667,0.941667,0.539349,-0.00501415,0.539372
0.691667,0.958333,0.645091,-0.00386695,0.645103
0.691667,0.975,0.772299,-0.00246278,0.772303
0.691667,0.991667,0.918118,-0.000814341,0.918118
0.708333,0.00833333,-0.00203017,-0.000635212,0.00212722
0.708333,0.025,-0.0081434,-0.00293001,0.00865447
0.708333,0.0416667,-0.0161275,-0.00709501,0.0176192
0.708333,0.0583333,-0.0259299,-0.0128321,0.0289314
0.708333,0.075,-0.0375665,-0.0199512,0.0425358
0.708333,0.0916667,-0.0510693,-0.0283478,0.0584095
0.708333,0.108333,-0.0664466,-0.0379786,0.0765345
0.708333,0.125,-0.0836564,-0.0488343,0.0968668
0.708333,0.141667,-0.10259,-0.0609124,0.11931
0.708333,0.158333,-0.12306,-0.0741896,0.143694
0.708333,0.175,-0.144792,-0.0885967,0.169747
0.708333,0.191667,-0.167408,-0.103997,0.19708
0.708333,0.208333,-0.190409,-0.12017,0.225158
0.708333,0.225,-0.21317,-0.136806,0.253293
0.708333,0.241667,-0.234948,-0.153508,0.280652
0.708333,0.258333,-0.254912,-0.169812,0.306294
0.708333,0.275,-0.272202,-0.185214,0.329239
0.708333,0.291667,-0.286013,-0.199217,0.348555
0.708333,0.308333,-0.295677,-0.211375,0.363461
0.708333,0.325,-0.30075,-0.221337,0.373417
0.708333,0.341667,-0.301061,-0.228883,0.378187
0.708333,0.358333,-0.296729,-0.233944,0.37786
0.708333,0.375,-0.288138,-0.236595,0.372828
0.708333,0.391667,-0.275879,-0.237039,0.363726
0.708333,0.408333,-0.260669,-0.23557,0.351343
0.708333,0.425,-0.243269,-0.23254,0.336534
0.708333,0.441667,-0.224406,-0.228311,0.320131
0.708333,0.458333,-0.204719,-0.223228,0.302887
0.708333,0.475,-0.184725,-0.217588,0.285425
0.708333,0.491667,-0.164807,-0.21163,0.268233
0.708333,0.508333,-0.145218,-0.205529,0.251655
0.708333,0.525,-0.126095,-0.199393,0.235919
0.708333,0.541667,-0.107487,-0.193275,0.221153
0.708333,0.558333,-0.0893689,-0.187178,0.207419
0.708333,0.575,-0.0716742,-0.181072,0.194742
0.708333,0.591667,-0.0543075,-0.1749,0.183137
0.708333,0.608333,-0.0371626,-0.16859,0.172637
0.708333,0.625,-0.0201332,-0.162063,0.163308
0.708333,0.641667,-0.00312028,-0.155241,0.155273
0.708333,0.658333,0.0139633,-0.148055,0.148712
0.708333,0.675,0.0311916,-0.140443,0.143865
0.708333,0.691667,0.0486267,-0.13236,0.141009
0.708333,0.708333,0.0663215,-0.12378,0.140428
0.708333,0.725,0.0843251,-0.114698,0.14236
0.708333,0.741667,0.102692,-0.105135,0.146966
0.708333,0.758333,0.121497,-0.0951452,0.154318
0.708333,0.775,0.140851,-0.0848172,0.164417
0.708333,0.791667,0.160941,-0.0742835,0.177257
0.708333,0.808333,0.18207,-0.0637246,0.192899
0.708333,0.825,0.20473,-0.0533718,0.211573
0.708333,0.841667,0.229703,-0.0435036,0.233786
0.708333,0.858333,0.258181,-0.0344308,0.260467
0.708333,0.875,0.291917,-0.0264626,0.293114
0.708333,0.891667,0.333354,-0.0198516,0.333944
0.708333,0.908333,0.385655,-0.0147149,0.385935
0.708333,0.925,0.452515,-0.01095,0.452647
0.708333,0.941667,0.537573,-0.00818304,0.537636
0.708333,0.958333,0.643364,-0.00582762,0.643391
0.708333,0.975,0.770164,-0.00337007,0.770172
0.708333,0.991667,0.916269,-0.00103481,0.916269
0.725,0.00833333,-0.000813656,-0.000581365,0.00100001
0.725,0.025,-0.00494685,-0.00269975,0.0056356
0.725,0.0416667,-0.011278,-0.00658094,0.0130576
0.725,0.0583333,-0.0196427,-0.0119806,0.0230081
0.725,0.075,-0.0299637,-0.0187516,0.0353475
0.725,0.0916667,-0.0422015,-0.0268257,0.0500058
0.725,0.108333,-0.0563173,-0.0361922,0.0669441
0.725,0.125,-0.0722484,-0.0468739,0.086122
0.725,0.141667,-0.089892,-0.0589016,0.107471
0.725,0.158333,-0.109094,-0.0722884,0.130871
0.725,0.175,-0.129635,-0.0870049,0.156125
0.725,0.191667,-0.151214,-0.102956,0.182936
0.725,0.208333,-0.173423,-0.119963,0.210871
0.725,0.225,-0.195734,-0.137748,0.239346
0.725,0.241667,-0.217493,-0.155937,0.267618
0.725,0.258333,-0.237936,-0.174066,0.294809
0.725,0.275,-0.256237,-0.191606,0.319953
0.725,0.291667,-0.271576,-0.208005,0.342081
0.725,0.308333,-0.283227,-0.222734,0.360316
0.725,0.325,-0.290634,-0.235338,0.373968
0.725,0.341667,-0.293486,-0.245482,0.382617
0.725,0.358333,-0.291746,-0.252978,0.386153
0.725,0.375,-0.285648,-0.257799,0.38478
0.725,0.391667,-0.275656,-0.260069,0.378975
0.725,0.408333,-0.262397,-0.260032,0.369417
0.725,0.425,-0.246584,-0.25802,0.3569
0.725,0.441667,-0.228934,-0.254406,0.342247
0.725,0.458333,-0.210112,-0.24957,0.326239
0.725,0.475,-0.190683,-0.243859,0.30956
0.725,0.491667,-0.171092,-0.237573,0.292769
0.725,0.508333,-0.15166,-0.230947,0.276292
0.725,0.525,-0.132588,-0.224148,0.260427
0.725,0.541667,-0.11398,-0.217281,0.245362
0.725,0.558333,-0.0958615,-0.210391,0.231201
0.725,0.575,-0.0781993,-0.203479,0.217988
0.725,0.591667,-0.0609233,-0.19651,0.205738
0.725,0.608333,-0.0439419,-0.189426,0.194456
0.725,0.625,-0.0271547,-0.182152,0.184165
0.725,0.641667,-0.0104614,-0.174611,0.174924
0.725,0.658333,0.00623243,-0.166725,0.166842
0.725,0.675,0.0230132,-0.158428,0.160091
0.725,0.691667,0.0399592,-0.149665,0.154908
0.725,0.708333,0.0571439,-0.1404,0.151584
0.725,0.725,0.0746411,-0.130621,0.150443
0.725,0.741667,0.0925349,-0.120342,0.151805
0.725,0.758333,0.110934,-0.109611,0.155951
0.725,0.775,0.129991,-0.0985157,0.163104
0.725,0.791667,0.149938,-0.0871864,0.173444
0.725,0.808333,0.17113,-0.0758027,0.187167
0.725,0.825,0.194108,-0.0645937,0.204574
0.725,0.841667,0.219696,-0.0538325,0.226195
0.725,0.858333,0.249103,-0.0438196,0.252927
0.725,0.875,0.284057,-0.0348489,0.286187
0.725,0.891667,0.326908,-0.0271541,0.328034
0.725,0.908333,0.380647,-0.0208374,0.381217
0.725,0.925,0.448716,-0.0157959,0.448994
0.725,0.941667,0.534496,-0.0116875,0.534624
0.725,0.958333,0.640406,-0.00800737,0.640456
0.725,0.975,0.767047,-0.00438918,0.76706
0.725,0.991667,0.913947,-0.00128619,0.913948
0.741667,0.00833333,0.000280007,-0.000512363,0.000583884
0.741667,0.025,-0.00203246,-0.00240217,0.00314663
0.741667,0.0416667,-0.00680398,-0.00590949,0.009012
0.741667,0.0583333,-0.0137738,-0.0108529,0.0175358
0.741667,0.075,-0.0227817,-0.017133,0.0285052
0.741667,0.0916667,-0.033723,-0.0247196,0.0418127
0.741667,0.108333,-0.046515,-0.033634,0.0574011
0.741667,0.125,-0.0610739,-0.0439292,0.0752316
0.741667,0.141667,-0.0773002,-0.0556679,0.0952588
0.741667,0.158333,-0.0950676,-0.0688993,0.117409
0.741667,0.175,-0.114209,-0.0836357,0.141558
0.741667,0.191667,-0.134495,-0.0998295,0.167496
0.741667,0.208333,-0.155612,-0.117352,0.194902
0.741667,0.225,-0.177134,-0.135977,0.223308
0.741667,0.241667,-0.198511,-0.15537,0.252084
0.741667,0.258333,-0.219068,-0.175092,0.280442
0.741667,0.275,-0.238041,-0.194616,0.307472
0.741667,0.291667,-0.25463,-0.213359,0.332203
0.741667,0.308333,-0.268075,-0.230728,0.353694
0.741667,0.325,-0.277736,-0.246173,0.371131
0.741667,0.341667,-0.283174,-0.25924,0.383917
0.741667,0.358333,-0.284192,-0.26961,0.391733
0.741667,0.375,-0.280862,-0.277129,0.394568
0.741667,0.391667,-0.273495,-0.281808,0.392702
0.741667,0.408333,-0.262597,-0.283806,0.386656
0.741667,0.425,-0.2488,-0.283401,0.377117
0.741667,0.441667,-0.232783,-0.280948,0.364856
0.741667,0.458333,-0.215211,-0.276836,0.350648
0.741667,0.475,-0.196681,-0.271449,0.335213
0.741667,0.491667,-0.177691,-0.265138,0.319174
0.741667,0.508333,-0.158625,-0.2582,0.303033
0.741667,0.525,-0.139753,-0.250868,0.287168
0.741667,0.541667,-0.121244,-0.243306,0.271842
0.741667,0.558333,-0.103177,-0.235617,0.257217
0.741667,0.575,-0.0855661,-0.227846,0.243384
0.741667,0.591667,-0.0683759,-0.219996,0.230377
0.741667,0.608333,-0.0515384,-0.212031,0.218205
0.741667,0.625,-0.0349668,-0.203896,0.206873
0.741667,0.641667,-0.0185656,-0.195522,0.196401
0.741667,0.658333,-0.00223766,-0.186833,0.186846
0.741667,0.675,0.0141126,-0.177759,0.178319
0.741667,0.691667,0.0305786,-0.168241,0.170998
0.741667,0.708333,0.0472536,-0.158235,0.16514
0.741667,0.725,0.0642368,-0.14772,0.161083
0.741667,0.741667,0.0816428,-0.136703,0.159227
0.741667,0.758333,0.0996159,-0.125224,0.160014
0.741667,0.775,0.118352,-0.113363,0.163885
0.741667,0.791667,0.138128,-0.101243,0.171259
0.741667,0.808333,0.15935,-0.0890374,0.182538
0.741667,0.825,0.182607,-0.0769654,0.198164
0.741667,0.841667,0.208758,-0.0652877,0.218729
0.741667,0.858333,0.239028,-0.0542884,0.245115
0.741667,0.875,0.275114,-0.0442414,0.278649
0.741667,0.891667,0.319275,-0.0353605,0.321228
0.741667,0.908333,0.374337,-0.0277347,0.375363
0.741667,0.925,0.443517,-0.0212671,0.444027
0.741667,0.941667,0.529976,-0.015656,0.530207
0.741667,0.958333,0.636079,-0.0104891,0.636165
0.741667,0.975,0.762828,-0.00556128,0.762848
0.741667,0.991667,0.911082,-0.00157941,0.911083
0.758333,0.00833333,0.00122375,-0.000431447,0.00129758
0.758333,0.025,0.000532559,-0.00205053,0.00211856
0.758333,0.0416667,-0.00280334,-0.00510898,0.00582756
0.758333,0.0583333,-0.00844594,-0.00949422,0.0127072
0.758333,0.075,-0.0161659,-0.0151577,0.0221607
0.758333,0.0916667,-0.0258026,-0.0221073,0.0339781
0.758333,0.108333,-0.0372336,-0.0303948,0.0480644
0.758333,0.125,-0.0503543,-0.0401008,0.064371
0.758333,0.141667,-0.0650655,-0.0513164,0.0828668
0.758333,0.158333,-0.0812629,-0.0641245,0.103516
0.758333,0.175,-0.0988234,-0.0785781,0.126256
0.758333,0.191667,-0.117585,-0.0946794,0.150965
0.758333,0.208333,-0.137322,-0.112357,0.17743
0.758333,0.225,-0.157711,-0.131446,0.205307
0.758333,0.241667,-0.178314,-0.151673,0.234095
0.758333,0.258333,-0.198566,-0.172649,0.263128
0.758333,0.275,-0.217791,-0.193876,0.291583
0.758333,0.291667,-0.23524,-0.214773,0.318536
0.758333,0.308333,-0.250157,-0.234711,0.343028
0.758333,0.325,-0.261852,-0.253068,0.364156
0.758333,0.341667,-0.269779,-0.269279,0.381172
0.758333,0.358333,-0.2736,-0.282895,0.393556
0.758333,0.375,-0.273214,-0.293616,0.401069
0.758333,0.391667,-0.268768,-0.301311,0.403763
0.758333,0.408333,-0.260618,-0.306019,0.401957
0.758333,0.425,-0.249278,-0.307926,0.396179
0.758333,0.441667,-0.235358,-0.307326,0.387095
0.758333,0.458333,-0.219489,-0.304585,0.37543
0.758333,0.475,-0.202277,-0.300097,0.361904
0.758333,0.491667,-0.184255,-0.294248,0.347177
0.758333,0.508333,-0.16586,-0.287387,0.331814
0.758333,0.525,-0.147429,-0.279809,0.316272
0.758333,0.541667,-0.129193,-0.271746,0.300893
0.758333,0.558333,-0.111298,-0.263365,0.285916
0.758333,0.575,-0.0938098,-0.25477,0.271493
0.758333,0.591667,-0.0767386,-0.246015,0.257705
0.758333,0.608333,-0.0600496,-0.237105,0.244591
0.758333,0.625,-0.0436791,-0.228017,0.232163
0.758333,0.641667,-0.0275446,-0.2187,0.220428
0.758333,0.658333,-0.0115526,-0.209095,0.209414
0.758333,0.675,0.00439655,-0.199138,0.199186
0.758333,0.691667,0.0204073,-0.188768,0.189868
0.758333,0.708333,0.0365908,-0.17794,0.181664
0.758333,0.725,0.0530701,-0.166626,0.174873
0.758333,0.741667,0.0699896,-0.154823,0.169908
0.758333,0.758333,0.0875295,-0.142563,0.167289
0.758333,0.775,0.105927,-0.129913,0.167624
0.758333,0.791667,0.125505,-0.116984,0.171572
0.758333,0.808333,0.146717,-0.103934,0.179801
0.758333,0.825,0.170199,-0.0909653,0.192982
0.758333,0.841667,0.196841,-0.0783173,0.211849
0.758333,0.858333,0.227879,-0.0662504,0.237314
0.758333,0.875,0.264979,-0.0550134,0.27063
0.758333,0.891667,0.310314,-0.0447983,0.313531
0.758333,0.908333,0.366557,-0.0356834,0.36829
0.758333,0.925,0.43673,-0.0275844,0.4376
0.758333,0.941667,0.523818,-0.0202508,0.52421
0.758333,0.958333,0.630196,-0.013377,0.630338
0.758333,0.975,0.757343,-0.00693756,0.757375
0.758333,0.991667,0.907575,-0.00192789,0.907577
0.775,0.00833333,0.00199744,-0.000342303,0.00202656
0.775,0.025,0.00269564,-0.00166011,0.00316583
0.775,0.0416667,0.000644491,-0.00421269,0.00426171
0.775,0.0583333,-0.00376244,-0.0079589,0.00880342
0.775,0.075,-0.010243,-0.0129019,0.0164736
0.775,0.0916667,-0.0185913,-0.0190867,0.0266447
0.775,0.108333,-0.028651,-0.0265932,0.0390906
0.775,0.125,-0.0402985,-0.0355256,0.0537219
0.775,0.141667,-0.0534319,-0.0459994,0.0705047
0.775,0.158333,-0.067962,-0.058126,0.0894286
0.775,0.175,-0.0838011,-0.0719958,0.110481
0.775,0.191667,-0.100844,-0.0876584,0.133617
0.775,0.208333,-0.118942,-0.105102,0.158725
0.775,0.225,-0.137873,-0.12423,0.185586
0.775,0.241667,-0.157311,-0.144844,0.213838
0.775,0.258333,-0.17681,-0.166627,0.242954
0.775,0.275,-0.195804,-0.189143,0.272239
0.775,0.291667,-0.213628,-0.211844,0.300857
0.775,0.308333,-0.229569,-0.234106,0.327883
0.775,0.325,-0.242924,-0.255266,0.352382
0.775,0.341667,-0.253083,-0.274678,0.373496
0.775,0.358333,-0.259586,-0.291773,0.390533
0.775,0.375,-0.262179,-0.306102,0.403033
0.775,0.391667,-0.260833,-0.317377,0.410807
0.775,0.408333,-0.255737,-0.325485,0.413935
0.775,0.425,-0.247262,-0.330476,0.412738
0.775,0.441667,-0.235906,-0.332544,0.407722
0.775,0.458333,-0.222237,-0.331989,0.399507
0.775,0.475,-0.206832,-0.329173,0.388761
0.775,0.491667,-0.190235,-0.324488,0.37614
0.775,0.508333,-0.172918,-0.318312,0.362247
0.775,0.525,-0.15527,-0.310991,0.347598
0.775,0.541667,-0.137586,-0.302821,0.332611
0.775,0.558333,-0.120073,-0.294034,0.317606
0.775,0.575,-0.102859,-0.284804,0.302809
0.775,0.591667,-0.0860039,-0.275245,0.288369
0.775,0.608333,-0.0695176,-0.265421,0.274374
0.775,0.625,-0.0533684,-0.255353,0.26087
0.775,0.641667,-0.0374958,-0.245029,0.247881
0.775,0.658333,-0.0218189,-0.234416,0.235429
0.775,0.675,-0.0062411,-0.22347,0.223557
0.775,0.691667,0.00934714,-0.212141,0.212347
0.775,0.708333,0.0250698,-0.200388,0.201951
0.775,0.725,0.04107,-0.188182,0.192612
0.775,0.741667,0.0575188,-0.175514,0.184698
0.775,0.758333,0.0746295,-0.162404,0.17873
0.775,0.775,0.092678,-0.148905,0.175391
0.775,0.791667,0.112031,-0.135111,0.175517
0.775,0.808333,0.133186,-0.121156,0.180048
0.775,0.825,0.15682,-0.107216,0.189968
0.775,0.841667,0.183855,-0.0935001,0.206265
0.775,0.858333,0.215533,-0.0802365,0.229984
0.775,0.875,0.253493,-0.0676426,0.262363
0.775,0.891667,0.299828,-0.0558858,0.304992
0.775,0.908333,0.357078,-0.0450359,0.359907
0.775,0.925,0.428102,-0.0350288,0.429533
0.775,0.941667,0.515761,-0.025678,0.5164
0.775,0.958333,0.622503,-0.0168023,0.62273
0.775,0.975,0.750376,-0.00858193,0.750425
0.775,0.991667,0.903298,-0.00234823,0.903301
0.791667,0.00833333,0.00258849,-0.000248802,0.00260042
0.791667,0.025,0.00442076,-0.00124728,0.00459335
0.791667,0.0416667,0.00348144,-0.00325688,0.00476735
0.791667,0.0583333,0.000197028,-0.0063072,0.00631027
0.791667,0.075,-0.00511492,-0.0104519,0.0116363
0.791667,0.0916667,-0.0122154,-0.0157712,0.0199486
0.791667,0.108333,-0.0209218,-0.0223699,0.030629
0.791667,0.125,-0.0310936,-0.0303718,0.0434656
0.791667,0.141667,-0.042624,-0.0399109,0.0583925
0.791667,0.158333,-0.055433,-0.0511211,0.0754068
0.791667,0.175,-0.0694581,-0.0641234,0.0945317
0.791667,0.191667,-0.0846386,-0.0790092,0.115785
0.791667,0.208333,-0.100891,-0.0958224,0.139144
0.791667,0.225,-0.118081,-0.114537,0.164505
0.791667,0.241667,-0.13599,-0.135037,0.191646
0.791667,0.258333,-0.154293,-0.157092,0.220191
0.791667,0.275,-0.172546,-0.180354,0.249598
0.791667,0.291667,-0.190193,-0.204346,0.279161
0.791667,0.308333,-0.2066,-0.228488,0.308043
0.791667,0.325,-0.221099,-0.252122,0.335336
0.791667,0.341667,-0.233055,-0.274563,0.360138
0.791667,0.358333,-0.241932,-0.29515,0.381634
0.791667,0.375,-0.247346,-0.313308,0.399176
0.791667,0.391667,-0.249109,-0.328588,0.412342
0.791667,0.408333,-0.247235,-0.340706,0.420958
0.791667,0.425,-0.241932,-0.349546,0.425104
0.791667,0.441667,-0.233557,-0.355157,0.425071
0.791667,0.458333,-0.222575,-0.357724,0.421314
0.791667,0.475,-0.2095,-0.357533,0.414391
0.791667,0.491667,-0.194851,-0.354934,0.404901
0.791667,0.508333,-0.179109,-0.350302,0.393435
0.791667,0.525,-0.162695,-0.344006,0.380539
0.791667,0.541667,-0.145952,-0.336385,0.366684
0.791667,0.558333,-0.129146,-0.327732,0.35226
0.791667,0.575,-0.112461,-0.318288,0.337571
0.791667,0.591667,-0.0960147,-0.308233,0.322841
0.791667,0.608333,-0.0798655,-0.297699,0.308226
0.791667,0.625,-0.0640225,-0.286765,0.293825
0.791667,0.641667,-0.0484567,-0.275474,0.279703
0.791667,0.658333,-0.0331085,-0.263836,0.265905
0.791667,0.675,-0.0178934,-0.251841,0.252476
0.791667,0.691667,-0.00270492,-0.239465,0.23948
0.791667,0.708333,0.0125863,-0.226682,0.227032
0.791667,0.725,0.0281367,-0.213472,0.215319
0.791667,0.741667,0.0441381,-0.199827,0.204643
0.791667,0.758333,0.0608309,-0.185758,0.195464
0.791667,0.775,0.0785245,-0.171304,0.188444
0.791667,0.791667,0.0976235,-0.156537,0.184483
0.791667,0.808333,0.118664,-0.141562,0.184718
0.791667,0.825,0.14236,-0.126519,0.190456
0.791667,0.841667,0.16966,-0.111579,0.203062
0.791667,0.858333,0.201813,-0.0969257,0.223881
0.791667,0.875,0.240433,-0.0827388,0.254271
0.791667,0.891667,0.287549,-0.0691567,0.295748
0.791667,0.908333,0.345593,-0.0562419,0.350139
0.791667,0.925,0.417297,-0.0439585,0.419606
0.791667,0.941667,0.505456,-0.0321992,0.50648
0.791667,0.958333,0.612664,-0.020931,0.613022
0.791667,0.975,0.741638,-0.0105748,0.741713
0.791667,0.991667,0.898089,-0.00286118,0.898093
0.808333,0.00833333,0.00299198,-0.000154743,0.00299598
0.808333,0.025,0.00568932,-0.000828421,0.00574931
0.808333,0.0416667,0.00567269,-0.00227874,0.00611327
0.808333,0.0583333,0.0033795,-0.00460226,0.00570979
0.808333,0.075,-0.000854929,-0.00790012,0.00794625
0.808333,0.0916667,-0.00677155,-0.0122848,0.0140275
0.808333,0.108333,-0.0141696,-0.0178823,0.0228156
0.808333,0.125,-0.0228953,-0.0248311,0.0337754
0.808333,0.141667,-0.0328362,-0.0332782,0.046751
0.808333,0.158333,-0.043916,-0.0433728,0.0617237
0.808333,0.175,-0.0560882,-0.0552576,0.0787355
0.808333,0.191667,-0.0693232,-0.0690571,0.0978498
0.808333,0.208333,-0.0835878,-0.0848628,0.119116
0.808333,0.225,-0.0988191,-0.102713,0.142531
0.808333,0.241667,-0.114893,-0.122572,0.168001
0.808333,0.258333,-0.131598,-0.144308,0.195302
0.808333,0.275,-0.148614,-0.167674,0.224055
0.808333,0.291667,-0.165511,-0.192295,0.253715
0.808333,0.308333,-0.18176,-0.217675,0.283583
0.808333,0.325,-0.196768,-0.243213,0.312842
0.808333,0.341667,-0.209926,-0.268233,0.340614
0.808333,0.358333,-0.220669,-0.292038,0.366034
0.808333,0.375,-0.228529,-0.313959,0.388325
0.808333,0.391667,-0.233188,-0.333416,0.406869
0.808333,0.408333,-0.234501,-0.349953,0.421257
0.808333,0.425,-0.232504,-0.363274,0.431308
0.808333,0.441667,-0.227398,-0.37325,0.437064
0.808333,0.458333,-0.219511,-0.379906,0.438764
0.808333,0.475,-0.20926,-0.383401,0.43679
0.808333,0.491667,-0.197099,-0.383992,0.431622
0.808333,0.508333,-0.183484,-0.382001,0.423782
0.808333,0.525,-0.16884,-0.377777,0.41379
0.808333,0.541667,-0.153535,-0.37167,0.402134
0.808333,0.558333,-0.137876,-0.364009,0.389246
0.808333,0.575,-0.1221,-0.355084,0.375491
0.808333,0.591667,-0.106374,-0.34514,0.361161
0.808333,0.608333,-0.0908085,-0.334372,0.346484
0.808333,0.625,-0.0754569,-0.322929,0.331627
0.808333,0.641667,-0.0603284,-0.310914,0.316712
0.808333,0.658333,-0.0453929,-0.298395,0.301828
0.808333,0.675,-0.0305869,-0.285413,0.287047
0.808333,0.691667,-0.015816,-0.271984,0.272444
0.808333,0.708333,-0.000954553,-0.258115,0.258117
0.808333,0.725,0.014158,-0.243805,0.244216
0.808333,0.741667,0.0297251,-0.22906,0.23098
0.808333,0.758333,0.0460057,-0.21389,0.218782
0.808333,0.775,0.0633331,-0.198327,0.208194
0.808333,0.791667,0.0821404,-0.18242,0.20006
0.808333,0.808333,0.102994,-0.166243,0.195562
0.808333,0.825,0.126638,-0.149895,0.196228
0.808333,0.841667,0.154042,-0.133496,0.203838
0.808333,0.858333,0.186462,-0.11718,0.220225
0.808333,0.875,0.225494,-0.101077,0.247112
0.808333,0.891667,0.273119,-0.0852908,0.286127
0.808333,0.908333,0.331693,-0.0698759,0.338973
0.808333,0.925,0.40387,-0.0548324,0.407576
0.808333,0.941667,0.492442,-0.0401507,0.494076
0.808333,0.958333,0.600236,-0.0259764,0.600797
0.808333,0.975,0.730753,-0.0130189,0.730869
0.808333,0.991667,0.891735,-0.00349309,0.891741
0.825,0.00833333,0.00321031,-6.36393e-05,0.00321094
0.825,0.025,0.00650007,-0.000419154,0.00651357
0.825,0.0416667,0.00720758,-0.00131458,0.00732648
0.825,0.0583333,0.00576058,-0.00290714,0.00645257
0.825,0.075,0.00249533,-0.00534071,0.0058949
0.825,0.0916667,-0.00232204,-0.00875593,0.0090586
0.825,0.108333,-0.00848144,-0.0132962,0.015771
0.825,0.125,-0.0158208,-0.0191101,0.0248091
0.825,0.141667,-0.0242222,-0.0263516,0.0357928
0.825,0.158333,-0.0336096,-0.0351775,0.0486525
0.825,0.175,-0.0439444,-0.0457431,0.0634313
0.825,0.191667,-0.0552158,-0.0581948,0.0802211
0.825,0.208333,-0.0674252,-0.0726593,0.0991238
0.825,0.225,-0.0805628,-0.0892279,0.120216
0.825,0.241667,-0.0945805,-0.107937,0.143513
0.825,0.258333,-0.109364,-0.128748,0.168928
0.825,0.275,-0.124709,-0.151522,0.196243
0.825,0.291667,-0.140312,-0.176004,0.225089
0.825,0.308333,-0.155767,-0.201815,0.254936
0.825,0.325,-0.170585,-0.228453,0.285114
0.825,0.341667,-0.184229,-0.255312,0.314841
0.825,0.358333,-0.196155,-0.281718,0.343281
0.825,0.375,-0.205867,-0.306972,0.369612
0.825,0.391667,-0.212961,-0.330405,0.39309
0.825,0.408333,-0.217168,-0.351428,0.413114
0.825,0.425,-0.218371,-0.369572,0.429266
0.825,0.441667,-0.216608,-0.38452,0.441333
0.825,0.458333,-0.212057,-0.396109,0.4493
0.825,0.475,-0.205005,-0.404324,0.453326
0.825,0.491667,-0.195809,-0.409278,0.453707
0.825,0.508333,-0.184861,-0.411184,0.450828
0.825,0.525,-0.172554,-0.410316,0.445123
0.825,0.541667,-0.159255,-0.406988,0.437037
0.825,0.558333,-0.145285,-0.401521,0.426997
0.825,0.575,-0.130913,-0.394223,0.415392
0.825,0.591667,-0.11635,-0.385377,0.402558
0.825,0.608333,-0.101748,-0.37523,0.38878
0.825,0.625,-0.0872034,-0.363988,0.374288
0.825,0.641667,-0.072766,-0.351819,0.359265
0.825,0.658333,-0.0584396,-0.338853,0.343856
0.825,0.675,-0.044188,-0.325188,0.328176
0.825,0.691667,-0.0299368,-0.310895,0.312333
0.825,0.708333,-0.015573,-0.296025,0.296435
0.825,0.725,-0.00094186,-0.280616,0.280618
0.825,0.741667,0.014161,-0.264698,0.265077
0.825,0.758333,0.0300013,-0.248299,0.250105
0.825,0.775,0.0469242,-0.231449,0.236158
0.825,0.791667,0.0653787,-0.214186,0.223942
0.825,0.808333,0.0859493,-0.196556,0.214527
0.825,0.825,0.109397,-0.178618,0.209457
0.825,0.841667,0.136705,-0.160438,0.210781
0.825,0.858333,0.169134,-0.142089,0.220897
0.825,0.875,0.208271,-0.123641,0.242207
0.825,0.891667,0.25607,-0.105156,0.27682
0.825,0.908333,0.314847,-0.0866765,0.32656
0.825,0.925,0.387241,-0.0682455,0.393208
0.825,0.941667,0.476116,-0.0499716,0.478731
0.825,0.958333,0.584634,-0.0322186,0.585521
0.825,0.975,0.717228,-0.0160498,0.717407
0.825,0.991667,0.883963,-0.00427872,0.883973
0.841667,0.00833333,0.00325247,2.1421e-05,0.00325254
0.841667,0.025,0.00686842,-3.36823e-05,0.0068685
0.841667,0.0416667,0.00809937,-0.000398491,0.00810916
0.841667,0.0583333,0.0073452,-0.00128246,0.00745632
0.841667,0.075,0.0049277,-0.00286598,0.00570054
0.841667,0.0916667,0.0011078,-0.00531307,0.00542733
0.841667,0.108333,-0.00390405,-0.00878014,0.00960898
0.841667,0.125,-0.00994287,-0.0134216,0.0167033
0.841667,0.141667,-0.0168875,-0.0193928,0.0257151
0.841667,0.158333,-0.0246602,-0.0268511,0.0364569
0.841667,0.175,-0.0332242,-0.0359552,0.0489554
0.841667,0.191667,-0.042578,-0.0468614,0.0633157
0.841667,0.208333,-0.0527425,-0.0597175,0.079674
0.841667,0.225,-0.0637428,-0.0746518,0.0981633
0.841667,0.241667,-0.0755851,-0.0917579,0.118881
0.841667,0.258333,-0.0882314,-0.111075,0.141854
0.841667,0.275,-0.101576,-0.132567,0.167008
0.841667,0.291667,-0.115429,-0.156102,0.194144
0.841667,0.308333,-0.129509,-0.181433,0.222913
0.841667,0.325,-0.143447,-0.208191,0.252825
0.841667,0.341667,-0.156809,-0.23589,0.283254
0.841667,0.358333,-0.169119,-0.263941,0.313474
0.841667,0.375,-0.179905,-0.291685,0.342704
0.841667,0.391667,-0.188738,-0.318439,0.370169
0.841667,0.408333,-0.195271,-0.343537,0.395156
0.841667,0.425,-0.199273,-0.366387,0.417072
0.841667,0.441667,-0.200642,-0.386501,0.435477
0.841667,0.458333,-0.199406,-0.403528,0.450109
0.841667,0.475,-0.195709,-0.417259,0.460877
0.841667,0.491667,-0.189786,-0.427622,0.467846
0.841667,0.508333,-0.181933,-0.434667,0.471206
0.841667,0.525,-0.172476,-0.43854,0.471238
0.841667,0.541667,-0.161743,-0.439458,0.468277
0.841667,0.558333,-0.150044,-0.437677,0.462682
0.841667,0.575,-0.137653,-0.433476,0.454808
0.841667,0.591667,-0.124801,-0.427133,0.444992
0.841667,0.608333,-0.111669,-0.418909,0.433537
0.841667,0.625,-0.0983888,-0.409044,0.420711
0.841667,0.641667,-0.0850438,-0.39775,0.40674
0.841667,0.658333,-0.0716706,-0.385207,0.391818
0.841667,0.675,-0.0582618,-0.371568,0.376108
0.841667,0.691667,-0.0447671,-0.356957,0.359753
0.841667,0.708333,-0.0310926,-0.341476,0.342889
0.841667,0.725,-0.0170969,-0.325211,0.32566
0.841667,0.741667,-0.00258482,-0.308228,0.308239
0.841667,0.758333,0.0127048,-0.290585,0.290863
0.841667,0.775,0.0291155,-0.27233,0.273882
0.841667,0.791667,0.0470968,-0.253503,0.257841
0.841667,0.808333,0.067235,-0.234136,0.243599
0.841667,0.825,0.0902923,-0.214256,0.232505
0.841667,0.841667,0.117253,-0.19388,0.226579
0.841667,0.858333,0.149375,-0.17302,0.22858
0.841667,0.875,0.188242,-0.151679,0.241747
0.841667,0.891667,0.2358,-0.129866,0.269197
0.841667,0.908333,0.294376,-0.107605,0.313427
0.841667,0.925,0.366659,-0.0849834,0.376379
0.841667,0.941667,0.45569,-0.0622503,0.459922
0.841667,0.958333,0.565094,-0.0400378,0.566511
0.841667,0.975,0.700414,-0.0198534,0.700696
0.841667,0.991667,0.874418,-0.00526632,0.874433
0.858333,0.00833333,0.0031332,9.77986e-05,0.00313473
0.858333,0.025,0.00682515,0.000315344,0.00683243
0.858333,0.0416667,0.00838444,0.000438255,0.00839588
0.858333,0.0583333,0.00816741,0.000214842,0.00817024
0.858333,0.075,0.00646799,-0.000564224,0.00649255
0.858333,0.0916667,0.00353096,-0.00208068,0.0040984
0.858333,0.108333,-0.000441333,-0.00449958,0.00452117
0.858333,0.125,-0.00528686,-0.00797694,0.00956988
0.858333,0.141667,-0.0108844,-0.0126649,0.0166994
0.858333,0.158333,-0.0171545,-0.0187154,0.0253879
0.858333,0.175,-0.0240595,-0.0262818,0.0356313
0.858333,0.191667,-0.031599,-0.0355195,0.0475408
0.858333,0.208333,-0.039802,-0.046583,0.0612713
0.858333,0.225,-0.048712,-0.05962,0.0769896
0.858333,0.241667,-0.058369,-0.0747608,0.0948479
0.858333,0.258333,-0.0687874,-0.0921038,0.114956
0.858333,0.275,-0.0799354,-0.111696,0.137352
0.858333,0.291667,-0.0917173,-0.133514,0.161981
0.858333,0.308333,-0.103962,-0.157442,0.188669
0.858333,0.325,-0.11642,-0.183257,0.21711
0.858333,0.341667,-0.128771,-0.210623,0.246868
0.858333,0.358333,-0.140641,-0.239087,0.277385
0.858333,0.375,-0.151626,-0.268099,0.308006
0.858333,0.391667,-0.161325,-0.297038,0.33802
0.858333,0.408333,-0.169375,-0.325248,0.366708
0.858333,0.425,-0.175484,-0.352084,0.393393
0.858333,0.441667,-0.179449,-0.376952,0.417486
0.858333,0.458333,-0.181176,-0.399348,0.438524
0.858333,0.475,-0.180675,-0.418882,0.456186
0.858333,0.491667,-0.178052,-0.435287,0.470295
0.858333,0.508333,-0.173486,-0.448424,0.480813
0.858333,0.525,-0.167211,-0.458262,0.487815
0.858333,0.541667,-0.159485,-0.464867,0.491464
0.858333,0.558333,-0.150573,-0.468376,0.491984
0.858333,0.575,-0.140727,-0.468973,0.489632
0.858333,0.591667,-0.13017,-0.466873,0.48468
0.858333,0.608333,-0.119093,-0.462304,0.477397
0.858333,0.625,-0.107644,-0.455489,0.468036
0.858333,0.641667,-0.0959278,-0.446644,0.45683
0.858333,0.658333,-0.0840061,-0.435968,0.443987
0.858333,0.675,-0.0718954,-0.423638,0.429695
0.858333,0.691667,-0.0595678,-0.409815,0.414121
0.858333,0.708333,-0.0469491,-0.394638,0.397421
0.858333,0.725,-0.0339149,-0.378229,0.379747
0.858333,0.741667,-0.0202845,-0.360694,0.361264
0.858333,0.758333,-0.00580951,-0.342123,0.342173
0.858333,0.775,0.00984128,-0.32259,0.32274
0.858333,0.791667,0.0271046,-0.302151,0.303364
0.858333,0.808333,0.0465523,-0.280843,0.284675
0.858333,0.825,0.0689303,-0.258679,0.267705
0.858333,0.841667,0.0952055,-0.235645,0.254151
0.858333,0.858333,0.126621,-0.211704,0.246681
0.858333,0.875,0.164751,-0.186799,0.249072
0.858333,0.891667,0.211557,-0.16088,0.26578
0.858333,0.908333,0.26942,-0.133943,0.300879
0.858333,0.925,0.341167,-0.106116,0.357289
0.858333,0.941667,0.430141,-0.0778077,0.437121
0.858333,0.958333,0.540602,-0.0499785,0.542907
0.858333,0.975,0.679447,-0.024703,0.679896
0.858333,0.991667,0.862623,-0.0065282,0.862648
0.875,0.00833333,0.00287217,0.00016318,0.00287681
0.875,0.025,0.00641525,0.000616458,0.0064448
0.875,0.0416667,0.00812111,0.00116667,0.00820448
0.875,0.0583333,0.00828943,0.00153129,0.00842968
0.875,0.075,0.00717538,0.00148085,0.0073266
0.875,0.0916667,0.0049986,0.000822168,0.00506576
0.875,0.108333,0.00194589,-0.000613889,0.00204043
0.875,0.125,-0.00182947,-0.00298124,0.00349782
0.875,0.141667,-0.00621009,-0.00642503,0.00893567
0.875,0.158333,-0.0111168,-0.0110867,0.0157003
0.875,0.175,-0.0165097,-0.0171079,0.0237749
0.875,0.191667,-0.0223857,-0.0246334,0.0332855
0.875,0.208333,-0.0287735,-0.0338117,0.0443976
0.875,0.225,-0.0357219,-0.0447934,0.0572932
0.875,0.241667,-0.0432867,-0.0577249,0.072152
0.875,0.258333,-0.0515127,-0.072739,0.0891321
0.875,0.275,-0.0604164,-0.0899405,0.108349
0.875,0.291667,-0.06997,-0.109389,0.129853
0.875,0.308333,-0.0800896,-0.131081,0.153612
0.875,0.325,-0.0906282,-0.15493,0.17949
0.875,0.341667,-0.101376,-0.180751,0.207239
0.875,0.358333,-0.112067,-0.208257,0.236495
0.875,0.375,-0.122393,-0.237051,0.266783
0.875,0.391667,-0.132026,-0.266643,0.297539
0.875,0.408333,-0.140637,-0.29647,0.328136
0.875,0.425,-0.14793,-0.325927,0.357927
0.875,0.441667,-0.153659,-0.354403,0.386281
0.875,0.458333,-0.157654,-0.38132,0.412625
0.875,0.475,-0.159821,-0.406163,0.436476
0.875,0.491667,-0.160155,-0.428508,0.457459
0.875,0.508333,-0.158722,-0.448033,0.475317
0.875,0.525,-0.155648,-0.464522,0.489905
0.875,0.541667,-0.151106,-0.477859,0.501181
0.875,0.558333,-0.14529,-0.488013,0.509182
0.875,0.575,-0.138401,-0.495026,0.514009
0.875,0.591667,-0.130632,-0.49899,0.515806
0.875,0.608333,-0.122156,-0.500035,0.51474
0.875,0.625,-0.113118,-0.498313,0.510991
0.875,0.641667,-0.103627,-0.493985,0.504737
0.875,0.658333,-0.0937565,-0.487211,0.49615
0.875,0.675,-0.0835358,-0.47815,0.485392
0.875,0.691667,-0.0729522,-0.466949,0.472613
0.875,0.708333,-0.0619467,-0.453744,0.457953
0.875,0.725,-0.0504095,-0.43866,0.441547
0.875,0.741667,-0.0381739,-0.421811,0.423535
0.875,0.758333,-0.0250063,-0.403296,0.404071
0.875,0.775,-0.0105918,-0.3832,0.383346
0.875,0.791667,0.00548683,-0.361588,0.36163
0.875,0.808333,0.0237771,-0.338504,0.339338
0.875,0.825,0.0449955,-0.313958,0.317166
0.875,0.841667,0.0700761,-0.287928,0.296333
0.875,0.858333,0.100231,-0.26035,0.278977
0.875,0.875,0.137019,-0.231133,0.268694
0.875,0.891667,0.182421,-0.200184,0.270834
0.875,0.908333,0.238912,-0.167476,0.291766
0.875,0.925,0.309548,-0.133176,0.33698
0.875,0.941667,0.398132,-0.0978566,0.409982
0.875,0.958333,0.509797,-0.0628729,0.513659
0.875,0.975,0.653134,-0.0310311,0.653871
0.875,0.991667,0.847912,-0.00818258,0.847952
0.891667,0.00833333,0.00249367,0.000215273,0.00250295
0.891667,0.025,0.00569728,0.000858372,0.00576158
0.891667,0.0416667,0.00738869,0.00175846,0.00759506
0.891667,0.0583333,0.00780048,0.00261511,0.00822716
0.891667,0.075,0.00714122,0.00318857,0.00782075
0.891667,0.0916667,0.00559885,0.00328107,0.00648941
0.891667,0.108333,0.00333876,0.00272393,0.00430895
0.891667,0.125,0.000500231,0.00136863,0.00145718
0.891667,0.141667,-0.00280752,-0.000919943,0.0029544
0.891667,0.158333,-0.00650853,-0.00426925,0.00778379
0.891667,0.175,-0.0105618,-0.00880431,0.0137502
0.891667,0.191667,-0.0149603,-0.0146523,0.0209404
0.891667,0.208333,-0.0197272,-0.0219457,0.0295089
0.891667,0.225,-0.0249084,-0.0308239,0.0396301
0.891667,0.241667,-0.0305617,-0.041431,0.0514835
0.891667,0.258333,-0.0367437,-0.0539111,0.0652419
0.891667,0.275,-0.0434964,-0.0683986,0.0810574
0.891667,0.291667,-0.0508338,-0.085006,0.099046
0.891667,0.308333,-0.0587316,-0.103808,0.119271
0.891667,0.325,-0.0671195,-0.124827,0.141727
0.891667,0.341667,-0.0758784,-0.148011,0.166327
0.891667,0.358333,-0.0848418,-0.173228,0.192889
0.891667,0.375,-0.0938013,-0.200251,0.221132
0.891667,0.391667,-0.102518,-0.228759,0.25068
0.891667,0.408333,-0.110735,-0.258341,0.281074
0.891667,0.425,-0.1182,-0.288515,0.311789
0.891667,0.441667,-0.124679,-0.318749,0.342266
0.891667,0.458333,-0.129976,-0.348491,0.371941
0.891667,0.475,-0.133948,-0.377199,0.400277
0.891667,0.491667,-0.136512,-0.404371,0.426792
0.891667,0.508333,-0.137646,-0.429564,0.451078
0.891667,0.525,-0.137385,-0.452413,0.472813
0.891667,0.541667,-0.13581,-0.472636,0.491762
0.891667,0.558333,-0.133037,-0.490032,0.50777
0.891667,0.575,-0.129201,-0.504472,0.520754
0.891667,0.591667,-0.124446,-0.515893,0.530691
0.891667,0.608333,-0.118907,-0.524282,0.537597
0.891667,0.625,-0.112707,-0.529663,0.541522
0.891667,0.641667,-0.105944,-0.532086,0.54253
0.891667,0.658333,-0.0986839,-0.531615,0.540697
0.891667,0.675,-0.0909606,-0.528325,0.536098
0.891667,0.691667,-0.0827667,-0.522287,0.528804
0.891667,0.708333,-0.0740512,-0.513573,0.518884
0.891667,0.725,-0.0647139,-0.502247,0.506399
0.891667,0.741667,-0.0545986,-0.488367,0.49141
0.891667,0.758333,-0.0434838,-0.47198,0.473979
0.891667,0.775,-0.0310693,-0.453122,0.454186
0.891667,0.791667,-0.0169566,-0.431813,0.432145
0.891667,0.808333,-0.000622816,-0.408054,0.408055
0.891667,0.825,0.0186175,-0.381822,0.382276
0.891667,0.841667,0.0416626,-0.353061,0.355511
0.891667,0.858333,0.06969,-0.321685,0.329147
0.891667,0.875,0.104241,-0.287583,0.305893
0.891667,0.891667,0.147324,-0.250657,0.290746
0.891667,0.908333,0.20154,-0.210895,0.29171
0.891667,0.925,0.270255,-0.168531,0.318497
0.891667,0.941667,0.357907,-0.124332,0.378888
0.891667,0.958333,0.470811,-0.0801048,0.477577
0.891667,0.975,0.619766,-0.0395932,0.62103
0.891667,0.991667,0.829284,-0.0104457,0.82935
0.908333,0.00833333,0.00202705,0.000251307,0.00204257
0.908333,0.025,0.00474368,0.00102834,0.00485386
0.908333,0.0416667,0.00628709,0.00218336,0.00665542
0.908333,0.0583333,0.00681564,0.00341305,0.00762246
0.908333,0.075,0.00648737,0.00447819,0.0078829
0.908333,0.0916667,0.00545493,0.00518338,0.00752487
0.908333,0.108333,0.00385831,0.00536481,0.00660815
0.908333,0.125,0.0018184,0.0048823,0.00520993
0.908333,0.141667,-0.000568028,0.00361312,0.0036575
0.908333,0.158333,-0.00323188,0.00144621,0.0035407
0.908333,0.175,-0.00613357,-0.00172364,0.00637116
0.908333,0.191667,-0.0092628,-0.0060014,0.011037
0.908333,0.208333,-0.0126359,-0.0114968,0.0170834
0.908333,0.225,-0.0162904,-0.018328,0.0245213
0.908333,0.241667,-0.0202778,-0.0266229,0.0334659
0.908333,0.258333,-0.0246532,-0.0365172,0.0440601
0.908333,0.275,-0.0294663,-0.0481504,0.056451
0.908333,0.291667,-0.0347503,-0.0616567,0.0707752
0.908333,0.308333,-0.0405148,-0.0771547,0.0871453
0.908333,0.325,-0.0467387,-0.0947342,0.105637
0.908333,0.341667,-0.0533671,-0.114442,0.126274
0.908333,0.358333,-0.0603101,-0.136268,0.149018
0.908333,0.375,-0.0674445,-0.160133,0.173757
0.908333,0.391667,-0.0746181,-0.185882,0.2003
0.908333,0.408333,-0.0816573,-0.213278,0.228375
0.908333,0.425,-0.0883769,-0.242005,0.257637
0.908333,0.441667,-0.094592,-0.271681,0.287677
0.908333,0.458333,-0.100131,-0.301871,0.318044
0.908333,0.475,-0.104848,-0.332108,0.348265
0.908333,0.491667,-0.108632,-0.361917,0.377868
0.908333,0.508333,-0.111412,-0.390838,0.406407
0.908333,0.525,-0.113163,-0.418445,0.433476
0.908333,0.541667,-0.113895,-0.444358,0.458723
0.908333,0.558333,-0.113658,-0.468256,0.481853
0.908333,0.575,-0.112522,-0.489874,0.502631
0.908333,0.591667,-0.110574,-0.509004,0.520876
0.908333,0.608333,-0.107908,-0.525486,0.536451
0.908333,0.625,-0.104611,-0.539201,0.549255
0.908333,0.641667,-0.100758,-0.55006,0.559212
0.908333,0.658333,-0.0964045,-0.557995,0.566262
0.908333,0.675,-0.0915763,-0.56295,0.57035
0.908333,0.691667,-0.0862674,-0.564871,0.571421
0.908333,0.708333,-0.0804319,-0.563704,0.569413
0.908333,0.725,-0.0739784,-0.559384,0.564255
0.908333,0.741667,-0.0667619,-0.551836,0.55586
0.908333,0.758333,-0.0585747,-0.54097,0.544131
0.908333,0.775,-0.049133,-0.526674,0.52896
0.908333,0.791667,-0.0380588,-0.508817,0.510238
0.908333,0.808333,-0.0248535,-0.487243,0.487876
0.908333,0.825,-0.00886031,-0.461767,0.461852
0.908333,0.841667,0.0107897,-0.432177,0.432311
0.908333,0.858333,0.0352525,-0.398243,0.3998
0.908333,0.875,0.0660743,-0.35974,0.365758
0.908333,0.891667,0.10533,-0.316507,0.333573
0.908333,0.908333,0.155813,-0.268549,0.310477
0.908333,0.925,0.221306,-0.216238,0.309411
0.908333,0.941667,0.307072,-0.160653,0.346559
0.908333,0.958333,0.42097,-0.104204,0.433675
0.908333,0.975,0.576727,-0.0518356,0.579052
0.908333,0.991667,0.805089,-0.013749,0.805206
0.925,0.00833333,0.00150836,0.000267332,0.00153187
0.925,0.025,0.00364247,0.00111011,0.00380787
0.925,0.0416667,0.00493715,0.00240615,0.00549227
0.925,0.0583333,0.00547504,0.00386691,0.00670291
0.925,0.075,0.00536473,0.00526492,0.00751663
0.925,0.0916667,0.00472334,0.00641387,0.00796541
0.925,0.108333,0.00366328,0.00715897,0.0080418
0.925,0.125,0.00228364,0.00737118,0.00771682
0.925,0.141667,0.000664805,0.0069422,0.00697396
0.925,0.158333,-0.00113476,0.00577908,0.00588943
0.925,0.175,-0.00308007,0.00379822,0.00489012
0.925,0.191667,-0.00515953,0.000919126,0.00524076
0.925,0.208333,-0.00738309,-0.00294157,0.0079475
0.925,0.225,-0.00977853,-0.00787511,0.0125554
0.925,0.241667,-0.0123861,-0.0139839,0.0186806
0.925,0.258333,-0.0152519,-0.0213826,0.0262648
0.925,0.275,-0.0184208,-0.0301963,0.0353715
0.925,0.291667,-0.0219296,-0.0405562,0.0461055
0.925,0.308333,-0.0258012,-0.0525925,0.0585804
0.925,0.325,-0.0300399,-0.0664253,0.0729021
0.925,0.341667,-0.034629,-0.0821545,0.0891545
0.925,0.358333,-0.0395288,-0.0998479,0.107388
0.925,0.375,-0.0446772,-0.119531,0.127608
0.925,0.391667,-0.0499908,-0.141177,0.149766
0.925,0.408333,-0.0553678,-0.164698,0.173756
0.925,0.425,-0.0606929,-0.189944,0.199405
0.925,0.441667,-0.0658432,-0.216701,0.226483
0.925,0.458333,-0.0706959,-0.244695,0.254703
0.925,0.475,-0.0751364,-0.273605,0.283734
0.925,0.491667,-0.0790656,-0.303074,0.313217
0.925,0.508333,-0.0824068,-0.332724,0.342777
0.925,0.525,-0.0851093,-0.362176,0.372041
0.925,0.541667,-0.0871503,-0.391061,0.400654
0.925,0.558333,-0.0885331,-0.419032,0.428283
0.925,0.575,-0.0892839,-0.445776,0.45463
0.925,0.591667,-0.0894461,-0.471012,0.47943
0.925,0.608333,-0.0890732,-0.494493,0.502451
0.925,0.625,-0.088222,-0.516002,0.523489
0.925,0.641667,-0.0869451,-0.535345,0.54236
0.925,0.658333,-0.0852836,-0.552344,0.55889
0.925,0.675,-0.0832604,-0.566827,0.572909
0.925,0.691667,-0.0808733,-0.578615,0.58424
0.925,0.708333,-0.0780881,-0.587521,0.592687
0.925,0.725,-0.0748319,-0.593331,0.598031
0.925,0.741667,-0.0709844,-0.595803,0.600016
0.925,0.758333,-0.0663683,-0.594653,0.598346
0.925,0.775,-0.0607359,-0.589553,0.592673
0.925,0.791667,-0.0537515,-0.580114,0.582599
0.925,0.808333,-0.0449646,-0.565885,0.567668
0.925,0.825,-0.0337704,-0.54634,0.547383
0.925,0.841667,-0.0193496,-0.520881,0.52124
0.925,0.858333,-0.000578697,-0.488844,0.488845
0.925,0.875,0.0241039,-0.449545,0.450191
0.925,0.891667,0.056891,-0.40237,0.406372
0.925,0.908333,0.100887,-0.346963,0.361332
0.925,0.925,0.160525,-0.283568,0.325851
0.925,0.941667,0.242279,-0.213578,0.322978
0.925,0.958333,0.356133,-0.140397,0.382808
0.925,0.975,0.519685,-0.070888,0.524498
0.925,0.991667,0.772248,-0.0190919,0.772484
0.941667,0.00833333,0.000983498,0.000257485,0.00101665
0.941667,0.025,0.00249967,0.00108228,0.00272391
0.941667,0.0416667,0.00348122,0.00238487,0.00421977
0.941667,0.0583333,0.00394343,0.00391156,0.00555436
0.941667,0.075,0.0039526,0.0054572,0.00673825
0.941667,0.0916667,0.003593,0.00685063,0.00773568
0.941667,0.108333,0.00294876,0.0079503,0.00847953
0.941667,0.125,0.00209462,0.00864156,0.0088918
0.941667,0.141667,0.00109139,0.0088329,0.00890007
0.941667,0.158333,-1.63387e-05,0.00845093,0.00845094
0.941667,0.175,-0.00120118,0.0074344,0.00753081
0.941667,0.191667,-0.00245271,0.00572772,0.00623077
0.941667,0.208333,-0.00377614,0.00327457,0.0049982
0.941667,0.225,-0.00518979,1.2359e-05,0.00518981
0.941667,0.241667,-0.00672163,-0.00413209,0.00789015
0.941667,0.258333,-0.00840488,-0.00924495,0.0124944
0.941667,0.275,-0.0102735,-0.0154257,0.0185336
0.941667,0.291667,-0.0123578,-0.022785,0.0259205
0.941667,0.308333,-0.0146808,-0.031441,0.0346996
0.941667,0.325,-0.0172552,-0.0415134,0.0449567
0.941667,0.341667,-0.0200818,-0.0531162,0.0567856
0.941667,0.358333,-0.0231486,-0.0663502,0.0702724
0.941667,0.375,-0.02643,-0.0812947,0.0854832
0.941667,0.391667,-0.0298878,-0.0979993,0.102456
0.941667,0.408333,-0.0334716,-0.116477,0.121191
0.941667,0.425,-0.037121,-0.136699,0.14165
0.941667,0.441667,-0.0407678,-0.15859,0.163746
0.941667,0.458333,-0.0443399,-0.182027,0.187349
0.941667,0.475,-0.0477653,-0.206844,0.212287
0.941667,0.491667,-0.0509771,-0.232835,0.23835
0.941667,0.508333,-0.0539173,-0.259763,0.265299
0.941667,0.525,-0.0565414,-0.287368,0.292878
0.941667,0.541667,-0.0588201,-0.315381,0.32082
0.941667,0.558333,-0.060741,-0.343532,0.34886
0.941667,0.575,-0.0623077,-0.371556,0.376744
0.941667,0.591667,-0.0635381,-0.399204,0.404229
0.941667,0.608333,-0.0644607,-0.426244,0.431091
0.941667,0.625,-0.0651111,-0.452459,0.45712
0.941667,0.641667,-0.0655267,-0.477644,0.482118
0.941667,0.658333,-0.0657417,-0.501606,0.505895
0.941667,0.675,-0.0657815,-0.524144,0.528256
0.941667,0.691667,-0.0656572,-0.545051,0.548991
0.941667,0.708333,-0.0653593,-0.56409,0.567864
0.941667,0.725,-0.0648513,-0.58099,0.584598
0.941667,0.741667,-0.064062,-0.595421,0.598858
0.941667,0.758333,-0.0628767,-0.606985,0.610233
0.941667,0.775,-0.0611254,-0.615187,0.618217
0.941667,0.791667,-0.0585666,-0.619422,0.622184
0.941667,0.808333,-0.0548631,-0.618938,0.621365
0.941667,0.825,-0.0495424,-0.612813,0.614812
0.941667,0.841667,-0.041933,-0.599917,0.601381
0.941667,0.858333,-0.031059,-0.57889,0.579722
0.941667,0.875,-0.0154693,-0.548135,0.548354
0.941667,0.891667,0.00703499,-0.505882,0.505931
0.941667,0.908333,0.0398289,-0.450376,0.452134
0.941667,0.925,0.0881512,-0.380339,0.390421
0.941667,0.941667,0.160268,-0.295944,0.336554
0.941667,0.958333,0.269694,-0.200675,0.336163
0.941667,0.975,0.440418,-0.104479,0.452641
0.941667,0.991667,0.724198,-0.0289583,0.724777
0.958333,0.00833333,0.000512056,0.000213912,0.000554941
0.958333,0.025,0.00144064,0.000919504,0.00170907
0.958333,0.0416667,0.00208297,0.0020741,0.0029395
0.958333,0.0583333,0.00241066,0.00347834,0.00423203
0.958333,0.075,0.00246013,0.00495786,0.00553467
0.958333,0.0916667,0.00228693,0.00636288,0.00676139
0.958333,0.108333,0.00194697,0.00757097,0.00781731
0.958333,0.125,0.00148926,0.00848677,0.00861644
0.958333,0.141667,0.000953188,0.00903892,0.00908904
0.958333,0.158333,0.00036753,0.00917514,0.0091825
0.958333,0.175,-0.000249833,0.00885637,0.0088599
0.958333,0.191667,-0.000891574,0.00805049,0.00809971
0.958333,0.208333,-0.00156001,0.0067263,0.00690484
0.958333,0.225,-0.00226558,0.00484811,0.00535136
0.958333,0.241667,-0.00302478,0.00237143,0.00384356
0.958333,0.258333,-0.00385766,-0.000759843,0.00393178
0.958333,0.275,-0.00478532,-0.00461459,0.00664784
0.958333,0.291667,-0.00582739,-0.00927393,0.0109528
0.958333,0.308333,-0.00700008,-0.0148291,0.0163982
0.958333,0.325,-0.00831469,-0.0213779,0.022938
0.958333,0.341667,-0.00977666,-0.0290208,0.0306234
0.958333,0.358333,-0.0113852,-0.0378554,0.0395304
0.958333,0.375,-0.0131329,-0.0479715,0.0497367
0.958333,0.391667,-0.015006,-0.0594458,0.0613106
0.958333,0.408333,-0.0169848,-0.0723366,0.0743039
0.958333,0.425,-0.0190435,-0.0866792,0.0887465
0.958333,0.441667,-0.0211518,-0.102482,0.104642
0.958333,0.458333,-0.0232758,-0.119725,0.121967
0.958333,0.475,-0.0253802,-0.138357,0.140666
0.958333,0.491667,-0.02743,-0.158298,0.160657
0.958333,0.508333,-0.029393,-0.179442,0.181834
0.958333,0.525,-0.0312422,-0.20166,0.204066
0.958333,0.541667,-0.0329577,-0.224808,0.227211
0.958333,0.558333,-0.034528,-0.248733,0.251118
0.958333,0.575,-0.0359507,-0.273279,0.275634
0.958333,0.591667,-0.0372325,-0.298293,0.300608
0.958333,0.608333,-0.0383883,-0.323632,0.3259
0.958333,0.625,-0.0394398,-0.349161,0.351381
0.958333,0.641667,-0.0404135,-0.37476,0.376932
0.958333,0.658333,-0.0413381,-0.400315,0.402444
0.958333,0.675,-0.0422415,-0.42572,0.427811
0.958333,0.691667,-0.0431481,-0.450863,0.452923
0.958333,0.708333,-0.0440746,-0.475617,0.477655
0.958333,0.725,-0.0450266,-0.499827,0.501851
0.958333,0.741667,-0.0459942,-0.523288,0.525306
0.958333,0.758333,-0.0469465,-0.545723,0.547739
0.958333,0.775,-0.0478253,-0.566751,0.568765
0.958333,0.791667,-0.0485356,-0.585847,0.587855
0.958333,0.808333,-0.0489304,-0.602295,0.60428
0.958333,0.825,-0.0487827,-0.615113,0.617045
0.958333,0.841667,-0.0477325,-0.622969,0.624795
0.958333,0.858333,-0.0451877,-0.624069,0.625702
0.958333,0.875,-0.0401416,-0.616022,0.617329
0.958333,0.891667,-0.0308512,-0.595717,0.596515
0.958333,0.908333,-0.014275,-0.559233,0.559416
0.958333,0.925,0.0149189,-0.501934,0.502156
0.958333,0.941667,0.0662236,-0.419052,0.424253
0.958333,0.958333,0.157218,-0.307801,0.345628
0.958333,0.975,0.322971,-0.174074,0.366895
0.958333,0.991667,0.643645,-0.0515945,0.64571
0.975,0.00833333,0.000167902,0.000130196,0.000212467
0.975,0.025,0.000605331,0.000603972,0.000855107
0.975,0.0416667,0.000925885,0.00144167,0.00171338
0.975,0.0583333,0.00109543,0.00250964,0.0027383
0.975,0.075,0.00113307,0.00367231,0.00384314
0.975,0.0916667,0.00106897,0.00481222,0.00492952
0.975,0.108333,0.000931959,0.00583703,0.00591096
0.975,0.125,0.000746279,0.00667914,0.00672071
0.975,0.141667,0.000530882,0.00729219,0.00731149
0.975,0.158333,0.000299402,0.00764632,0.00765218
0.975,0.175,6.0296e-05,0.00772301,0.00772325
0.975,0.191667,-0.000182876,0.00750999,0.00751222
0.975,0.208333,-0.000430962,0.00699637,0.00700963
0.975,0.225,-0.000688508,0.00616837,0.00620668
0.975,0.241667,-0.000962824,0.00500596,0.00509771
0.975,0.258333,-0.00126291,0.00348046,0.00370251
0.975,0.275,-0.00159833,0.0015534,0.00222884
0.975,0.291667,-0.0019782,-0.000823496,0.00214276
0.975,0.308333,-0.00241038,-0.0037073,0.00442199
0.975,0.325,-0.00290085,-0.00716201,0.00772718
0.975,0.341667,-0.00345345,-0.0112562,0.0117741
0.975,0.358333,-0.0040697,-0.0160603,0.0165679
0.975,0.375,-0.00474878,-0.0216437,0.0221586
0.975,0.391667,-0.00548755,-0.028072,0.0286033
0.975,0.408333,-0.00628058,-0.0354039,0.0359567
0.975,0.425,-0.00712026,-0.0436887,0.0442651
0.975,0.441667,-0.00799696,-0.0529635,0.0535639
0.975,0.458333,-0.0088994,-0.0632518,0.0638748
0.975,0.475,-0.00981518,-0.0745612,0.0752045
0.975,0.491667,-0.0107315,-0.0868837,0.0875439
0.975,0.508333,-0.011636,-0.100195,0.100869
0.975,0.525,-0.0125177,-0.114459,0.115141
0.975,0.541667,-0.0133679,-0.129625,0.130312
0.975,0.558333,-0.014181,-0.145637,0.146326
0.975,0.575,-0.014955,-0.162434,0.163121
0.975,0.591667,-0.015692,-0.179956,0.180639
0.975,0.608333,-0.0163982,-0.198148,0.198826
0.975,0.625,-0.0170839,-0.216965,0.217636
0.975,0.641667,-0.0177629,-0.236373,0.237039
0.975,0.658333,-0.0184524,-0.256353,0.257016
0.975,0.675,-0.0191716,-0.276904,0.277567
0.975,0.691667,-0.0199413,-0.298038,0.298704
0.975,0.708333,-0.020783,-0.319782,0.320457
0.975,0.725,-0.0217178,-0.342172,0.342861
0.975,0.741667,-0.0227661,-0.365248,0.365957
0.975,0.758333,-0.0239471,-0.389041,0.389778
0.975,0.775,-0.0252794,-0.413559,0.414331
0.975,0.791667,-0.0267828,-0.438761,0.439578
0.975,0.808333,-0.028479,-0.464517,0.46539
0.975,0.825,-0.0303894,-0.490544,0.491485
0.975,0.841667,-0.0325187,-0.516295,0.517319
0.975,0.858333,-0.0348044,-0.540794,0.541912
0.975,0.875,-0.036992,-0.562373,0.563589
0.975,0.891667,-0.0383707,-0.578309,0.579581
0.975,0.908333,-0.0372549,-0.584293,0.58548
0.975,0.925,-0.0299918,-0.573702,0.574486
0.975,0.941667,-0.0089113,-0.536539,0.536613
0.975,0.958333,0.0426436,-0.458081,0.460062
0.975,0.975,0.164945,-0.319208,0.359306
0.975,0.991667,0.476017,-0.116034,0.489955
0.991667,0.00833333,1.88417e-05,1.88302e-05,2.66381e-05
0.991667,0.025,0.000130864,0.000168513,0.000213359
0.991667,0.0416667,0.000215873,0.000515226,0.000558623
0.991667,0.0583333,0.000260779,0.000991855,0.00102556
0.991667,0.075,0.000272114,0.00152472,0.00154882
0.991667,0.0916667,0.000258925,0.00205574,0.00207198
0.991667,0.108333,0.000229112,0.00254376,0.00255405
0.991667,0.125,0.000188931,0.00296178,0.0029678
0.991667,0.141667,0.000143103,0.00329379,0.0032969
0.991667,0.158333,9.4956e-05,0.00353183,0.00353311
0.991667,0.175,4.65276e-05,0.0036733,0.00367359
0.991667,0.191667,-1.32561e-06,0.00371848,0.00371848
0.991667,0.208333,-4.87977e-05,0.00366834,0.00366867
0.991667,0.225,-9.69563e-05,0.00352257,0.00352391
0.991667,0.241667,-0.000147521,0.00327808,0.0032814
0.991667,0.258333,-0.000202611,0.00292793,0.00293494
0.991667,0.275,-0.00026449,0.00246082,0.00247499
0.991667,0.291667,-0.000335336,0.00186098,0.00189095
0.991667,0.308333,-0.000417063,0.00110857,0.00118443
0.991667,0.325,-0.000511205,0.000180297,0.000542068
0.991667,0.341667,-0.000618859,-0.000949775,0.0011336
0.991667,0.358333,-0.000740675,-0.00230932,0.00242519
0.991667,0.375,-0.000876856,-0.00392685,0.00402356
0.991667,0.391667,-0.00102717,-0.00583088,0.00592066
0.991667,0.408333,-0.00119095,-0.00804901,0.00813664
0.991667,0.425,-0.00136709,-0.0106071,0.0106948
0.991667,0.441667,-0.00155407,-0.0135282,0.0136172
0.991667,0.458333,-0.00174998,-0.0168323,0.016923
0.991667,0.475,-0.0019526,-0.0205348,0.0206275
0.991667,0.491667,-0.00215953,-0.024647,0.0247414
0.991667,0.508333,-0.00236834,-0.0291748,0.0292708
0.991667,0.525,-0.00257679,-0.03412,0.0342171
0.991667,0.541667,-0.00278297,-0.0394797,0.0395777
0.991667,0.558333,-0.00298556,-0.0452483,0.0453467
0.991667,0.575,-0.00318396,-0.0514178,0.0515163
0.991667,0.591667,-0.00337849,-0.0579802,0.0580786
0.991667,0.608333,-0.00357045,-0.0649292,0.0650273
0.991667,0.625,-0.00376223,-0.0722619,0.0723597
0.991667,0.641667,-0.00395728,-0.0799814,0.0800792
0.991667,0.658333,-0.00416018,-0.0880989,0.088197
0.991667,0.675,-0.00437652,-0.0966356,0.0967346
0.991667,0.691667,-0.00461295,-0.105625,0.105726
0.991667,0.708333,-0.00487715,-0.115115,0.115218
0.991667,0.725,-0.00517801,-0.12517,0.125277
0.991667,0.741667,-0.005526,-0.135874,0.135987
0.991667,0.758333,-0.00593419,-0.147335,0.147454
0.991667,0.775,-0.00642027,-0.159689,0.159818
0.991667,0.791667,-0.00701,-0.173119,0.173261
0.991667,0.808333,-0.00774274,-0.187872,0.188032
0.991667,0.825,-0.00867808,-0.204293,0.204477
0.991667,0.841667,-0.00990042,-0.222872,0.223091
0.991667,0.858333,-0.0115121,-0.244284,0.244555
0.991667,0.875,-0.0135963,-0.269393,0.269736
0.991667,0.891667,-0.0161172,-0.299106,0.29954
0.991667,0.908333,-0.0187035,-0.333927,0.33445
0.991667,0.925,-0.0202154,-0.372846,0.373394
0.991667,0.941667,-0.017818,-0.41088,0.411266
0.991667,0.958333,-0.00454462,-0.433242,0.433266
0.991667,0.975,0.038902,-0.398885,0.400777
0.991667,0.991667,0.179991,-0.179991,0.254546
