# vtk DataFile Version 2.0
u_velocity
ASCII
DATASET RECTILINEAR_GRID
DIMENSIONS 152 151 1
X_COORDINATES 152 double
0 0.00575827 0.0172186 0.0285671 0.039805 0.0509337 0.0619545 0.0728685 0.083677 0.0943812 0.104982 0.115482 0.125881 0.13618 0.146381 0.156485 0.166493 0.176406 0.186225 0.195952 0.205587 0.215132 0.224588 0.233955 0.243235 0.252429 0.261538 0.270563 0.279505 0.288365 0.297144 0.305844 0.314464 0.323006 0.331471 0.33986 0.348174 0.356414 0.36458 0.372674 0.380697 0.38865 0.396533 0.404347 0.412093 0.419773 0.427386 0.434935 0.442419 0.449839 0.457197 0.464494 0.471729 0.478904 0.48602 0.493077 0.500077 0.50702 0.513907 0.520738 0.527515 0.534239 0.540909 0.547527 0.554093 0.560609 0.567075 0.573491 0.579859 0.58618 0.592453 0.598679 0.60486 0.610997 0.617088 0.623137 0.629142 0.635105 0.641027 0.646908 0.652749 0.65855 0.664312 0.670036 0.675723 0.681372 0.686986 0.692564 0.698106 0.703615 0.70909 0.714531 0.719941 0.725318 0.730664 0.735979 0.741265 0.746521 0.751748 0.756947 0.762118 0.767262 0.77238 0.777471 0.782538 0.787579 0.792597 0.797591 0.802562 0.80751 0.812437 0.817342 0.822226 0.827091 0.831935 0.83676 0.841567 0.846356 0.851127 0.855882 0.86062 0.865342 0.870049 0.874741 0.879418 0.884082 0.888733 0.893371 0.897997 0.902612 0.907215 0.911808 0.916391 0.920964 0.925528 0.930084 0.934632 0.939172 0.943706 0.948233 0.952754 0.95727 0.961781 0.966287 0.97079 0.97529 0.979786 0.984281 0.988773 0.993264 0.997755 1 
Y_COORDINATES 151 double
0 0.0115165 0.0229206 0.0342135 0.0453965 0.0564709 0.067438 0.0782989 0.089055 0.0997074 0.110257 0.120706 0.131055 0.141305 0.151457 0.161513 0.171473 0.181339 0.191111 0.200792 0.210382 0.219882 0.229293 0.238617 0.247854 0.257005 0.266072 0.275055 0.283956 0.292775 0.301514 0.310173 0.318754 0.327258 0.335684 0.344036 0.352312 0.360515 0.368645 0.376704 0.384691 0.392608 0.400457 0.408237 0.41595 0.423596 0.431177 0.438693 0.446145 0.453534 0.460861 0.468126 0.475331 0.482477 0.489563 0.496592 0.503563 0.510477 0.517336 0.52414 0.53089 0.537587 0.544231 0.550823 0.557364 0.563854 0.570295 0.576687 0.583031 0.589328 0.595578 0.601781 0.60794 0.614053 0.620123 0.62615 0.632134 0.638076 0.643978 0.649838 0.655659 0.66144 0.667184 0.672889 0.678557 0.684188 0.689784 0.695344 0.700869 0.706361 0.711819 0.717244 0.722637 0.727999 0.733329 0.738629 0.7439 0.749141 0.754354 0.759539 0.764697 0.769827 0.774932 0.780011 0.785065 0.790094 0.7951 0.800082 0.805042 0.809979 0.814895 0.819789 0.824663 0.829518 0.834352 0.839168 0.843966 0.848746 0.853509 0.858255 0.862985 0.867699 0.872398 0.877083 0.881754 0.886411 0.891055 0.895687 0.900307 0.904916 0.909514 0.914102 0.91868 0.923248 0.927808 0.93236 0.936904 0.941441 0.945971 0.950495 0.955013 0.959527 0.964035 0.96854 0.973041 0.977539 0.982034 0.986527 0.991019 0.99551 1 
Z_COORDINATES 1 double
0.0

CELL_DATA 22650
SCALARS u_velocity double 1
LOOKUP_TABLE default
0
3.79657e-06
0.000222784
0.000651858
0.00122024
0.00184495
0.00245207
0.00298717
0.00341938
0.00374039
0.00395987
0.00409915
0.00418475
0.0042427
0.00429424
0.00435319
0.00442487
0.00450659
0.00458928
0.00465968
0.00470268
0.00470298
0.00464608
0.00451838
0.00430683
0.00399849
0.00358012
0.00303817
0.00235902
0.00152939
0.000536882
-0.000629484
-0.00197869
-0.00351725
-0.00524876
-0.00717351
-0.00928821
-0.0115858
-0.0140555
-0.0166826
-0.0194491
-0.0223339
-0.0253127
-0.0283589
-0.0314436
-0.0345363
-0.0376051
-0.0406171
-0.0435391
-0.046338
-0.0489812
-0.0514373
-0.0536761
-0.0556694
-0.0573912
-0.0588181
-0.0599295
-0.060708
-0.0611395
-0.0612134
-0.0609228
-0.0602647
-0.0592397
-0.0578528
-0.0561125
-0.0540312
-0.0516254
-0.0489149
-0.0459229
-0.0426759
-0.0392032
-0.0355365
-0.0317097
-0.0277581
-0.0237184
-0.0196277
-0.0155233
-0.0114421
-0.00742007
-0.00349151
0.00031107
0.00395761
0.00742086
0.0106767
0.0137044
0.0164868
0.0190106
0.0212662
0.0232477
0.024953
0.0263833
0.0275434
0.0284408
0.0290859
0.0294914
0.0296719
0.0296437
0.0294244
0.0290323
0.0284863
0.0278054
0.0270084
0.0261137
0.0251389
0.0241011
0.0230158
0.0218976
0.02076
0.0196149
0.018473
0.0173437
0.0162349
0.0151534
0.014105
0.013094
0.012124
0.0111975
0.0103163
0.00948132
0.00869303
0.00795117
0.00725511
0.00660379
0.00599584
0.00542964
0.00490336
0.00441505
0.00396263
0.00354398
0.00315694
0.00279938
0.00246921
0.00216443
0.00188315
0.00162366
0.00138444
0.00116424
0.000962076
0.000777336
0.000609753
0.000459464
0.000326981
0.000213169
0.00011913
4.60415e-05
-5.15608e-06
-3.42123e-05
-4.22935e-05
-3.30454e-05
-1.42073e-05
0
0
0.000201499
0.000860293
0.00191563
0.00323098
0.0046467
0.00601666
0.00722974
0.00821897
0.00896055
0.00946622
0.00977176
0.00992451
0.00997187
0.00995218
0.00988868
0.00978687
0.00963513
0.00940778
0.00906957
0.00858025
0.00789817
0.00698251
0.00579405
0.00429522
0.00244996
0.000223942
-0.00241464
-0.0054938
-0.0090361
-0.0130571
-0.0175635
-0.0225522
-0.0280088
-0.0339076
-0.0402112
-0.0468709
-0.053828
-0.0610151
-0.0683578
-0.0757768
-0.0831906
-0.0905173
-0.097677
-0.104593
-0.111196
-0.117419
-0.123204
-0.128502
-0.133267
-0.137464
-0.141063
-0.144041
-0.146381
-0.148071
-0.149107
-0.149486
-0.149212
-0.148293
-0.146742
-0.144573
-0.141806
-0.138463
-0.134569
-0.130153
-0.125245
-0.11988
-0.114093
-0.107924
-0.101411
-0.0945974
-0.0875267
-0.0802436
-0.0727942
-0.0652247
-0.0575821
-0.0499131
-0.042264
-0.0346803
-0.0272062
-0.0198845
-0.012756
-0.00585893
0.00077075
0.00710023
0.0130999
0.0187434
0.0240083
0.0288756
0.0333304
0.0373616
0.040962
0.0441282
0.0468608
0.0491638
0.0510448
0.0525149
0.0535882
0.0542813
0.0546139
0.0546077
0.0542861
0.0536745
0.0527992
0.0516874
0.0503668
0.048865
0.0472097
0.0454276
0.0435445
0.0415852
0.0395727
0.0375285
0.0354723
0.0334218
0.0313925
0.0293983
0.0274506
0.0255592
0.0237321
0.0219753
0.0202935
0.0186898
0.0171661
0.0157231
0.0143605
0.0130774
0.0118718
0.0107415
0.00968376
0.00869543
0.00777328
0.00691395
0.00611413
0.00537063
0.00468053
0.00404124
0.0034506
0.00290698
0.00240933
0.00195719
0.00155069
0.00119046
0.000877511
0.000612957
0.000397676
0.000231806
0.000114116
4.12077e-05
6.63488e-06
0
0
0.000388975
0.00142591
0.00295496
0.00478086
0.00669727
0.00852057
0.0101127
0.0113902
0.0123219
0.0129186
0.0132195
0.0132762
0.0131392
0.0128459
0.0124138
0.0118365
0.0110852
0.0101132
0.00886134
0.00726463
0.00525661
0.00277252
-0.000248917
-0.00386438
-0.00812444
-0.0130715
-0.0187369
-0.0251379
-0.0322745
-0.040127
-0.0486543
-0.0577936
-0.0674615
-0.0775561
-0.0879617
-0.0985531
-0.109202
-0.11978
-0.130167
-0.140252
-0.149935
-0.159131
-0.167765
-0.17578
-0.183128
-0.189772
-0.195688
-0.200859
-0.205274
-0.20893
-0.21183
-0.213979
-0.215387
-0.216068
-0.216035
-0.215307
-0.213902
-0.21184
-0.209143
-0.205832
-0.201932
-0.197468
-0.192465
-0.186952
-0.180956
-0.174508
-0.167638
-0.160381
-0.15277
-0.14484
-0.136631
-0.128179
-0.119524
-0.110708
-0.101773
-0.0927592
-0.0837105
-0.0746692
-0.0656774
-0.0567766
-0.0480074
-0.0394089
-0.0310186
-0.0228722
-0.0150028
-0.00744129
-0.000215918
0.00664803
0.0131282
0.0192053
0.0248632
0.0300888
0.0348723
0.0392068
0.0430888
0.0465177
0.0494957
0.0520281
0.054123
0.0557912
0.0570461
0.0579035
0.0583816
0.0585007
0.0582832
0.0577529
0.0569353
0.0558569
0.0545451
0.0530277
0.0513327
0.0494877
0.04752
0.0454557
0.0433199
0.0411359
0.0389257
0.0367091
0.0345039
0.032326
0.0301889
0.0281043
0.0260817
0.0241289
0.0222516
0.0204541
0.0187392
0.0171083
0.0155619
0.0140994
0.0127194
0.0114202
0.0101993
0.00905422
0.00798246
0.00698149
0.00604907
0.00518331
0.00438281
0.00364671
0.00297477
0.00236735
0.00182536
0.00135019
0.000943558
0.000607354
0.000343421
0.000153392
3.85793e-05
0
0
0.000531044
0.00186901
0.00376067
0.00594393
0.0081682
0.0102235
0.0119596
0.0132903
0.0141866
0.0146623
0.0147573
0.0145199
0.0139918
0.0131959
0.0121293
0.0107609
0.00903462
0.00687533
0.00419705
0.000910214
-0.00307259
-0.00783245
-0.0134408
-0.0199555
-0.0274169
-0.0358421
-0.04522
-0.0555077
-0.066628
-0.0784706
-0.0908964
-0.103745
-0.116842
-0.130013
-0.143089
-0.155915
-0.168356
-0.180295
-0.19164
-0.202319
-0.212278
-0.221479
-0.2299
-0.237527
-0.244359
-0.250398
-0.255653
-0.260137
-0.263865
-0.266853
-0.269118
-0.270678
-0.271551
-0.271754
-0.271304
-0.270219
-0.268513
-0.266204
-0.263307
-0.259838
-0.255813
-0.251249
-0.246162
-0.240572
-0.234498
-0.22796
-0.22098
-0.213584
-0.205796
-0.197644
-0.189159
-0.180373
-0.171319
-0.162034
-0.152555
-0.142922
-0.133176
-0.123356
-0.113506
-0.103667
-0.093882
-0.0841908
-0.0746338
-0.0652494
-0.0560741
-0.0471422
-0.0384855
-0.0301331
-0.0221113
-0.0144435
-0.00714998
-0.00024826
0.00624713
0.0123244
0.0179745
0.0231908
0.0279693
0.032308
0.0362074
0.0396699
0.0427002
0.0453047
0.0474922
0.049273
0.0506599
0.0516672
0.0523114
0.0526106
0.0525848
0.0522557
0.0516461
0.0507803
0.0496833
0.048381
0.0468992
0.0452642
0.0435013
0.0416356
0.0396909
0.0376899
0.0356534
0.0336007
0.0315494
0.0295147
0.0275103
0.0255475
0.023636
0.0217835
0.0199961
0.0182784
0.0166335
0.0150635
0.0135694
0.0121515
0.0108096
0.00954284
0.00835051
0.00723179
0.00618606
0.00521313
0.0043133
0.00348758
0.00273777
0.00206661
0.00147789
0.000976624
0.000569172
0.000263542
6.96933e-05
0
0
0.000641553
0.00222064
0.00439101
0.00681686
0.00919989
0.0113074
0.0129857
0.0141563
0.014801
0.0149413
0.0146172
0.013868
0.0127164
0.011158
0.00915591
0.00664226
0.0035246
-0.000304168
-0.00495534
-0.0105353
-0.0171383
-0.0248402
-0.0336922
-0.0437131
-0.0548823
-0.0671337
-0.0803533
-0.0943827
-0.109028
-0.124072
-0.139292
-0.154474
-0.169423
-0.183969
-0.197977
-0.21134
-0.22398
-0.235844
-0.246901
-0.257137
-0.266547
-0.27514
-0.282929
-0.289932
-0.296168
-0.301659
-0.306428
-0.310494
-0.313878
-0.316599
-0.318674
-0.320121
-0.320953
-0.321184
-0.320826
-0.31989
-0.318387
-0.316325
-0.313713
-0.31056
-0.306873
-0.302661
-0.297933
-0.292698
-0.286967
-0.280751
-0.274063
-0.266919
-0.259336
-0.251333
-0.242932
-0.234158
-0.225039
-0.215605
-0.205889
-0.195928
-0.185759
-0.175423
-0.164963
-0.154422
-0.143846
-0.133278
-0.122764
-0.112348
-0.102072
-0.0919779
-0.0821025
-0.0724818
-0.063148
-0.05413
-0.045453
-0.0371388
-0.0292054
-0.0216676
-0.014537
-0.00782219
-0.00152908
0.00433871
0.00977965
0.014794
0.0193837
0.0235519
0.0273031
0.0306431
0.0335789
0.0361185
0.0382714
0.0400483
0.0414614
0.0425243
0.0432522
0.0436618
0.0437714
0.0436006
0.0431703
0.0425027
0.0416204
0.040547
0.0393061
0.0379214
0.0364162
0.0348129
0.0331332
0.0313973
0.0296243
0.0278314
0.0260342
0.0242465
0.0224804
0.0207461
0.0190525
0.0174064
0.0158138
0.0142789
0.0128053
0.0113956
0.0100517
0.00877528
0.00756794
0.00643131
0.00536746
0.00437915
0.0034701
0.0026453
0.00191133
0.00127679
0.000752661
0.000352858
9.4781e-05
0
0
0.000738233
0.00251926
0.00490111
0.0074689
0.00987523
0.0118693
0.0133023
0.0141127
0.0142994
0.013894
0.0129337
0.0114411
0.00940893
0.00679247
0.00350934
-0.000553108
-0.0055251
-0.0115397
-0.018719
-0.0271628
-0.036939
-0.0480742
-0.0605449
-0.0742693
-0.0891044
-0.104851
-0.121265
-0.138082
-0.155034
-0.171869
-0.188372
-0.204362
-0.219704
-0.234297
-0.248077
-0.261008
-0.273072
-0.284271
-0.294617
-0.304129
-0.312831
-0.320749
-0.327913
-0.334349
-0.340085
-0.345147
-0.349558
-0.353341
-0.356518
-0.359106
-0.361124
-0.362585
-0.363505
-0.363894
-0.363762
-0.363118
-0.361968
-0.360318
-0.358172
-0.355533
-0.352403
-0.348783
-0.344675
-0.340078
-0.334995
-0.329427
-0.323376
-0.316846
-0.309843
-0.302375
-0.294451
-0.286085
-0.277295
-0.2681
-0.258524
-0.248596
-0.238347
-0.227814
-0.217035
-0.206055
-0.194918
-0.183674
-0.172371
-0.161061
-0.149796
-0.138624
-0.127596
-0.116757
-0.106152
-0.09582
-0.0857973
-0.0761151
-0.0668003
-0.057875
-0.0493563
-0.0412573
-0.0335869
-0.0263502
-0.0195494
-0.0131837
-0.00725047
-0.00174516
0.00333793
0.00800545
0.0122647
0.0161235
0.0195902
0.0226732
0.0253817
0.0277255
0.0297149
0.0313613
0.0326769
0.0336754
0.0343714
0.034781
0.0349215
0.0348113
0.0344699
0.0339177
0.0331757
0.0322651
0.0312074
0.0300236
0.0287343
0.0273594
0.0259176
0.0244266
0.0229026
0.0213604
0.0198132
0.0182726
0.0167491
0.0152514
0.0137872
0.0123629
0.0109841
0.00965598
0.00838296
0.0071696
0.00602065
0.00494146
0.00393837
0.00301912
0.0021933
0.00147286
0.000872698
0.000411227
0.00011111
0
0
0.000831642
0.00278633
0.005316
0.00792284
0.0102138
0.0119287
0.0129341
0.0131931
0.0127254
0.01157
0.00975449
0.00727369
0.00407784
7.10113e-05
-0.00488051
-0.0109317
-0.018238
-0.0269353
-0.037122
-0.0488464
-0.0620951
-0.0767841
-0.092755
-0.109779
-0.127575
-0.145829
-0.164229
-0.182487
-0.200356
-0.21764
-0.234191
-0.249912
-0.264739
-0.278644
-0.291617
-0.303669
-0.314819
-0.325094
-0.334527
-0.343151
-0.351002
-0.358115
-0.364526
-0.370266
-0.375369
-0.379865
-0.383783
-0.387148
-0.389987
-0.39232
-0.394168
-0.395549
-0.396479
-0.39697
-0.397032
-0.396675
-0.395903
-0.394721
-0.39313
-0.391129
-0.388716
-0.385885
-0.382632
-0.378947
-0.374823
-0.370251
-0.365222
-0.359726
-0.353756
-0.347304
-0.340365
-0.332937
-0.32502
-0.31662
-0.307744
-0.298406
-0.288625
-0.278425
-0.267835
-0.256891
-0.245633
-0.234108
-0.222365
-0.210459
-0.198447
-0.186389
-0.174344
-0.162373
-0.150536
-0.138887
-0.127481
-0.116366
-0.105585
-0.0951769
-0.0851722
-0.0755966
-0.0664692
-0.0578032
-0.0496061
-0.0418808
-0.0346257
-0.0278359
-0.0215038
-0.0156196
-0.0101725
-0.00515052
-0.000541763
0.00366586
0.00748415
0.0109246
0.0139985
0.0167168
0.0190905
0.0211308
0.0228494
0.0242583
0.0253706
0.0262002
0.026762
0.0270718
0.0271466
0.027004
0.0266626
0.0261411
0.0254589
0.0246352
0.0236891
0.022639
0.0215028
0.0202975
0.0190392
0.0177425
0.0164211
0.0150874
0.0137526
0.0124269
0.0111193
0.00983852
0.00859232
0.0073885
0.00623488
0.00513979
0.00411242
0.0031633
0.00230478
0.00155153
0.000921143
0.000434733
0.000117607
0
0
0.000924261
0.00302257
0.00562716
0.00815679
0.0101822
0.0114475
0.0118462
0.0113716
0.0100627
0.00795878
0.00506561
0.00133703
-0.00333017
-0.00908735
-0.0161132
-0.0245858
-0.0346533
-0.0464095
-0.059875
-0.074986
-0.0915887
-0.109443
-0.12824
-0.147625
-0.167238
-0.186743
-0.205852
-0.224336
-0.242025
-0.258807
-0.274612
-0.289406
-0.303182
-0.315951
-0.327736
-0.33857
-0.348491
-0.357542
-0.365767
-0.37321
-0.379917
-0.385933
-0.391301
-0.396062
-0.400258
-0.403926
-0.407101
-0.409816
-0.412101
-0.413982
-0.415485
-0.416629
-0.417434
-0.417914
-0.418081
-0.417944
-0.41751
-0.416782
-0.41576
-0.414441
-0.41282
-0.410889
-0.408636
-0.406049
-0.403112
-0.399807
-0.396115
-0.392015
-0.387486
-0.382506
-0.377055
-0.371112
-0.36466
-0.357682
-0.350167
-0.342109
-0.333505
-0.324359
-0.314682
-0.304491
-0.293814
-0.282681
-0.271136
-0.259225
-0.247003
-0.234532
-0.221877
-0.209109
-0.196298
-0.183519
-0.170843
-0.158339
-0.146075
-0.134112
-0.122504
-0.111299
-0.100537
-0.0902511
-0.0804638
-0.0711914
-0.0624425
-0.0542189
-0.0465167
-0.0393272
-0.0326381
-0.0264342
-0.0206986
-0.0154137
-0.0105613
-0.00612373
-0.00208411
0.00157369
0.00486476
0.00780331
0.0104028
0.012676
0.0146357
0.0162943
0.0176647
0.01876
0.0195942
0.0201816
0.0205375
0.0206779
0.0206192
0.0203786
0.0199733
0.0194208
0.0187387
0.017944
0.0170535
0.0160833
0.0150488
0.0139645
0.0128441
0.0117006
0.010546
0.00939181
0.00824897
0.00712824
0.00604043
0.00499666
0.0040088
0.00308982
0.00225421
0.00151844
0.000901431
0.000425078
0.000114773
0
0
0.00101228
0.00321177
0.00579958
0.00811678
0.00971389
0.0103562
0.00997455
0.00859437
0.00626727
0.00301963
-0.00117911
-0.00642816
-0.012888
-0.0207564
-0.0302323
-0.0414764
-0.0545768
-0.0695249
-0.0862039
-0.104389
-0.123763
-0.143943
-0.164521
-0.185103
-0.205345
-0.224965
-0.243754
-0.261569
-0.278317
-0.293952
-0.308457
-0.321839
-0.334122
-0.345342
-0.355544
-0.364777
-0.373098
-0.380562
-0.387229
-0.393157
-0.398404
-0.403026
-0.407076
-0.410606
-0.413664
-0.416292
-0.418532
-0.420421
-0.421991
-0.423273
-0.424292
-0.425072
-0.42563
-0.425985
-0.426148
-0.42613
-0.425939
-0.425576
-0.425045
-0.424342
-0.423462
-0.422396
-0.421133
-0.419658
-0.417952
-0.415994
-0.41376
-0.411222
-0.40835
-0.405113
-0.401477
-0.397406
-0.392868
-0.387826
-0.38225
-0.376107
-0.369373
-0.362026
-0.354051
-0.34544
-0.336193
-0.326319
-0.315838
-0.304777
-0.293177
-0.281086
-0.268563
-0.255676
-0.242498
-0.229112
-0.215601
-0.202054
-0.188558
-0.175199
-0.16206
-0.149218
-0.136744
-0.124697
-0.11313
-0.102086
-0.0915951
-0.0816789
-0.072349
-0.0636084
-0.0554519
-0.0478684
-0.0408411
-0.0343498
-0.0283715
-0.022882
-0.0178568
-0.0132717
-0.0091035
-0.0053304
-0.0019322
0.00110976
0.00381265
0.00619239
0.00826392
0.0100415
0.011539
0.0127701
0.0137487
0.014489
0.0150054
0.015313
0.0154271
0.0153635
0.0151382
0.0147675
0.0142675
0.0136543
0.0129438
0.0121514
0.0112921
0.0103805
0.00943058
0.00845606
0.00747025
0.00648634
0.0055175
0.0045772
0.00367938
0.00283881
0.00207131
0.00139413
0.000826203
0.000388515
0.000104414
0
0
0.00108756
0.00332629
0.00578209
0.00773264
0.00872998
0.00857814
0.00725286
0.00480736
0.00129333
-0.00329156
-0.00902797
-0.0160728
-0.0246341
-0.0349277
-0.0471273
-0.0613182
-0.0774665
-0.0954066
-0.114849
-0.135406
-0.156634
-0.17808
-0.199327
-0.220023
-0.239897
-0.258753
-0.276462
-0.29295
-0.308181
-0.322152
-0.334881
-0.346406
-0.356776
-0.366052
-0.374299
-0.381589
-0.387998
-0.3936
-0.39847
-0.40268
-0.406298
-0.40939
-0.412017
-0.414232
-0.416088
-0.417629
-0.418897
-0.419927
-0.420753
-0.421401
-0.421897
-0.422263
-0.422516
-0.422672
-0.422743
-0.422741
-0.422671
-0.422541
-0.422351
-0.422102
-0.421792
-0.421414
-0.42096
-0.420418
-0.419772
-0.419003
-0.418089
-0.417002
-0.415711
-0.414182
-0.412378
-0.410255
-0.40777
-0.404875
-0.401524
-0.397666
-0.393255
-0.388245
-0.382592
-0.376261
-0.369219
-0.361444
-0.352923
-0.343653
-0.333643
-0.322915
-0.311504
-0.299458
-0.286837
-0.273713
-0.260168
-0.246295
-0.232192
-0.217962
-0.203709
-0.189539
-0.175551
-0.161843
-0.148501
-0.135603
-0.123216
-0.111395
-0.100181
-0.0896039
-0.0796795
-0.0704137
-0.061802
-0.0538314
-0.0464817
-0.0397279
-0.0335412
-0.0278908
-0.0227454
-0.0180736
-0.0138457
-0.0100333
-0.0066104
-0.00355304
-0.000839419
0.00155032
0.00363438
0.0054296
0.00695183
0.00821624
0.0092376
0.0100305
0.0106097
0.0109898
0.0111858
0.011213
0.0110867
0.0108224
0.0104357
0.0099421
0.00935704
0.00869586
0.00797373
0.00720564
0.00640647
0.00559104
0.00477422
0.00397102
0.00319677
0.00246722
0.00179869
0.00120825
0.000713773
0.0003341
8.91391e-05
0
0
0.00113919
0.00333222
0.00551737
0.00693283
0.00715767
0.00605012
0.0036321
-2.55674e-05
-0.00488762
-0.0110005
-0.0185015
-0.0275966
-0.0385123
-0.051435
-0.0664529
-0.083515
-0.102417
-0.122814
-0.144259
-0.166256
-0.188312
-0.209988
-0.230927
-0.250858
-0.269594
-0.287013
-0.303051
-0.317682
-0.330913
-0.342779
-0.353331
-0.362637
-0.370778
-0.377842
-0.383921
-0.389109
-0.393501
-0.397187
-0.400252
-0.402778
-0.404838
-0.406497
-0.407818
-0.408852
-0.409646
-0.410241
-0.410673
-0.410973
-0.411167
-0.411277
-0.411325
-0.411327
-0.411297
-0.411248
-0.411191
-0.411135
-0.411087
-0.411053
-0.411038
-0.411044
-0.411072
-0.411122
-0.411189
-0.411267
-0.411349
-0.411421
-0.411469
-0.411472
-0.411407
-0.411245
-0.410953
-0.410491
-0.409818
-0.408883
-0.407635
-0.406017
-0.403969
-0.401428
-0.398333
-0.394622
-0.390234
-0.385116
-0.379218
-0.3725
-0.364933
-0.356498
-0.347192
-0.337026
-0.326026
-0.314236
-0.301716
-0.28854
-0.274796
-0.260587
-0.246023
-0.231222
-0.216307
-0.201402
-0.186628
-0.1721
-0.157927
-0.144205
-0.131017
-0.118433
-0.106507
-0.0952785
-0.0847701
-0.0749918
-0.0659406
-0.0576027
-0.0499552
-0.0429687
-0.0366088
-0.0308381
-0.0256183
-0.020911
-0.0166791
-0.0128877
-0.00950437
-0.00649934
-0.0038457
-0.00151909
0.000502486
0.00223908
0.00370913
0.00492985
0.00591757
0.00668802
0.00725661
0.00763858
0.00784912
0.00790352
0.00781711
0.00760535
0.00728378
0.00686803
0.00637373
0.0058166
0.00521235
0.00457674
0.00392554
0.00327462
0.0026399
0.00203739
0.00148319
0.000993435
0.000584272
0.000271758
7.17859e-05
0
0
0.00115457
0.00319374
0.00495052
0.00565644
0.00494366
0.00273468
-0.000908027
-0.00591148
-0.0122737
-0.0200947
-0.0295624
-0.0409046
-0.0543194
-0.0699041
-0.0876024
-0.107185
-0.128265
-0.150345
-0.172882
-0.195347
-0.217278
-0.238304
-0.25815
-0.276629
-0.293624
-0.309075
-0.322968
-0.335322
-0.346189
-0.355643
-0.363774
-0.370689
-0.376499
-0.38132
-0.385268
-0.388455
-0.390986
-0.392959
-0.394462
-0.395573
-0.396364
-0.396892
-0.397211
-0.397365
-0.39739
-0.397317
-0.397173
-0.396979
-0.396754
-0.396512
-0.396266
-0.396028
-0.395806
-0.39561
-0.395446
-0.395322
-0.395244
-0.395217
-0.395247
-0.395339
-0.395496
-0.395721
-0.396017
-0.396384
-0.396821
-0.397325
-0.397889
-0.398505
-0.39916
-0.399838
-0.400516
-0.401169
-0.401764
-0.402262
-0.402619
-0.402782
-0.402695
-0.402293
-0.401509
-0.400268
-0.398494
-0.396112
-0.393044
-0.389217
-0.384564
-0.379024
-0.372549
-0.365102
-0.356664
-0.347231
-0.336818
-0.32546
-0.313213
-0.300151
-0.286365
-0.271966
-0.257075
-0.241826
-0.226358
-0.210814
-0.195337
-0.180064
-0.165123
-0.150632
-0.136693
-0.123391
-0.110794
-0.0989522
-0.0878972
-0.0776435
-0.0681904
-0.0595238
-0.0516185
-0.0444408
-0.0379509
-0.0321049
-0.0268575
-0.022163
-0.0179773
-0.0142584
-0.0109674
-0.00806861
-0.0055297
-0.00332161
-0.0014182
0.000204076
0.00156662
0.00268908
0.00358978
0.00428605
0.00479455
0.00513151
0.00531291
0.00535465
0.00527259
0.00508266
0.00480084
0.0044432
0.00402586
0.00356497
0.00307668
0.00257707
0.00208209
0.00160744
0.00116849
0.000780081
0.000456383
0.00021064
5.49474e-05
0
0
0.00112034
0.0028769
0.00403608
0.00386187
0.00206231
-0.00137318
-0.00635384
-0.0128222
-0.0208221
-0.030505
-0.042087
-0.0557737
-0.0716775
-0.0897501
-0.109753
-0.131273
-0.153773
-0.176667
-0.199389
-0.221449
-0.242457
-0.262128
-0.280268
-0.296761
-0.311552
-0.324638
-0.336056
-0.345878
-0.354205
-0.361154
-0.366859
-0.37146
-0.375095
-0.3779
-0.380005
-0.381525
-0.382568
-0.383225
-0.383577
-0.383692
-0.383627
-0.383428
-0.383134
-0.382774
-0.382374
-0.381952
-0.381522
-0.381097
-0.380686
-0.380295
-0.37993
-0.379597
-0.379301
-0.379044
-0.378832
-0.378669
-0.378559
-0.378508
-0.378519
-0.378599
-0.378752
-0.378985
-0.379302
-0.379709
-0.380211
-0.38081
-0.381509
-0.38231
-0.383211
-0.384207
-0.385292
-0.386453
-0.387675
-0.388936
-0.390207
-0.391452
-0.392631
-0.393691
-0.394574
-0.395213
-0.395534
-0.395456
-0.394892
-0.393752
-0.391944
-0.389377
-0.385964
-0.381624
-0.376287
-0.369897
-0.362414
-0.353817
-0.344105
-0.333303
-0.321457
-0.308638
-0.29494
-0.280476
-0.265378
-0.249794
-0.233879
-0.217797
-0.20171
-0.185778
-0.170152
-0.154969
-0.14035
-0.1264
-0.113199
-0.10081
-0.089272
-0.0786049
-0.0688105
-0.0598744
-0.051769
-0.0444563
-0.0378911
-0.0320229
-0.0267995
-0.0221679
-0.0180768
-0.0144774
-0.0113243
-0.00857595
-0.00619464
-0.00414657
-0.00240144
-0.000932096
0.000285959
0.00127501
0.00205559
0.0026469
0.00306716
0.00333391
0.00346422
0.00347489
0.00338255
0.0032037
0.00295481
0.00265221
0.00231212
0.0019505
0.00158299
0.00122472
0.000890152
0.000592829
0.000345145
0.000158039
4.06578e-05
0
0
0.00102339
0.00235313
0.00274352
0.0015322
-0.00148069
-0.0062443
-0.0126562
-0.0206901
-0.0304391
-0.0420895
-0.0558466
-0.0718409
-0.0900452
-0.11023
-0.131972
-0.154706
-0.17781
-0.200677
-0.222785
-0.243717
-0.26317
-0.280942
-0.296913
-0.311035
-0.323315
-0.333812
-0.342623
-0.349875
-0.355719
-0.360316
-0.363832
-0.366429
-0.368262
-0.369473
-0.370186
-0.370512
-0.370545
-0.370362
-0.370025
-0.369586
-0.369084
-0.368548
-0.368
-0.367458
-0.366931
-0.366427
-0.365952
-0.365507
-0.365095
-0.364717
-0.364373
-0.364064
-0.36379
-0.363553
-0.363354
-0.363196
-0.363082
-0.363014
-0.362997
-0.363036
-0.363137
-0.363304
-0.363546
-0.363868
-0.364278
-0.364783
-0.36539
-0.366107
-0.366938
-0.36789
-0.368965
-0.370165
-0.371488
-0.372928
-0.374475
-0.376115
-0.377824
-0.379575
-0.381329
-0.383039
-0.384651
-0.386098
-0.387303
-0.388181
-0.388639
-0.388575
-0.387886
-0.386463
-0.384202
-0.381
-0.376768
-0.371425
-0.364911
-0.357182
-0.348223
-0.33804
-0.326671
-0.314179
-0.300655
-0.286218
-0.271007
-0.255181
-0.238912
-0.222383
-0.205778
-0.189277
-0.173055
-0.157269
-0.142061
-0.127551
-0.113835
-0.100987
-0.0890521
-0.0780564
-0.068003
-0.0588766
-0.0506465
-0.0432703
-0.0366967
-0.0308687
-0.0257268
-0.0212111
-0.0172633
-0.0138278
-0.0108532
-0.00829203
-0.00610171
-0.00424384
-0.00268418
-0.0013921
-0.0003401
0.000496674
0.00114097
0.00161385
0.0019351
0.00212354
0.00219728
0.00217385
0.00207039
0.0019036
0.00168983
0.00144494
0.00118425
0.000922367
0.000673008
0.000448778
0.0002609
0.000118905
3.02712e-05
0
0
0.000851949
0.00160238
0.00106091
-0.00132252
-0.00564833
-0.0118167
-0.019731
-0.0294053
-0.0409728
-0.0546237
-0.0705047
-0.0886201
-0.108768
-0.130533
-0.153339
-0.17653
-0.199462
-0.221571
-0.242408
-0.261648
-0.279071
-0.294555
-0.308053
-0.319589
-0.329241
-0.337133
-0.343424
-0.348293
-0.351932
-0.354531
-0.356276
-0.357334
-0.357857
-0.357976
-0.357801
-0.357423
-0.356913
-0.356327
-0.355707
-0.355083
-0.354476
-0.353899
-0.35336
-0.352863
-0.352409
-0.351996
-0.351622
-0.351285
-0.350981
-0.350708
-0.350463
-0.350245
-0.350052
-0.349883
-0.349739
-0.349621
-0.349531
-0.34947
-0.349443
-0.349453
-0.349504
-0.349603
-0.349755
-0.349966
-0.350245
-0.350599
-0.351036
-0.351566
-0.352196
-0.352937
-0.353797
-0.354784
-0.355906
-0.357168
-0.358573
-0.360123
-0.361813
-0.363636
-0.365576
-0.367613
-0.369714
-0.371842
-0.373944
-0.375959
-0.377813
-0.379419
-0.380681
-0.381492
-0.381736
-0.381292
-0.38004
-0.377858
-0.374634
-0.370267
-0.364671
-0.357784
-0.349567
-0.340012
-0.329141
-0.317009
-0.303704
-0.289345
-0.274079
-0.258075
-0.241523
-0.224622
-0.207578
-0.190595
-0.173867
-0.157574
-0.141876
-0.12691
-0.112786
-0.0995845
-0.0873603
-0.076141
-0.0659301
-0.0567104
-0.0484471
-0.0410922
-0.034588
-0.0288706
-0.0238734
-0.0195295
-0.0157737
-0.0125444
-0.00978418
-0.00744078
-0.00546685
-0.00382
-0.00246245
-0.00136054
-0.000484153
0.000193801
0.000697923
0.0010508
0.0012734
0.00138539
0.0014054
0.00135115
0.00123957
0.00108681
0.000908222
0.000718289
0.000530485
0.000357122
0.000209133
9.5812e-05
2.44693e-05
0
0
0.000596804
0.000615591
-0.00100318
-0.00466562
-0.0103747
-0.0179982
-0.02746
-0.0388136
-0.0522107
-0.0678042
-0.0856352
-0.105546
-0.127152
-0.14988
-0.173053
-0.195988
-0.218079
-0.238836
-0.257901
-0.275037
-0.29011
-0.303078
-0.313975
-0.322902
-0.330008
-0.335483
-0.339536
-0.342387
-0.344251
-0.345329
-0.345804
-0.345832
-0.345547
-0.345056
-0.344444
-0.343774
-0.343094
-0.342436
-0.34182
-0.341257
-0.340755
-0.340311
-0.339925
-0.339592
-0.339305
-0.339058
-0.338847
-0.338665
-0.338507
-0.338369
-0.338249
-0.338142
-0.338047
-0.337964
-0.337893
-0.337832
-0.337785
-0.337752
-0.337737
-0.337741
-0.337769
-0.337825
-0.337914
-0.338042
-0.338214
-0.338437
-0.338719
-0.339068
-0.339492
-0.340002
-0.340607
-0.341316
-0.342142
-0.343093
-0.344181
-0.345415
-0.346801
-0.348347
-0.350053
-0.351919
-0.353936
-0.356091
-0.358362
-0.360715
-0.363109
-0.365485
-0.367777
-0.369899
-0.371755
-0.373234
-0.374215
-0.374567
-0.374155
-0.37284
-0.370491
-0.366984
-0.362211
-0.356088
-0.348554
-0.339583
-0.329182
-0.317396
-0.304308
-0.290038
-0.274737
-0.258589
-0.241796
-0.224578
-0.207162
-0.189774
-0.172628
-0.155927
-0.139847
-0.12454
-0.110127
-0.0966958
-0.0843054
-0.072984
-0.0627334
-0.053532
-0.0453397
-0.0381017
-0.0317531
-0.0262227
-0.0214368
-0.0173216
-0.0138058
-0.0108222
-0.00830837
-0.00620769
-0.00446901
-0.0030467
-0.00190021
-0.000993541
-0.00029467
0.000225035
0.00059136
0.000827725
0.000955589
0.000994779
0.000963732
0.000879669
0.000758704
0.000615895
0.000465247
0.000319669
0.000190869
8.91908e-05
2.33435e-05
0
0
0.000252485
-0.000603658
-0.00341979
-0.0084363
-0.0155688
-0.0246703
-0.035693
-0.0487183
-0.0638846
-0.0812653
-0.100759
-0.122033
-0.14454
-0.167597
-0.190487
-0.212556
-0.233268
-0.252225
-0.269164
-0.283937
-0.296499
-0.306895
-0.315243
-0.321718
-0.326538
-0.329942
-0.332175
-0.333474
-0.334056
-0.334114
-0.333808
-0.333271
-0.332606
-0.33189
-0.331179
-0.330509
-0.329903
-0.329372
-0.32892
-0.328545
-0.328242
-0.328001
-0.327816
-0.327676
-0.327575
-0.327503
-0.327454
-0.327422
-0.327402
-0.32739
-0.327384
-0.327381
-0.327379
-0.327379
-0.327379
-0.32738
-0.327384
-0.327391
-0.327404
-0.327425
-0.327456
-0.327501
-0.327564
-0.327648
-0.327758
-0.327899
-0.328077
-0.328299
-0.32857
-0.3289
-0.329296
-0.329768
-0.330326
-0.33098
-0.331743
-0.332625
-0.333639
-0.334797
-0.336109
-0.337585
-0.339232
-0.341054
-0.34305
-0.345213
-0.347529
-0.349972
-0.352508
-0.355088
-0.357648
-0.36011
-0.362379
-0.364345
-0.365881
-0.36685
-0.367105
-0.366494
-0.364867
-0.36208
-0.358004
-0.352531
-0.345582
-0.33711
-0.327108
-0.315611
-0.302697
-0.288486
-0.273138
-0.256846
-0.239831
-0.222331
-0.204594
-0.186869
-0.169393
-0.152384
-0.136036
-0.120512
-0.105942
-0.0924181
-0.0799992
-0.0687114
-0.0585514
-0.0494913
-0.0414834
-0.0344649
-0.028363
-0.0230988
-0.0185917
-0.0147616
-0.0115317
-0.00883016
-0.00659065
-0.00475314
-0.00326383
-0.00207494
-0.00114416
-0.000434184
8.79871e-05
0.000451627
0.000682867
0.000805199
0.000839923
0.000806506
0.000722884
0.000605701
0.000470494
0.000331817
0.000203307
9.76638e-05
2.64961e-05
0
0
-0.000181779
-0.00203875
-0.00614129
-0.0125536
-0.0211196
-0.0316924
-0.0442518
-0.0588866
-0.0756856
-0.094607
-0.115389
-0.137534
-0.160373
-0.183167
-0.205216
-0.225929
-0.244862
-0.261715
-0.27632
-0.288624
-0.298675
-0.306605
-0.312613
-0.316942
-0.319857
-0.321629
-0.322514
-0.322744
-0.322518
-0.322003
-0.321327
-0.320588
-0.319857
-0.319177
-0.318579
-0.318073
-0.317665
-0.31735
-0.317121
-0.316966
-0.316875
-0.316836
-0.316839
-0.316873
-0.31693
-0.317004
-0.317087
-0.317176
-0.317266
-0.317355
-0.31744
-0.31752
-0.317594
-0.317663
-0.317726
-0.317785
-0.317839
-0.317891
-0.317942
-0.317994
-0.318049
-0.318108
-0.318175
-0.318253
-0.318344
-0.318452
-0.31858
-0.318734
-0.318918
-0.319138
-0.319399
-0.319709
-0.320076
-0.320509
-0.321017
-0.321611
-0.322303
-0.323106
-0.324032
-0.325095
-0.326308
-0.327684
-0.329235
-0.330968
-0.332888
-0.334994
-0.337279
-0.339726
-0.342306
-0.344978
-0.347685
-0.350355
-0.352896
-0.355198
-0.357135
-0.358562
-0.359325
-0.359259
-0.358198
-0.35598
-0.352456
-0.347497
-0.341004
-0.332914
-0.323206
-0.311905
-0.299086
-0.284872
-0.269431
-0.25297
-0.235728
-0.217964
-0.199948
-0.181951
-0.164228
-0.147017
-0.130524
-0.114919
-0.100337
-0.0868693
-0.0745718
-0.0634639
-0.0535342
-0.0447455
-0.0370406
-0.0303474
-0.0245844
-0.0196654
-0.0155028
-0.0120115
-0.0091102
-0.00672352
-0.0047826
-0.00322547
-0.00199697
-0.00104841
-0.000336972
0.000174918
0.000520271
0.000728223
0.000824678
0.000832891
0.000773999
0.000667486
0.000531602
0.000383707
0.000240542
0.0001184
3.31439e-05
0
0
-0.000701468
-0.00366072
-0.00910453
-0.0169212
-0.0269009
-0.0389067
-0.0529371
-0.0690614
-0.0872857
-0.10743
-0.129073
-0.151585
-0.174222
-0.196244
-0.217004
-0.236001
-0.25289
-0.267471
-0.279676
-0.289549
-0.297231
-0.302937
-0.306933
-0.30951
-0.31096
-0.311559
-0.311552
-0.311148
-0.310514
-0.309777
-0.309029
-0.308333
-0.307727
-0.307228
-0.306843
-0.306567
-0.306391
-0.306303
-0.306287
-0.306331
-0.306422
-0.306547
-0.306697
-0.306863
-0.307039
-0.307218
-0.307396
-0.307571
-0.307738
-0.307898
-0.308049
-0.308191
-0.308324
-0.308447
-0.308562
-0.30867
-0.308772
-0.308868
-0.308961
-0.309051
-0.30914
-0.30923
-0.309322
-0.309419
-0.309522
-0.309633
-0.309755
-0.30989
-0.310042
-0.310213
-0.310408
-0.310632
-0.310889
-0.311186
-0.31153
-0.311929
-0.312392
-0.31293
-0.313555
-0.314279
-0.315117
-0.316083
-0.317192
-0.31846
-0.319901
-0.321526
-0.323346
-0.325364
-0.327579
-0.32998
-0.332545
-0.33524
-0.338015
-0.340801
-0.343511
-0.346036
-0.348249
-0.350003
-0.351133
-0.351466
-0.35082
-0.349019
-0.345893
-0.341298
-0.335114
-0.327264
-0.317716
-0.30649
-0.293658
-0.279351
-0.263748
-0.247073
-0.229584
-0.211564
-0.193307
-0.175102
-0.157225
-0.139927
-0.123421
-0.107884
-0.0934468
-0.0801968
-0.0681806
-0.0574069
-0.0478525
-0.0394684
-0.0321858
-0.0259224
-0.020588
-0.0160891
-0.0123328
-0.00922936
-0.00669487
-0.00465198
-0.00303078
-0.00176891
-0.000811238
-0.000109416
0.000378865
0.000690627
0.000858418
0.00091111
0.000874672
0.000772893
0.000628055
0.000461538
0.000294342
0.00014748
4.22094e-05
0
0
-0.00129666
-0.00543002
-0.0122349
-0.0214327
-0.0327772
-0.0461451
-0.0615377
-0.0789773
-0.098362
-0.119366
-0.14143
-0.163832
-0.185803
-0.206643
-0.225786
-0.242831
-0.257536
-0.269807
-0.279674
-0.287279
-0.292847
-0.296663
-0.29904
-0.30029
-0.30071
-0.300559
-0.300053
-0.299363
-0.298615
-0.297897
-0.297265
-0.296748
-0.296358
-0.296093
-0.295944
-0.295896
-0.295932
-0.296038
-0.296196
-0.296394
-0.296619
-0.296861
-0.297113
-0.297368
-0.297621
-0.297869
-0.298108
-0.298338
-0.298557
-0.298765
-0.298961
-0.299146
-0.299321
-0.299487
-0.299643
-0.299793
-0.299935
-0.300073
-0.300206
-0.300336
-0.300464
-0.300592
-0.30072
-0.30085
-0.300983
-0.30112
-0.301262
-0.301411
-0.301569
-0.301736
-0.301916
-0.302111
-0.302324
-0.302558
-0.302817
-0.303108
-0.303436
-0.303809
-0.304235
-0.304724
-0.305289
-0.305942
-0.306698
-0.307573
-0.308583
-0.309745
-0.311076
-0.312592
-0.314306
-0.316226
-0.318355
-0.320689
-0.323211
-0.325892
-0.328686
-0.33153
-0.334339
-0.337005
-0.3394
-0.341373
-0.342752
-0.343353
-0.342982
-0.341448
-0.338565
-0.334172
-0.328136
-0.320367
-0.310825
-0.299528
-0.286556
-0.272046
-0.256196
-0.239249
-0.221489
-0.203221
-0.184763
-0.166426
-0.148499
-0.131242
-0.114874
-0.0995676
-0.0854456
-0.0725846
-0.0610167
-0.0507354
-0.0417023
-0.0338537
-0.0271083
-0.0213735
-0.0165506
-0.0125398
-0.00924411
-0.0065713
-0.00443613
-0.00276115
-0.00147699
-0.000522275
0.000156935
0.000607841
0.000871814
0.000985347
0.000981042
0.000888596
0.000735736
0.000549107
0.00035506
0.000180318
5.24365e-05
0
0
-0.00195245
-0.00729905
-0.0154507
-0.0259769
-0.0386098
-0.0532364
-0.0698423
-0.0883781
-0.108621
-0.130107
-0.152171
-0.174041
-0.194969
-0.214323
-0.231635
-0.246608
-0.259107
-0.26914
-0.276839
-0.282432
-0.286215
-0.28852
-0.289681
-0.290013
-0.28979
-0.289239
-0.288536
-0.287808
-0.28714
-0.286581
-0.286157
-0.285871
-0.285718
-0.285681
-0.285744
-0.285887
-0.286093
-0.286344
-0.286627
-0.28693
-0.287244
-0.287561
-0.287875
-0.288184
-0.288483
-0.288771
-0.289047
-0.28931
-0.289561
-0.289799
-0.290026
-0.290242
-0.290449
-0.290646
-0.290836
-0.29102
-0.291198
-0.291371
-0.291542
-0.29171
-0.291877
-0.292043
-0.292211
-0.292379
-0.292549
-0.292722
-0.292899
-0.293079
-0.293264
-0.293454
-0.29365
-0.293853
-0.294064
-0.294286
-0.294519
-0.294768
-0.295035
-0.295324
-0.295642
-0.295995
-0.296391
-0.29684
-0.297353
-0.297943
-0.298627
-0.299419
-0.300339
-0.301405
-0.302635
-0.304049
-0.305663
-0.307488
-0.309533
-0.311796
-0.314266
-0.316917
-0.319707
-0.322576
-0.325439
-0.32819
-0.330696
-0.332801
-0.334327
-0.335079
-0.334852
-0.333439
-0.330641
-0.326283
-0.320221
-0.312359
-0.302654
-0.291129
-0.277872
-0.26304
-0.246851
-0.229575
-0.211522
-0.193026
-0.174425
-0.156048
-0.138196
-0.121132
-0.10507
-0.0901727
-0.0765485
-0.0642555
-0.053306
-0.0436739
-0.0353027
-0.0281129
-0.0220102
-0.0168918
-0.012652
-0.0091865
-0.00639574
-0.00418698
-0.00247555
-0.0011854
-0.000249008
0.000393151
0.000793391
0.000997855
0.00104765
0.000980044
0.00082966
0.000629641
0.000412725
0.000212176
6.25254e-05
0
0
-0.00264982
-0.0092152
-0.0186677
-0.0304433
-0.0442624
-0.0600148
-0.0776513
-0.0970333
-0.117815
-0.139417
-0.161101
-0.182093
-0.201695
-0.219363
-0.234733
-0.247617
-0.257986
-0.265948
-0.271726
-0.275621
-0.277978
-0.279151
-0.279474
-0.27924
-0.278687
-0.278001
-0.277309
-0.276698
-0.276214
-0.275877
-0.275686
-0.27563
-0.275692
-0.275848
-0.276079
-0.276366
-0.276691
-0.277041
-0.277404
-0.277771
-0.278137
-0.278496
-0.278845
-0.279182
-0.279506
-0.279817
-0.280113
-0.280397
-0.280668
-0.280927
-0.281175
-0.281414
-0.281644
-0.281868
-0.282085
-0.282297
-0.282505
-0.28271
-0.282914
-0.283116
-0.283319
-0.283522
-0.283726
-0.283932
-0.284141
-0.284352
-0.284566
-0.284784
-0.285004
-0.285228
-0.285455
-0.285686
-0.285921
-0.286159
-0.286402
-0.286651
-0.286906
-0.28717
-0.287446
-0.287737
-0.288047
-0.288384
-0.288755
-0.289169
-0.289638
-0.290175
-0.290795
-0.291516
-0.292357
-0.293338
-0.294481
-0.295806
-0.297332
-0.299076
-0.301047
-0.303248
-0.30567
-0.30829
-0.311069
-0.313946
-0.316838
-0.319633
-0.322196
-0.324363
-0.325947
-0.326742
-0.326531
-0.325093
-0.322219
-0.317722
-0.311453
-0.303312
-0.293263
-0.28134
-0.26765
-0.252375
-0.235762
-0.218112
-0.199765
-0.181083
-0.162424
-0.144129
-0.126505
-0.109809
-0.0942422
-0.0799484
-0.0670131
-0.0554694
-0.0453048
-0.0364705
-0.02889
-0.0224678
-0.0170973
-0.0126671
-0.0090662
-0.00618802
-0.00393264
-0.00220852
-0.000933121
-3.2872e-05
0.000557406
0.000895421
0.0010326
0.00101544
0.000886886
0.000687796
0.000458242
0.000238752
7.1301e-05
0
0
-0.00336691
-0.011124
-0.0218035
-0.0347265
-0.0496071
-0.0663279
-0.0847876
-0.10475
-0.125756
-0.147138
-0.168125
-0.187971
-0.206054
-0.221929
-0.23534
-0.246206
-0.254599
-0.260722
-0.264873
-0.267405
-0.268688
-0.269078
-0.268886
-0.268368
-0.267718
-0.267073
-0.26652
-0.266105
-0.265846
-0.265738
-0.265766
-0.265909
-0.266144
-0.266448
-0.2668
-0.267184
-0.267586
-0.267996
-0.268405
-0.268808
-0.2692
-0.26958
-0.269946
-0.270297
-0.270634
-0.270956
-0.271265
-0.271561
-0.271846
-0.27212
-0.272385
-0.272642
-0.272893
-0.273137
-0.273378
-0.273614
-0.273849
-0.274082
-0.274314
-0.274547
-0.27478
-0.275016
-0.275253
-0.275494
-0.275737
-0.275984
-0.276234
-0.276488
-0.276745
-0.277005
-0.277268
-0.277533
-0.277801
-0.278069
-0.278339
-0.27861
-0.278882
-0.279155
-0.279429
-0.279708
-0.279991
-0.280283
-0.280587
-0.28091
-0.281259
-0.281643
-0.282073
-0.282562
-0.283128
-0.283788
-0.284562
-0.285473
-0.286543
-0.287796
-0.289253
-0.290932
-0.292846
-0.295
-0.297388
-0.299987
-0.302759
-0.30564
-0.308543
-0.311354
-0.313929
-0.316094
-0.317652
-0.318385
-0.318061
-0.31645
-0.313331
-0.308511
-0.301841
-0.293228
-0.282648
-0.270157
-0.255891
-0.240064
-0.222961
-0.204918
-0.186309
-0.16752
-0.148926
-0.130873
-0.113663
-0.0975371
-0.082674
-0.0691884
-0.057135
-0.0465161
-0.0372911
-0.0293864
-0.0227056
-0.0171381
-0.0125671
-0.00887505
-0.00594824
-0.00367987
-0.0019717
-0.000734839
0.000110334
0.000634796
0.000901989
0.000969201
0.00088912
0.00071145
0.000484514
0.00025673
7.78704e-05
0
0
-0.00408045
-0.012972
-0.024781
-0.0387304
-0.0545299
-0.0720433
-0.0911055
-0.111383
-0.13232
-0.153192
-0.17323
-0.191743
-0.208197
-0.222255
-0.233765
-0.242751
-0.24938
-0.253934
-0.256767
-0.258262
-0.258794
-0.258697
-0.258245
-0.257649
-0.257057
-0.25656
-0.256208
-0.256015
-0.255978
-0.256077
-0.256289
-0.256589
-0.256952
-0.257358
-0.257791
-0.258235
-0.258682
-0.259124
-0.259557
-0.259976
-0.26038
-0.260769
-0.261142
-0.261499
-0.261843
-0.262172
-0.26249
-0.262796
-0.263092
-0.263379
-0.263659
-0.263932
-0.2642
-0.264464
-0.264725
-0.264984
-0.265241
-0.265498
-0.265756
-0.266014
-0.266275
-0.266539
-0.266805
-0.267075
-0.267349
-0.267627
-0.267909
-0.268195
-0.268485
-0.268778
-0.269075
-0.269374
-0.269675
-0.269977
-0.270279
-0.27058
-0.270881
-0.271179
-0.271474
-0.271767
-0.272057
-0.272345
-0.272633
-0.272924
-0.273221
-0.27353
-0.273858
-0.274213
-0.274609
-0.275058
-0.275577
-0.276186
-0.276906
-0.277761
-0.278775
-0.279973
-0.28138
-0.283016
-0.284896
-0.287025
-0.289398
-0.291992
-0.294764
-0.29765
-0.300556
-0.303357
-0.3059
-0.308
-0.309445
-0.310004
-0.309432
-0.307487
-0.303943
-0.298607
-0.291335
-0.282049
-0.270752
-0.257531
-0.242562
-0.226101
-0.208477
-0.190066
-0.171274
-0.152507
-0.134149
-0.11654
-0.0999643
-0.0846346
-0.0706957
-0.0582243
-0.0472375
-0.037703
-0.0295499
-0.0226805
-0.0169801
-0.012326
-0.00859389
-0.00566305
-0.00341975
-0.00175911
-0.000585899
0.000185601
0.000632385
0.000824026
0.000824275
0.00069283
0.00048714
0.000264137
8.17351e-05
0
0
-0.00476722
-0.0147097
-0.0275316
-0.0423722
-0.0589347
-0.077054
-0.0964954
-0.116835
-0.137442
-0.157568
-0.176472
-0.193537
-0.208328
-0.22061
-0.230339
-0.237632
-0.24274
-0.246007
-0.247823
-0.248579
-0.248632
-0.248282
-0.247758
-0.247224
-0.246781
-0.246483
-0.246348
-0.246369
-0.246528
-0.246798
-0.247152
-0.247566
-0.248018
-0.248491
-0.248972
-0.249451
-0.249921
-0.250378
-0.25082
-0.251245
-0.251653
-0.252045
-0.252422
-0.252783
-0.253132
-0.253468
-0.253793
-0.254109
-0.254416
-0.254716
-0.255009
-0.255298
-0.255583
-0.255864
-0.256144
-0.256422
-0.2567
-0.256979
-0.257259
-0.25754
-0.257825
-0.258112
-0.258403
-0.258698
-0.258998
-0.259302
-0.25961
-0.259924
-0.260241
-0.260563
-0.260888
-0.261217
-0.261548
-0.26188
-0.262214
-0.262546
-0.262877
-0.263206
-0.26353
-0.263849
-0.264162
-0.264469
-0.264769
-0.265062
-0.265351
-0.265637
-0.265924
-0.266217
-0.266524
-0.266853
-0.267217
-0.267631
-0.268111
-0.268679
-0.269357
-0.27017
-0.271145
-0.27231
-0.27369
-0.275307
-0.277176
-0.279305
-0.281685
-0.284292
-0.287078
-0.289971
-0.292867
-0.295631
-0.298095
-0.300058
-0.301293
-0.301553
-0.300581
-0.298127
-0.293963
-0.287902
-0.279819
-0.269663
-0.257472
-0.24338
-0.227613
-0.210481
-0.192359
-0.173666
-0.154832
-0.136276
-0.118377
-0.101456
-0.0857625
-0.0714695
-0.0586759
-0.0474132
-0.0376565
-0.0293371
-0.0223554
-0.0165919
-0.0119174
-0.00820054
-0.00531352
-0.00313551
-0.00155496
-0.000470251
0.000210568
0.000570766
0.00068648
0.000628543
0.000464467
0.000260383
8.28014e-05
0
0
-0.00540544
-0.0162934
-0.0299975
-0.0455839
-0.0627458
-0.0812815
-0.100886
-0.121057
-0.141115
-0.160314
-0.177962
-0.193529
-0.206681
-0.217285
-0.225393
-0.231209
-0.235052
-0.237307
-0.238379
-0.238649
-0.238441
-0.238011
-0.237543
-0.237153
-0.236903
-0.236815
-0.236885
-0.237094
-0.237413
-0.237815
-0.238273
-0.238765
-0.239274
-0.239787
-0.240295
-0.24079
-0.24127
-0.241733
-0.242177
-0.242604
-0.243014
-0.243408
-0.243788
-0.244154
-0.244508
-0.244851
-0.245185
-0.245511
-0.24583
-0.246142
-0.24645
-0.246754
-0.247055
-0.247353
-0.24765
-0.247947
-0.248244
-0.248542
-0.248842
-0.249144
-0.249448
-0.249757
-0.250069
-0.250385
-0.250706
-0.251031
-0.251362
-0.251697
-0.252038
-0.252382
-0.252731
-0.253084
-0.25344
-0.253798
-0.254158
-0.254518
-0.254877
-0.255233
-0.255586
-0.255934
-0.256276
-0.256609
-0.256934
-0.257248
-0.257552
-0.257845
-0.258129
-0.258406
-0.25868
-0.258956
-0.259241
-0.259545
-0.25988
-0.260263
-0.260711
-0.261247
-0.261896
-0.262683
-0.263639
-0.264792
-0.266169
-0.267793
-0.26968
-0.271835
-0.274246
-0.276885
-0.279695
-0.282593
-0.285463
-0.288153
-0.290477
-0.292216
-0.293124
-0.292939
-0.291393
-0.288233
-0.283236
-0.276233
-0.267128
-0.255911
-0.242674
-0.227609
-0.211005
-0.193229
-0.174707
-0.155892
-0.13723
-0.119137
-0.101971
-0.0860134
-0.0714663
-0.0584488
-0.0470056
-0.0371181
-0.0287189
-0.0217049
-0.0159513
-0.0113218
-0.00767754
-0.00488325
-0.00281098
-0.00134242
-0.000369477
0.00020619
0.000474444
0.000518481
0.000416912
0.000245923
8.12864e-05
0
0
-0.00597584
-0.0176868
-0.0321328
-0.0483144
-0.0659099
-0.0846763
-0.104242
-0.124044
-0.143379
-0.161521
-0.177849
-0.191923
-0.203507
-0.212567
-0.219242
-0.223808
-0.226634
-0.228129
-0.228693
-0.22868
-0.228374
-0.227986
-0.22765
-0.227443
-0.227396
-0.227507
-0.227757
-0.228118
-0.228561
-0.229059
-0.229589
-0.230132
-0.230676
-0.231211
-0.231731
-0.232234
-0.232717
-0.233181
-0.233627
-0.234054
-0.234466
-0.234863
-0.235247
-0.235619
-0.23598
-0.236332
-0.236676
-0.237013
-0.237344
-0.237671
-0.237993
-0.238312
-0.238628
-0.238943
-0.239257
-0.239571
-0.239885
-0.240201
-0.240519
-0.240839
-0.241161
-0.241488
-0.241818
-0.242152
-0.242491
-0.242835
-0.243183
-0.243537
-0.243895
-0.244258
-0.244626
-0.244998
-0.245374
-0.245752
-0.246133
-0.246515
-0.246897
-0.247277
-0.247656
-0.24803
-0.248398
-0.248759
-0.249111
-0.249452
-0.249781
-0.250096
-0.250398
-0.250685
-0.25096
-0.251224
-0.251481
-0.251737
-0.251999
-0.252278
-0.252588
-0.252945
-0.253369
-0.253884
-0.254517
-0.255296
-0.256253
-0.257417
-0.258818
-0.260478
-0.262411
-0.264619
-0.267085
-0.269771
-0.272611
-0.275505
-0.278318
-0.28088
-0.282983
-0.284385
-0.284822
-0.284017
-0.281696
-0.277609
-0.27155
-0.263383
-0.253054
-0.240615
-0.226224
-0.210147
-0.192741
-0.174437
-0.155701
-0.137009
-0.118809
-0.10149
-0.0853661
-0.0706647
-0.0575233
-0.0459977
-0.036074
-0.0276838
-0.02072
-0.0150509
-0.0105326
-0.00701838
-0.00436514
-0.00243778
-0.00111118
-0.000270665
0.000188731
0.000363902
0.000345777
0.000221662
7.75374e-05
0
0
-0.00646257
-0.0188619
-0.0339044
-0.0505293
-0.0683953
-0.0872166
-0.106563
-0.12583
-0.144307
-0.161314
-0.176305
-0.188932
-0.199055
-0.20673
-0.21217
-0.21571
-0.21775
-0.218704
-0.218952
-0.218812
-0.218525
-0.218251
-0.218087
-0.218075
-0.218219
-0.218504
-0.218902
-0.219383
-0.219918
-0.220483
-0.221059
-0.221633
-0.222196
-0.222742
-0.223268
-0.223773
-0.224258
-0.224723
-0.22517
-0.2256
-0.226015
-0.226417
-0.226807
-0.227186
-0.227556
-0.227919
-0.228274
-0.228624
-0.228968
-0.229308
-0.229644
-0.229978
-0.23031
-0.230641
-0.230971
-0.231301
-0.231632
-0.231965
-0.232298
-0.232635
-0.232974
-0.233316
-0.233662
-0.234012
-0.234367
-0.234726
-0.235089
-0.235458
-0.235831
-0.236209
-0.236591
-0.236978
-0.237369
-0.237763
-0.23816
-0.238559
-0.238959
-0.239358
-0.239757
-0.240152
-0.240543
-0.240928
-0.241305
-0.241672
-0.242028
-0.24237
-0.242697
-0.243007
-0.243301
-0.243577
-0.243837
-0.244084
-0.244321
-0.244555
-0.244794
-0.245049
-0.245336
-0.245673
-0.246082
-0.246588
-0.247221
-0.248011
-0.248991
-0.250194
-0.251647
-0.253372
-0.255381
-0.257669
-0.26021
-0.262953
-0.265817
-0.268681
-0.271389
-0.273744
-0.275512
-0.276431
-0.276217
-0.274583
-0.271255
-0.265999
-0.258642
-0.249095
-0.237371
-0.223598
-0.208018
-0.190979
-0.172911
-0.154297
-0.135636
-0.117402
-0.100016
-0.0838211
-0.0690652
-0.0559014
-0.0443937
-0.0345304
-0.0262403
-0.0194101
-0.0139006
-0.00955933
-0.00623128
-0.0037656
-0.00201989
-0.00086221
-0.000171125
0.000165381
0.000251942
0.000188289
7.18368e-05
0
0
-0.00685358
-0.0197991
-0.0352917
-0.0522108
-0.0701913
-0.0889062
-0.107878
-0.126475
-0.144004
-0.159838
-0.173513
-0.184772
-0.193565
-0.200024
-0.204428
-0.207151
-0.208608
-0.209203
-0.209286
-0.209132
-0.208937
-0.208819
-0.208839
-0.209011
-0.209326
-0.209756
-0.210271
-0.210841
-0.211441
-0.212051
-0.212657
-0.213249
-0.213823
-0.214374
-0.214902
-0.215409
-0.215895
-0.216361
-0.216811
-0.217245
-0.217666
-0.218075
-0.218473
-0.218862
-0.219243
-0.219616
-0.219984
-0.220346
-0.220704
-0.221058
-0.221409
-0.221758
-0.222105
-0.222451
-0.222797
-0.223143
-0.223489
-0.223837
-0.224186
-0.224537
-0.224891
-0.225248
-0.225608
-0.225972
-0.22634
-0.226712
-0.227089
-0.22747
-0.227856
-0.228246
-0.22864
-0.229039
-0.229441
-0.229847
-0.230257
-0.230668
-0.231081
-0.231495
-0.231909
-0.23232
-0.232729
-0.233134
-0.233532
-0.233921
-0.234301
-0.234668
-0.235021
-0.235358
-0.235677
-0.235977
-0.236257
-0.236517
-0.236758
-0.236983
-0.237197
-0.237407
-0.237623
-0.237857
-0.238126
-0.23845
-0.238854
-0.239365
-0.240016
-0.24084
-0.24187
-0.24314
-0.244676
-0.246498
-0.248611
-0.251
-0.253629
-0.256428
-0.259292
-0.262078
-0.264601
-0.266634
-0.267918
-0.268165
-0.267079
-0.264368
-0.259775
-0.253096
-0.244211
-0.233102
-0.219868
-0.204732
-0.188033
-0.170201
-0.151732
-0.133146
-0.114944
-0.0975735
-0.0813995
-0.0666888
-0.0536057
-0.0422185
-0.0325142
-0.0244162
-0.0178036
-0.0125281
-0.00842815
-0.00534025
-0.00310567
-0.00157478
-0.000608643
-7.87016e-05
0.000134892
0.000145776
6.42464e-05
0
0
-0.00714092
-0.0204872
-0.0362856
-0.0533558
-0.0713055
-0.08977
-0.108236
-0.126063
-0.142587
-0.157246
-0.169657
-0.17965
-0.187254
-0.19267
-0.196226
-0.198319
-0.199366
-0.199748
-0.199777
-0.199685
-0.199625
-0.199678
-0.199876
-0.200216
-0.200674
-0.20122
-0.201824
-0.202459
-0.203104
-0.203744
-0.204367
-0.20497
-0.205549
-0.206103
-0.206633
-0.207142
-0.20763
-0.208101
-0.208555
-0.208996
-0.209424
-0.209842
-0.210249
-0.210649
-0.211041
-0.211427
-0.211808
-0.212183
-0.212555
-0.212923
-0.213288
-0.213652
-0.214014
-0.214374
-0.214735
-0.215095
-0.215456
-0.215818
-0.216182
-0.216547
-0.216915
-0.217285
-0.217659
-0.218035
-0.218416
-0.2188
-0.219188
-0.21958
-0.219976
-0.220376
-0.220781
-0.221189
-0.221601
-0.222017
-0.222435
-0.222856
-0.223279
-0.223704
-0.224128
-0.224552
-0.224974
-0.225393
-0.225807
-0.226215
-0.226614
-0.227003
-0.22738
-0.227741
-0.228086
-0.228412
-0.228718
-0.229001
-0.229262
-0.229501
-0.229719
-0.229919
-0.230109
-0.230294
-0.230487
-0.230703
-0.23096
-0.231282
-0.231694
-0.232229
-0.23292
-0.233802
-0.234912
-0.23628
-0.237933
-0.239881
-0.242123
-0.24463
-0.247346
-0.250178
-0.252995
-0.255621
-0.257839
-0.259391
-0.259989
-0.259327
-0.257102
-0.253037
-0.246904
-0.238556
-0.22795
-0.215162
-0.2004
-0.183994
-0.166381
-0.148067
-0.129592
-0.111481
-0.0942022
-0.078141
-0.0635765
-0.0506789
-0.0395165
-0.0300711
-0.022258
-0.0159463
-0.0109775
-0.00718059
-0.00438332
-0.0024191
-0.00113097
-0.000372657
-7.6415e-06
9.31846e-05
5.45507e-05
0
0
-0.00732056
-0.0209227
-0.0368878
-0.0539746
-0.0717611
-0.0898506
-0.107706
-0.124693
-0.140187
-0.153695
-0.164916
-0.173756
-0.180318
-0.184858
-0.187735
-0.189362
-0.19014
-0.190419
-0.190472
-0.19049
-0.190585
-0.190808
-0.191169
-0.191651
-0.192226
-0.192863
-0.193533
-0.194214
-0.194889
-0.195547
-0.196182
-0.196791
-0.197374
-0.19793
-0.198464
-0.198975
-0.199468
-0.199944
-0.200406
-0.200854
-0.201291
-0.201719
-0.202138
-0.202549
-0.202953
-0.203351
-0.203745
-0.204134
-0.204519
-0.204901
-0.20528
-0.205658
-0.206034
-0.206409
-0.206783
-0.207158
-0.207532
-0.207908
-0.208285
-0.208664
-0.209045
-0.209428
-0.209814
-0.210202
-0.210594
-0.210989
-0.211387
-0.21179
-0.212195
-0.212605
-0.213018
-0.213434
-0.213854
-0.214278
-0.214704
-0.215132
-0.215563
-0.215995
-0.216428
-0.21686
-0.217292
-0.217722
-0.218148
-0.218569
-0.218983
-0.219389
-0.219785
-0.220168
-0.220536
-0.220887
-0.221218
-0.221528
-0.221815
-0.222077
-0.222314
-0.222527
-0.222718
-0.222892
-0.223054
-0.223216
-0.22339
-0.223594
-0.223848
-0.22418
-0.224618
-0.225198
-0.225955
-0.226927
-0.228149
-0.22965
-0.231451
-0.233554
-0.235941
-0.238566
-0.241348
-0.244163
-0.246846
-0.249186
-0.250927
-0.25178
-0.251435
-0.249577
-0.245912
-0.240195
-0.232257
-0.222036
-0.209591
-0.19512
-0.178952
-0.161528
-0.14337
-0.125035
-0.107068
-0.0899586
-0.0741028
-0.0597872
-0.0471822
-0.0363505
-0.0272646
-0.0198283
-0.0138988
-0.0093064
-0.00587013
-0.00340882
-0.00174797
-0.000722974
-0.000179397
2.87956e-05
4.22917e-05
0
0
-0.00739213
-0.0211089
-0.0371089
-0.0540881
-0.0715936
-0.0892032
-0.106368
-0.12247
-0.136935
-0.149338
-0.159455
-0.167264
-0.172927
-0.176743
-0.179094
-0.180389
-0.181008
-0.181266
-0.181396
-0.181548
-0.181801
-0.182182
-0.182685
-0.183286
-0.183954
-0.184659
-0.185378
-0.186091
-0.186786
-0.187456
-0.188099
-0.188712
-0.189297
-0.189858
-0.190395
-0.190912
-0.191411
-0.191894
-0.192364
-0.192821
-0.193269
-0.193707
-0.194137
-0.19456
-0.194976
-0.195388
-0.195794
-0.196196
-0.196594
-0.19699
-0.197383
-0.197774
-0.198163
-0.198552
-0.198939
-0.199327
-0.199715
-0.200104
-0.200494
-0.200886
-0.201279
-0.201674
-0.202071
-0.202471
-0.202874
-0.203279
-0.203688
-0.204099
-0.204514
-0.204932
-0.205353
-0.205777
-0.206204
-0.206634
-0.207067
-0.207501
-0.207938
-0.208376
-0.208815
-0.209254
-0.209693
-0.21013
-0.210565
-0.210996
-0.211422
-0.211841
-0.212251
-0.212651
-0.213038
-0.213411
-0.213765
-0.2141
-0.214413
-0.214702
-0.214964
-0.2152
-0.215409
-0.215593
-0.215755
-0.2159
-0.216036
-0.216177
-0.216337
-0.216537
-0.216802
-0.217161
-0.217647
-0.218299
-0.219154
-0.22025
-0.22162
-0.223289
-0.225267
-0.227543
-0.230078
-0.232799
-0.235593
-0.238299
-0.240711
-0.242577
-0.243606
-0.243482
-0.241881
-0.238497
-0.233069
-0.225416
-0.215459
-0.20325
-0.188982
-0.172987
-0.155717
-0.137711
-0.119543
-0.101777
-0.084914
-0.0693589
-0.0553976
-0.0431941
-0.0327998
-0.024173
-0.0172031
-0.0117335
-0.00758222
-0.00455791
-0.00247045
-0.00113713
-0.000384886
-4.95489e-05
2.68717e-05
0
0
-0.00735849
-0.0210546
-0.0369667
-0.0537261
-0.0708481
-0.0878918
-0.104307
-0.119503
-0.132958
-0.144317
-0.153425
-0.160323
-0.165223
-0.168454
-0.170407
-0.17148
-0.172024
-0.172318
-0.172555
-0.172849
-0.173253
-0.173775
-0.174398
-0.175095
-0.175836
-0.176592
-0.177345
-0.17808
-0.178789
-0.179467
-0.180115
-0.180732
-0.181322
-0.181886
-0.182429
-0.182952
-0.183459
-0.18395
-0.184429
-0.184897
-0.185355
-0.185804
-0.186246
-0.186681
-0.18711
-0.187533
-0.187952
-0.188367
-0.188778
-0.189186
-0.189592
-0.189996
-0.190398
-0.1908
-0.1912
-0.191601
-0.192002
-0.192403
-0.192805
-0.193209
-0.193614
-0.19402
-0.194429
-0.19484
-0.195253
-0.195668
-0.196086
-0.196507
-0.196931
-0.197357
-0.197786
-0.198217
-0.198651
-0.199087
-0.199526
-0.199966
-0.200408
-0.200851
-0.201296
-0.20174
-0.202184
-0.202627
-0.203068
-0.203506
-0.20394
-0.204369
-0.204791
-0.205204
-0.205606
-0.205995
-0.20637
-0.206727
-0.207063
-0.207378
-0.207667
-0.20793
-0.208164
-0.208369
-0.208546
-0.208698
-0.208828
-0.208944
-0.209058
-0.209183
-0.209338
-0.209547
-0.20984
-0.210249
-0.210812
-0.211568
-0.212558
-0.213816
-0.215372
-0.21724
-0.219416
-0.221867
-0.224526
-0.227285
-0.22999
-0.232437
-0.234375
-0.23551
-0.235521
-0.234077
-0.230861
-0.225602
-0.218109
-0.208296
-0.196214
-0.182058
-0.166172
-0.149022
-0.131164
-0.113194
-0.0956866
-0.0791535
-0.0639986
-0.0505003
-0.0388087
-0.0289577
-0.0208873
-0.014469
-0.00953083
-0.00587792
-0.00330819
-0.00162231
-0.000628598
-0.000144055
7.66679e-06
0
0
-0.00722515
-0.0207736
-0.0364849
-0.0529244
-0.0695756
-0.0859858
-0.101613
-0.115899
-0.128379
-0.138763
-0.146959
-0.153063
-0.157324
-0.16009
-0.161753
-0.16269
-0.163221
-0.163587
-0.163944
-0.164378
-0.16492
-0.165564
-0.166287
-0.16706
-0.167855
-0.168649
-0.169427
-0.170177
-0.170895
-0.171579
-0.172231
-0.172853
-0.173447
-0.174017
-0.174566
-0.175097
-0.175612
-0.176113
-0.176602
-0.17708
-0.177549
-0.178009
-0.178462
-0.178909
-0.179349
-0.179785
-0.180215
-0.180642
-0.181066
-0.181486
-0.181904
-0.182321
-0.182735
-0.183149
-0.183562
-0.183975
-0.184388
-0.184801
-0.185215
-0.18563
-0.186046
-0.186464
-0.186884
-0.187305
-0.187728
-0.188154
-0.188582
-0.189011
-0.189444
-0.189878
-0.190314
-0.190753
-0.191194
-0.191637
-0.192081
-0.192527
-0.192974
-0.193422
-0.193871
-0.19432
-0.194768
-0.195216
-0.195662
-0.196106
-0.196546
-0.196982
-0.197412
-0.197835
-0.198249
-0.198652
-0.199042
-0.199417
-0.199775
-0.200112
-0.200426
-0.200715
-0.200976
-0.201208
-0.201409
-0.20158
-0.201722
-0.20184
-0.201939
-0.202029
-0.202124
-0.202242
-0.202406
-0.202644
-0.202989
-0.203478
-0.204153
-0.205053
-0.206218
-0.207678
-0.209454
-0.211543
-0.213918
-0.216517
-0.219237
-0.221923
-0.224375
-0.226339
-0.227518
-0.227587
-0.226205
-0.22305
-0.217844
-0.21039
-0.200605
-0.188542
-0.174411
-0.158571
-0.141511
-0.123806
-0.10607
-0.0888892
-0.072776
-0.0581264
-0.0452028
-0.0341338
-0.0249298
-0.017508
-0.0117195
-0.00737577
-0.00426836
-0.00218429
-0.000914379
-0.000256683
-1.58913e-05
0
0
-0.00699969
-0.0202827
-0.0356908
-0.0517231
-0.067831
-0.0835561
-0.0983719
-0.11176
-0.123311
-0.132794
-0.140174
-0.145592
-0.149324
-0.151729
-0.153188
-0.154054
-0.154614
-0.155072
-0.155555
-0.15612
-0.156783
-0.157529
-0.158333
-0.159165
-0.160001
-0.160822
-0.161617
-0.162377
-0.163102
-0.163792
-0.164448
-0.165075
-0.165674
-0.166251
-0.166807
-0.167346
-0.16787
-0.168381
-0.168879
-0.169368
-0.169847
-0.170319
-0.170783
-0.17124
-0.171692
-0.172139
-0.172581
-0.17302
-0.173455
-0.173887
-0.174317
-0.174744
-0.175171
-0.175596
-0.176021
-0.176445
-0.17687
-0.177295
-0.17772
-0.178146
-0.178573
-0.179002
-0.179432
-0.179864
-0.180297
-0.180733
-0.18117
-0.181609
-0.18205
-0.182492
-0.182937
-0.183383
-0.183831
-0.18428
-0.184731
-0.185182
-0.185635
-0.186088
-0.186542
-0.186995
-0.187448
-0.1879
-0.18835
-0.188799
-0.189244
-0.189685
-0.190122
-0.190553
-0.190975
-0.191389
-0.191792
-0.192182
-0.192556
-0.192913
-0.193249
-0.193562
-0.193849
-0.194107
-0.194336
-0.194533
-0.194697
-0.194831
-0.194937
-0.19502
-0.19509
-0.19516
-0.195247
-0.195372
-0.195564
-0.195856
-0.196285
-0.196892
-0.197719
-0.198808
-0.200191
-0.20189
-0.203908
-0.206219
-0.208764
-0.21144
-0.214096
-0.216527
-0.218477
-0.219645
-0.219698
-0.21829
-0.215092
-0.209826
-0.202294
-0.192422
-0.180277
-0.16609
-0.150244
-0.133253
-0.115717
-0.0982644
-0.0814884
-0.0658942
-0.0518612
-0.0396264
-0.0292893
-0.0208312
-0.0141425
-0.00905244
-0.00535456
-0.00282691
-0.00124508
-0.000388985
-4.42762e-05
0
0
-0.00669125
-0.0196015
-0.0346148
-0.0501645
-0.06567
-0.0806731
-0.094669
-0.10718
-0.117853
-0.126512
-0.133169
-0.137999
-0.141299
-0.143428
-0.144751
-0.145595
-0.146211
-0.146771
-0.147373
-0.148057
-0.148824
-0.149654
-0.150521
-0.151399
-0.152265
-0.153106
-0.153912
-0.15468
-0.155411
-0.156105
-0.156766
-0.157397
-0.158003
-0.158587
-0.159151
-0.159698
-0.160231
-0.160751
-0.16126
-0.161758
-0.162248
-0.162729
-0.163204
-0.163672
-0.164135
-0.164592
-0.165045
-0.165494
-0.16594
-0.166384
-0.166824
-0.167263
-0.167701
-0.168137
-0.168573
-0.169009
-0.169444
-0.16988
-0.170316
-0.170753
-0.171191
-0.171631
-0.172071
-0.172513
-0.172957
-0.173402
-0.173848
-0.174296
-0.174746
-0.175198
-0.17565
-0.176104
-0.17656
-0.177016
-0.177473
-0.177931
-0.178389
-0.178848
-0.179306
-0.179765
-0.180222
-0.180679
-0.181133
-0.181586
-0.182036
-0.182482
-0.182924
-0.183361
-0.183791
-0.184214
-0.184626
-0.185028
-0.185416
-0.185789
-0.186144
-0.186477
-0.186788
-0.187072
-0.187327
-0.187552
-0.187743
-0.1879
-0.188025
-0.18812
-0.188189
-0.188241
-0.188289
-0.188348
-0.188441
-0.188595
-0.188843
-0.189223
-0.189776
-0.190546
-0.191575
-0.192897
-0.194537
-0.196499
-0.198758
-0.201256
-0.203889
-0.206503
-0.208891
-0.21079
-0.211892
-0.211858
-0.210337
-0.206997
-0.201559
-0.193837
-0.18377
-0.17145
-0.157136
-0.141244
-0.124318
-0.106983
-0.0898802
-0.073601
-0.0586353
-0.0453354
-0.0339042
-0.0244046
-0.0167835
-0.0109022
-0.00656631
-0.00355166
-0.00162241
-0.000542059
-7.78589e-05
0
0
-0.00630991
-0.0187507
-0.0332881
-0.0482914
-0.0631483
-0.0774047
-0.0905826
-0.102248
-0.112097
-0.120005
-0.126024
-0.130356
-0.133306
-0.135229
-0.136469
-0.137323
-0.138011
-0.138674
-0.139387
-0.140175
-0.141028
-0.141927
-0.142843
-0.143754
-0.144642
-0.145496
-0.146311
-0.147085
-0.147819
-0.148518
-0.149183
-0.149821
-0.150433
-0.151024
-0.151596
-0.152151
-0.152693
-0.153222
-0.15374
-0.154248
-0.154747
-0.155238
-0.155723
-0.156201
-0.156673
-0.157141
-0.157604
-0.158063
-0.15852
-0.158973
-0.159424
-0.159874
-0.160322
-0.160769
-0.161215
-0.161661
-0.162108
-0.162554
-0.163001
-0.163448
-0.163897
-0.164347
-0.164797
-0.165249
-0.165703
-0.166158
-0.166614
-0.167071
-0.16753
-0.16799
-0.168452
-0.168914
-0.169377
-0.169841
-0.170305
-0.17077
-0.171235
-0.171699
-0.172164
-0.172627
-0.17309
-0.173551
-0.174011
-0.174468
-0.174923
-0.175374
-0.175821
-0.176263
-0.1767
-0.177129
-0.17755
-0.177962
-0.178361
-0.178747
-0.179118
-0.17947
-0.179801
-0.180108
-0.180388
-0.180639
-0.180858
-0.181043
-0.181193
-0.181308
-0.181392
-0.181447
-0.181483
-0.18151
-0.181546
-0.181612
-0.181734
-0.181947
-0.182287
-0.182799
-0.183525
-0.18451
-0.185788
-0.187386
-0.189306
-0.191526
-0.193984
-0.196574
-0.199138
-0.201459
-0.20327
-0.204253
-0.204061
-0.20234
-0.198757
-0.19304
-0.185019
-0.174658
-0.162081
-0.147585
-0.131626
-0.114782
-0.097702
-0.0810331
-0.0653581
-0.0511403
-0.0386942
-0.0281793
-0.0196158
-0.0129122
-0.00789876
-0.00435762
-0.00204684
-0.000716528
-0.000116911
0
0
-0.00586629
-0.0177519
-0.0317423
-0.0461462
-0.0603189
-0.0738146
-0.0861849
-0.0970386
-0.106121
-0.113348
-0.118807
-0.122717
-0.125388
-0.12716
-0.128356
-0.129242
-0.130008
-0.13077
-0.131583
-0.132458
-0.133384
-0.134335
-0.135289
-0.136224
-0.137127
-0.137991
-0.138811
-0.139589
-0.140328
-0.14103
-0.141701
-0.142343
-0.142962
-0.14356
-0.144139
-0.144703
-0.145253
-0.14579
-0.146317
-0.146834
-0.147342
-0.147842
-0.148335
-0.148823
-0.149304
-0.149781
-0.150254
-0.150723
-0.151188
-0.151652
-0.152113
-0.152572
-0.15303
-0.153487
-0.153944
-0.1544
-0.154856
-0.155313
-0.15577
-0.156228
-0.156687
-0.157147
-0.157608
-0.15807
-0.158533
-0.158998
-0.159464
-0.159931
-0.160399
-0.160868
-0.161338
-0.161809
-0.162281
-0.162752
-0.163225
-0.163697
-0.164169
-0.16464
-0.165111
-0.165581
-0.166049
-0.166516
-0.166981
-0.167444
-0.167903
-0.16836
-0.168812
-0.16926
-0.169702
-0.170138
-0.170567
-0.170987
-0.171396
-0.171794
-0.172177
-0.172544
-0.172893
-0.17322
-0.173523
-0.173799
-0.174044
-0.174257
-0.174435
-0.174577
-0.174682
-0.174754
-0.174796
-0.174816
-0.174826
-0.174841
-0.174883
-0.17498
-0.175164
-0.175475
-0.175957
-0.176653
-0.177608
-0.178858
-0.180429
-0.182323
-0.184516
-0.186942
-0.189488
-0.19199
-0.194221
-0.195904
-0.196712
-0.19629
-0.194279
-0.190353
-0.184253
-0.175831
-0.165086
-0.152186
-0.137474
-0.12145
-0.104731
-0.0879831
-0.0718543
-0.0569061
-0.0435638
-0.0320931
-0.022602
-0.0150623
-0.00934247
-0.00524121
-0.00251758
-0.000912516
-0.000161601
0
0
-0.00537112
-0.0166264
-0.0300084
-0.0437694
-0.0572322
-0.0699615
-0.0815407
-0.091621
-0.0999907
-0.106604
-0.111573
-0.115128
-0.117575
-0.11924
-0.120421
-0.121352
-0.122197
-0.123049
-0.123948
-0.124897
-0.125879
-0.126872
-0.127853
-0.128805
-0.129719
-0.130588
-0.131412
-0.132193
-0.132935
-0.133641
-0.134316
-0.134964
-0.135589
-0.136193
-0.13678
-0.137351
-0.137908
-0.138454
-0.138988
-0.139513
-0.140029
-0.140537
-0.141039
-0.141535
-0.142025
-0.14251
-0.142991
-0.143469
-0.143944
-0.144416
-0.144886
-0.145355
-0.145823
-0.146289
-0.146756
-0.147222
-0.147688
-0.148154
-0.148622
-0.14909
-0.149558
-0.150028
-0.150499
-0.150971
-0.151444
-0.151919
-0.152395
-0.152871
-0.153349
-0.153828
-0.154307
-0.154787
-0.155267
-0.155748
-0.156228
-0.156709
-0.157189
-0.157668
-0.158146
-0.158623
-0.159098
-0.159572
-0.160043
-0.160511
-0.160977
-0.161439
-0.161897
-0.162351
-0.162799
-0.163242
-0.163677
-0.164105
-0.164523
-0.164931
-0.165326
-0.165707
-0.166071
-0.166415
-0.166738
-0.167036
-0.167306
-0.167546
-0.167752
-0.167922
-0.168054
-0.16815
-0.16821
-0.168239
-0.168244
-0.168237
-0.168233
-0.168256
-0.168332
-0.168495
-0.168786
-0.169248
-0.169926
-0.170866
-0.172104
-0.173664
-0.175547
-0.177723
-0.180122
-0.182622
-0.185048
-0.187162
-0.188673
-0.189245
-0.188515
-0.186125
-0.181756
-0.17517
-0.166254
-0.155051
-0.141781
-0.126844
-0.110788
-0.0942648
-0.0779538
-0.0624922
-0.0484069
-0.0360724
-0.0256955
-0.0173256
-0.0108834
-0.00619612
-0.00303243
-0.0011296
-0.000211981
0
0
-0.0048349
-0.0153952
-0.0281158
-0.041199
-0.0539344
-0.0658985
-0.0767077
-0.0860536
-0.0937637
-0.0998237
-0.104363
-0.107619
-0.10989
-0.111481
-0.112664
-0.113646
-0.114567
-0.1155
-0.116472
-0.11748
-0.118507
-0.11953
-0.12053
-0.121493
-0.122413
-0.123286
-0.124112
-0.124895
-0.125639
-0.126349
-0.127028
-0.127681
-0.128311
-0.128921
-0.129514
-0.130092
-0.130656
-0.131208
-0.13175
-0.132282
-0.132805
-0.133321
-0.13383
-0.134333
-0.134831
-0.135324
-0.135813
-0.136299
-0.136782
-0.137263
-0.137742
-0.13822
-0.138696
-0.139172
-0.139647
-0.140123
-0.140599
-0.141075
-0.141552
-0.142029
-0.142508
-0.142988
-0.143469
-0.143951
-0.144434
-0.144918
-0.145404
-0.145891
-0.146378
-0.146866
-0.147355
-0.147845
-0.148335
-0.148824
-0.149314
-0.149803
-0.150292
-0.150779
-0.151266
-0.151751
-0.152234
-0.152714
-0.153193
-0.153668
-0.154141
-0.15461
-0.155074
-0.155534
-0.15599
-0.156439
-0.156882
-0.157317
-0.157744
-0.158161
-0.158566
-0.158959
-0.159337
-0.159698
-0.160038
-0.160357
-0.160649
-0.160913
-0.161146
-0.161344
-0.161505
-0.161629
-0.161713
-0.161761
-0.161777
-0.161767
-0.161745
-0.161725
-0.161732
-0.161792
-0.161942
-0.16222
-0.162673
-0.163347
-0.164286
-0.165527
-0.167091
-0.168976
-0.171145
-0.17352
-0.175968
-0.178299
-0.180262
-0.181552
-0.18182
-0.1807
-0.177835
-0.172923
-0.165757
-0.156265
-0.144548
-0.13089
-0.115749
-0.099727
-0.0835032
-0.0677613
-0.0531129
-0.0400361
-0.0288417
-0.0196684
-0.0125028
-0.00721324
-0.00358769
-0.00136673
-0.000267963
0
0
-0.00426768
-0.014078
-0.0260923
-0.0384704
-0.0504677
-0.0616731
-0.0717361
-0.0803864
-0.0874865
-0.0930473
-0.0972114
-0.100216
-0.102347
-0.103888
-0.105085
-0.10612
-0.107109
-0.108112
-0.109144
-0.110199
-0.111259
-0.112303
-0.113316
-0.114286
-0.115209
-0.116082
-0.11691
-0.117694
-0.11844
-0.119152
-0.119835
-0.120492
-0.121127
-0.121742
-0.122341
-0.122924
-0.123494
-0.124052
-0.1246
-0.125138
-0.125668
-0.12619
-0.126705
-0.127215
-0.12772
-0.12822
-0.128717
-0.12921
-0.129701
-0.13019
-0.130677
-0.131163
-0.131648
-0.132132
-0.132617
-0.133101
-0.133586
-0.134072
-0.134558
-0.135045
-0.135534
-0.136023
-0.136514
-0.137006
-0.137499
-0.137994
-0.138489
-0.138986
-0.139483
-0.139982
-0.140481
-0.14098
-0.14148
-0.141979
-0.142479
-0.142977
-0.143475
-0.143972
-0.144468
-0.144961
-0.145453
-0.145942
-0.146429
-0.146913
-0.147393
-0.147869
-0.148342
-0.148809
-0.149272
-0.149729
-0.150179
-0.150623
-0.151058
-0.151484
-0.1519
-0.152304
-0.152695
-0.15307
-0.153427
-0.153763
-0.154077
-0.154364
-0.154622
-0.154847
-0.155037
-0.155189
-0.155301
-0.155375
-0.15541
-0.155412
-0.155389
-0.155353
-0.15532
-0.155313
-0.155364
-0.155506
-0.155781
-0.156237
-0.156919
-0.157871
-0.159129
-0.160712
-0.162609
-0.164779
-0.167129
-0.169513
-0.171725
-0.173497
-0.174507
-0.174398
-0.172797
-0.169361
-0.163808
-0.155974
-0.145843
-0.133582
-0.119546
-0.104262
-0.088376
-0.0725892
-0.0575739
-0.0438997
-0.0319806
-0.0220519
-0.014178
-0.00828072
-0.00417816
-0.00162224
-0.000329307
0
0
-0.00367885
-0.0126935
-0.0239637
-0.0356156
-0.0468697
-0.0573269
-0.0666689
-0.0746614
-0.0811972
-0.0863073
-0.0901419
-0.0929339
-0.0949532
-0.0964619
-0.0976795
-0.0987649
-0.099815
-0.100875
-0.101956
-0.103047
-0.10413
-0.105189
-0.106208
-0.107181
-0.108103
-0.108977
-0.109803
-0.110588
-0.111335
-0.112049
-0.112734
-0.113394
-0.114033
-0.114653
-0.115256
-0.115844
-0.116418
-0.116982
-0.117534
-0.118078
-0.118613
-0.119141
-0.119662
-0.120178
-0.120689
-0.121196
-0.121699
-0.122199
-0.122697
-0.123193
-0.123688
-0.124181
-0.124674
-0.125167
-0.12566
-0.126153
-0.126647
-0.127142
-0.127637
-0.128134
-0.128632
-0.129131
-0.129632
-0.130134
-0.130637
-0.131142
-0.131648
-0.132154
-0.132662
-0.133171
-0.13368
-0.13419
-0.1347
-0.13521
-0.135719
-0.136228
-0.136736
-0.137243
-0.137749
-0.138252
-0.138754
-0.139252
-0.139748
-0.140241
-0.14073
-0.141216
-0.141697
-0.142173
-0.142644
-0.143109
-0.143569
-0.144021
-0.144465
-0.144901
-0.145327
-0.145743
-0.146145
-0.146534
-0.146906
-0.14726
-0.147592
-0.147901
-0.148182
-0.148433
-0.14865
-0.148831
-0.148973
-0.149075
-0.149137
-0.14916
-0.149149
-0.149112
-0.149063
-0.149019
-0.149004
-0.149049
-0.149192
-0.149474
-0.149942
-0.150645
-0.151626
-0.152916
-0.154529
-0.15645
-0.158623
-0.160942
-0.163245
-0.165305
-0.166835
-0.167498
-0.166927
-0.164751
-0.160644
-0.154359
-0.145784
-0.134972
-0.122169
-0.107808
-0.0924798
-0.0768718
-0.0616911
-0.0475806
-0.0350499
-0.0244336
-0.0158827
-0.00938426
-0.00479719
-0.00189377
-0.000395603
0
0
-0.00307704
-0.0112588
-0.0217533
-0.0326635
-0.0431738
-0.0528959
-0.061543
-0.0689135
-0.0749266
-0.0796285
-0.0831726
-0.0857833
-0.0877131
-0.0892009
-0.0904418
-0.0915729
-0.0926747
-0.093782
-0.0948998
-0.0960164
-0.0971154
-0.0981812
-0.099203
-0.100175
-0.101095
-0.101966
-0.102791
-0.103575
-0.104322
-0.105037
-0.105724
-0.106386
-0.107028
-0.107651
-0.108257
-0.108848
-0.109427
-0.109994
-0.110551
-0.111099
-0.111638
-0.112171
-0.112697
-0.113218
-0.113735
-0.114247
-0.114756
-0.115263
-0.115767
-0.11627
-0.116772
-0.117273
-0.117774
-0.118274
-0.118775
-0.119277
-0.119779
-0.120283
-0.120787
-0.121293
-0.121801
-0.12231
-0.12282
-0.123332
-0.123845
-0.12436
-0.124876
-0.125394
-0.125912
-0.126431
-0.126951
-0.127472
-0.127993
-0.128513
-0.129034
-0.129554
-0.130073
-0.13059
-0.131107
-0.131621
-0.132133
-0.132642
-0.133149
-0.133652
-0.134151
-0.134646
-0.135137
-0.135623
-0.136104
-0.136579
-0.137048
-0.13751
-0.137964
-0.13841
-0.138847
-0.139274
-0.139689
-0.14009
-0.140477
-0.140847
-0.141198
-0.141526
-0.141829
-0.142105
-0.142348
-0.142558
-0.14273
-0.142861
-0.142952
-0.143001
-0.143012
-0.142988
-0.14294
-0.14288
-0.142828
-0.142808
-0.142855
-0.143005
-0.143303
-0.143797
-0.144535
-0.145557
-0.146893
-0.148549
-0.150499
-0.152674
-0.154951
-0.157146
-0.159011
-0.160238
-0.160475
-0.159348
-0.156499
-0.151623
-0.144524
-0.135156
-0.123653
-0.11035
-0.0957589
-0.0805309
-0.0653808
-0.0510025
-0.0379884
-0.0267695
-0.0175887
-0.0105076
-0.00543685
-0.00217836
-0.000466278
0
0
-0.00247002
-0.00978956
-0.0194823
-0.0296395
-0.039409
-0.0484111
-0.056389
-0.0631711
-0.0686988
-0.0730296
-0.0763157
-0.0787705
-0.080627
-0.0821011
-0.0833648
-0.0845357
-0.0856799
-0.0868239
-0.0879686
-0.0891023
-0.0902096
-0.0912777
-0.0922977
-0.093266
-0.0941823
-0.0950493
-0.0958713
-0.0966528
-0.0973988
-0.0981136
-0.0988012
-0.0994651
-0.100108
-0.100733
-0.101341
-0.101935
-0.102517
-0.103087
-0.103647
-0.104198
-0.104741
-0.105278
-0.105808
-0.106334
-0.106855
-0.107372
-0.107887
-0.108399
-0.108909
-0.109418
-0.109927
-0.110434
-0.110942
-0.11145
-0.111959
-0.112469
-0.11298
-0.113492
-0.114005
-0.114521
-0.115037
-0.115556
-0.116076
-0.116598
-0.117121
-0.117647
-0.118173
-0.118701
-0.119231
-0.119761
-0.120292
-0.120824
-0.121356
-0.121888
-0.12242
-0.122951
-0.123481
-0.124011
-0.124538
-0.125064
-0.125588
-0.126109
-0.126627
-0.127141
-0.127652
-0.128158
-0.12866
-0.129157
-0.129649
-0.130135
-0.130614
-0.131087
-0.131552
-0.13201
-0.132458
-0.132897
-0.133324
-0.13374
-0.134141
-0.134527
-0.134895
-0.135242
-0.135566
-0.135865
-0.136134
-0.136371
-0.136572
-0.136734
-0.136855
-0.136934
-0.136971
-0.136969
-0.136934
-0.136875
-0.136806
-0.136749
-0.136731
-0.136785
-0.136952
-0.137278
-0.13781
-0.138596
-0.139675
-0.141069
-0.142777
-0.144759
-0.146929
-0.149143
-0.151193
-0.152806
-0.153657
-0.153378
-0.151596
-0.147969
-0.142235
-0.134258
-0.124073
-0.11191
-0.0981936
-0.083517
-0.0685782
-0.0540996
-0.0407391
-0.0290161
-0.0192664
-0.0116331
-0.0060882
-0.00247252
-0.000540601
0
0
-0.00186469
-0.00829973
-0.0171693
-0.026566
-0.0356002
-0.0438987
-0.0512322
-0.0574567
-0.0625324
-0.0665237
-0.0695791
-0.0718978
-0.0736929
-0.0751573
-0.0764413
-0.0776451
-0.0788226
-0.0799936
-0.0811564
-0.0822993
-0.083409
-0.0844746
-0.0854896
-0.0864517
-0.087362
-0.0882238
-0.0890414
-0.0898198
-0.0905636
-0.0912771
-0.0919642
-0.092628
-0.0932715
-0.093897
-0.0945066
-0.0951021
-0.0956851
-0.096257
-0.0968192
-0.0973727
-0.0979187
-0.0984581
-0.098992
-0.099521
-0.100046
-0.100568
-0.101087
-0.101604
-0.10212
-0.102635
-0.103149
-0.103663
-0.104178
-0.104693
-0.10521
-0.105727
-0.106246
-0.106767
-0.107289
-0.107813
-0.108339
-0.108867
-0.109397
-0.109929
-0.110463
-0.110998
-0.111536
-0.112075
-0.112615
-0.113156
-0.113699
-0.114242
-0.114786
-0.11533
-0.115874
-0.116417
-0.11696
-0.117502
-0.118042
-0.11858
-0.119116
-0.119649
-0.12018
-0.120707
-0.12123
-0.121749
-0.122263
-0.122772
-0.123276
-0.123774
-0.124266
-0.124751
-0.125228
-0.125698
-0.126159
-0.12661
-0.127051
-0.12748
-0.127897
-0.128298
-0.128683
-0.12905
-0.129394
-0.129715
-0.130009
-0.130272
-0.130502
-0.130694
-0.130847
-0.130957
-0.131024
-0.131049
-0.131035
-0.130989
-0.130921
-0.130847
-0.13079
-0.130779
-0.130849
-0.131043
-0.131408
-0.131992
-0.13284
-0.133989
-0.135452
-0.137217
-0.139229
-0.141378
-0.143498
-0.145353
-0.146648
-0.147033
-0.146137
-0.143593
-0.139091
-0.132422
-0.12353
-0.112544
-0.0997964
-0.0858082
-0.0712402
-0.0568201
-0.0432524
-0.0311328
-0.0208868
-0.0127427
-0.0067416
-0.00277232
-0.000617707
0
0
-0.00126711
-0.00680186
-0.0148312
-0.0234625
-0.0317689
-0.0393804
-0.0460933
-0.0517884
-0.0564412
-0.0601202
-0.0629669
-0.0651652
-0.066907
-0.0683631
-0.0696637
-0.0708932
-0.0720954
-0.0732846
-0.0744574
-0.075603
-0.0767099
-0.0777691
-0.078776
-0.0797298
-0.0806323
-0.0814873
-0.0822994
-0.0830734
-0.0838138
-0.0845248
-0.08521
-0.0858726
-0.0865153
-0.0871404
-0.08775
-0.0883458
-0.0889293
-0.0895021
-0.0900654
-0.0906204
-0.0911682
-0.0917098
-0.0922461
-0.092778
-0.0933063
-0.0938317
-0.0943549
-0.0948765
-0.0953971
-0.0959171
-0.0964371
-0.0969574
-0.0974784
-0.0980005
-0.0985239
-0.0990489
-0.0995756
-0.100104
-0.100635
-0.101168
-0.101703
-0.102241
-0.102781
-0.103323
-0.103867
-0.104413
-0.104961
-0.105511
-0.106063
-0.106616
-0.10717
-0.107726
-0.108282
-0.108838
-0.109395
-0.109951
-0.110506
-0.111061
-0.111614
-0.112166
-0.112715
-0.113262
-0.113806
-0.114346
-0.114883
-0.115415
-0.115943
-0.116466
-0.116983
-0.117494
-0.117999
-0.118498
-0.118989
-0.119472
-0.119947
-0.120412
-0.120867
-0.121311
-0.121743
-0.122161
-0.122564
-0.122949
-0.123314
-0.123656
-0.123974
-0.124263
-0.12452
-0.124743
-0.124927
-0.125069
-0.125169
-0.125225
-0.125238
-0.125213
-0.125158
-0.125083
-0.125008
-0.124956
-0.124958
-0.125054
-0.125286
-0.125703
-0.126353
-0.127279
-0.12851
-0.130051
-0.131874
-0.133904
-0.136008
-0.13799
-0.139587
-0.140478
-0.140298
-0.138675
-0.135262
-0.129796
-0.122139
-0.11233
-0.100606
-0.0874088
-0.0733449
-0.0591276
-0.0454881
-0.0330838
-0.0224224
-0.0138183
-0.00738716
-0.00307357
-0.000696621
0
0
-0.000682477
-0.00530698
-0.0124823
-0.0203456
-0.0279329
-0.0348743
-0.0409889
-0.0461799
-0.0504353
-0.0538248
-0.0564808
-0.0585703
-0.0602643
-0.0617118
-0.0630243
-0.0642724
-0.0654911
-0.0666906
-0.0678665
-0.0690091
-0.0701085
-0.071158
-0.0721543
-0.0730977
-0.0739908
-0.0748376
-0.0756428
-0.0764111
-0.0771469
-0.0778541
-0.0785363
-0.0791964
-0.0798371
-0.0804606
-0.0810689
-0.0816638
-0.0822469
-0.0828195
-0.083383
-0.0839385
-0.0844872
-0.0850301
-0.0855681
-0.0861022
-0.086633
-0.0871613
-0.0876879
-0.0882133
-0.0887381
-0.0892628
-0.0897879
-0.0903137
-0.0908407
-0.0913692
-0.0918994
-0.0924316
-0.092966
-0.0935027
-0.0940418
-0.0945835
-0.0951278
-0.0956748
-0.0962243
-0.0967765
-0.0973311
-0.0978881
-0.0984474
-0.0990088
-0.0995721
-0.100137
-0.100704
-0.101271
-0.10184
-0.102409
-0.102979
-0.103548
-0.104118
-0.104686
-0.105253
-0.105819
-0.106382
-0.106943
-0.107501
-0.108056
-0.108608
-0.109155
-0.109697
-0.110235
-0.110767
-0.111293
-0.111813
-0.112326
-0.112832
-0.11333
-0.113819
-0.1143
-0.114771
-0.115231
-0.115679
-0.116114
-0.116535
-0.116939
-0.117324
-0.117689
-0.11803
-0.118344
-0.118629
-0.118881
-0.119096
-0.119271
-0.119405
-0.119494
-0.119539
-0.119541
-0.119507
-0.119444
-0.119367
-0.119294
-0.119254
-0.119279
-0.11941
-0.119693
-0.120177
-0.120908
-0.121925
-0.123249
-0.124872
-0.126748
-0.128776
-0.130797
-0.132583
-0.133841
-0.134228
-0.133372
-0.130907
-0.126525
-0.120025
-0.111362
-0.100683
-0.0883449
-0.0748905
-0.0610015
-0.0474168
-0.0348394
-0.023849
-0.0148431
-0.0080151
-0.00337195
-0.000776297
0
0
-0.000115211
-0.00382479
-0.0101354
-0.0172297
-0.0241073
-0.030395
-0.035932
-0.0406414
-0.0445214
-0.0476405
-0.0501202
-0.0521097
-0.0537589
-0.0551961
-0.0565156
-0.0577754
-0.0590033
-0.060206
-0.061379
-0.0625135
-0.0636016
-0.0646383
-0.0656216
-0.0665528
-0.067435
-0.0682722
-0.0690692
-0.0698305
-0.0705603
-0.0712625
-0.0719404
-0.0725968
-0.0732342
-0.073855
-0.0744609
-0.0750539
-0.0756353
-0.0762067
-0.0767694
-0.0773246
-0.0778733
-0.0784166
-0.0789556
-0.0794909
-0.0800236
-0.0805542
-0.0810835
-0.0816121
-0.0821406
-0.0826695
-0.0831992
-0.0837302
-0.0842627
-0.0847972
-0.0853339
-0.085873
-0.0864147
-0.0869592
-0.0875066
-0.0880569
-0.0886103
-0.0891666
-0.089726
-0.0902883
-0.0908534
-0.0914214
-0.0919919
-0.0925649
-0.0931401
-0.0937173
-0.0942964
-0.0948769
-0.0954587
-0.0960413
-0.0966246
-0.097208
-0.0977913
-0.098374
-0.0989558
-0.0995362
-0.100115
-0.100691
-0.101265
-0.101835
-0.102402
-0.102965
-0.103523
-0.104077
-0.104625
-0.105167
-0.105703
-0.106232
-0.106754
-0.107269
-0.107775
-0.108272
-0.10876
-0.109237
-0.109702
-0.110155
-0.110595
-0.111018
-0.111425
-0.111812
-0.112176
-0.112516
-0.112828
-0.113109
-0.113356
-0.113564
-0.113731
-0.113855
-0.113934
-0.113969
-0.113962
-0.11392
-0.113853
-0.113777
-0.113714
-0.113693
-0.113751
-0.11393
-0.114278
-0.114844
-0.115671
-0.116792
-0.118216
-0.11992
-0.121833
-0.123829
-0.125713
-0.127227
-0.12805
-0.12782
-0.126165
-0.122747
-0.117311
-0.10974
-0.1001
-0.0886595
-0.0758928
-0.0624365
-0.0490207
-0.0363772
-0.0251461
-0.0158018
-0.00861617
-0.00366322
-0.000855657
0
0
0.000430998
-0.00236368
-0.00780156
-0.0141267
-0.0203045
-0.0259542
-0.0309327
-0.0351805
-0.0387037
-0.0415681
-0.0438828
-0.0457785
-0.0473844
-0.048809
-0.0501304
-0.0513955
-0.0526258
-0.0538255
-0.0549902
-0.0561124
-0.0571859
-0.0582071
-0.0591755
-0.0600928
-0.0609624
-0.0617887
-0.0625761
-0.0633291
-0.0640518
-0.0647476
-0.0654199
-0.0660713
-0.0667043
-0.0673211
-0.0679235
-0.0685134
-0.0690922
-0.0696614
-0.0702223
-0.0707762
-0.0713241
-0.071867
-0.0724061
-0.072942
-0.0734758
-0.074008
-0.0745394
-0.0750707
-0.0756023
-0.0761348
-0.0766686
-0.0772042
-0.077742
-0.0782821
-0.0788249
-0.0793707
-0.0799195
-0.0804716
-0.081027
-0.0815859
-0.0821481
-0.0827139
-0.0832831
-0.0838556
-0.0844314
-0.0850104
-0.0855923
-0.0861771
-0.0867645
-0.0873542
-0.0879461
-0.0885399
-0.0891352
-0.0897317
-0.0903292
-0.0909271
-0.0915252
-0.092123
-0.0927201
-0.0933161
-0.0939105
-0.0945029
-0.0950929
-0.0956799
-0.0962635
-0.0968432
-0.0974186
-0.0979892
-0.0985545
-0.0991142
-0.0996676
-0.100214
-0.100754
-0.101286
-0.10181
-0.102325
-0.102831
-0.103326
-0.103811
-0.104283
-0.104742
-0.105187
-0.105615
-0.106024
-0.106413
-0.106779
-0.107118
-0.107428
-0.107706
-0.107947
-0.108149
-0.108308
-0.108423
-0.108493
-0.108519
-0.108504
-0.108458
-0.10839
-0.108321
-0.108275
-0.108284
-0.108386
-0.108627
-0.109056
-0.10972
-0.110657
-0.111892
-0.11342
-0.115194
-0.117119
-0.119034
-0.120712
-0.12186
-0.122133
-0.121161
-0.118586
-0.114115
-0.107569
-0.0989363
-0.0884077
-0.0763815
-0.0634407
-0.0502926
-0.0376827
-0.0262978
-0.0166814
-0.009182
-0.00394334
-0.000933626
0
0
0.000953118
-0.000930941
-0.00549013
-0.0110469
-0.0165345
-0.0215613
-0.0259985
-0.0298021
-0.0329845
-0.0356069
-0.0377652
-0.0395715
-0.0411343
-0.0425433
-0.0438615
-0.045126
-0.0463528
-0.0475442
-0.048696
-0.0498022
-0.0508581
-0.0518616
-0.0528131
-0.0537148
-0.0545706
-0.0553845
-0.0561611
-0.0569046
-0.0576187
-0.0583069
-0.0589723
-0.0596175
-0.0602449
-0.0608566
-0.0614544
-0.0620401
-0.0626152
-0.0631812
-0.0637394
-0.064291
-0.0648372
-0.065379
-0.0659173
-0.0664532
-0.0669873
-0.0675204
-0.0680533
-0.0685866
-0.0691208
-0.0696564
-0.0701939
-0.0707337
-0.0712762
-0.0718216
-0.0723703
-0.0729224
-0.0734781
-0.0740375
-0.0746008
-0.0751681
-0.0757392
-0.0763143
-0.0768933
-0.0774761
-0.0780626
-0.0786528
-0.0792463
-0.0798431
-0.0804429
-0.0810455
-0.0816506
-0.082258
-0.0828673
-0.0834782
-0.0840903
-0.0847033
-0.0853167
-0.0859303
-0.0865434
-0.0871558
-0.0877669
-0.0883762
-0.0889834
-0.0895879
-0.0901892
-0.0907868
-0.0913804
-0.0919693
-0.0925531
-0.0931313
-0.0937035
-0.0942692
-0.0948278
-0.095379
-0.0959221
-0.0964566
-0.0969819
-0.0974973
-0.0980019
-0.0984949
-0.0989751
-0.0994412
-0.0998917
-0.100325
-0.100738
-0.10113
-0.101497
-0.101837
-0.102146
-0.10242
-0.102657
-0.102853
-0.103005
-0.103112
-0.103174
-0.103193
-0.103173
-0.103125
-0.103063
-0.103008
-0.102988
-0.103037
-0.103197
-0.103517
-0.104043
-0.10482
-0.105881
-0.107236
-0.108862
-0.110687
-0.112583
-0.114353
-0.115734
-0.116403
-0.115998
-0.114154
-0.110545
-0.104946
-0.0972768
-0.0876522
-0.0763966
-0.0640333
-0.0512356
-0.0387489
-0.0272931
-0.0174717
-0.00970541
-0.00420865
-0.00100918
0
0
0.00144871
0.000467143
-0.00320936
-0.00799886
-0.0128055
-0.0172234
-0.0211348
-0.0245093
-0.0273642
-0.0297548
-0.0317633
-0.0334828
-0.0350019
-0.0363919
-0.0377023
-0.0389608
-0.0401788
-0.0413573
-0.0424923
-0.0435793
-0.0446152
-0.0455989
-0.0465317
-0.0474165
-0.0482569
-0.0490572
-0.0498217
-0.0505543
-0.0512586
-0.051938
-0.0525953
-0.0532331
-0.0538536
-0.054459
-0.0550511
-0.0556316
-0.0562021
-0.0567639
-0.0573184
-0.0578669
-0.0584105
-0.0589503
-0.0594872
-0.0600221
-0.0605559
-0.0610893
-0.061623
-0.0621577
-0.0626939
-0.0632321
-0.0637728
-0.0643164
-0.0648632
-0.0654135
-0.0659677
-0.0665258
-0.0670882
-0.0676548
-0.0682258
-0.0688013
-0.0693812
-0.0699656
-0.0705544
-0.0711476
-0.0717449
-0.0723463
-0.0729516
-0.0735606
-0.0741731
-0.0747888
-0.0754075
-0.0760289
-0.0766525
-0.0772782
-0.0779056
-0.0785342
-0.0791636
-0.0797935
-0.0804234
-0.0810529
-0.0816814
-0.0823085
-0.0829338
-0.0835566
-0.0841766
-0.0847932
-0.085406
-0.0860143
-0.0866178
-0.0872159
-0.0878082
-0.0883941
-0.0889731
-0.0895448
-0.0901086
-0.090664
-0.0912104
-0.0917471
-0.0922733
-0.0927883
-0.0932909
-0.09378
-0.0942543
-0.094712
-0.0951512
-0.0955698
-0.0959653
-0.0963347
-0.0966751
-0.096983
-0.0972551
-0.097488
-0.0976787
-0.0978248
-0.0979252
-0.0979807
-0.0979945
-0.0979736
-0.0979294
-0.0978791
-0.0978465
-0.0978627
-0.097966
-0.0982007
-0.0986148
-0.0992554
-0.100162
-0.101355
-0.102831
-0.10454
-0.106381
-0.108189
-0.109729
-0.110703
-0.110764
-0.109544
-0.1067
-0.101965
-0.0952034
-0.0864593
-0.0759855
-0.0642422
-0.0518612
-0.0395755
-0.0281261
-0.0181654
-0.0101806
-0.00445596
-0.00108137
0
0
0.00191587
0.00182517
-0.000966299
-0.00498962
-0.0091242
-0.0129461
-0.0163455
-0.019304
-0.0218421
-0.024009
-0.0258723
-0.0275064
-0.0289803
-0.0303481
-0.0316462
-0.0328941
-0.0340988
-0.0352603
-0.0363752
-0.0374404
-0.0384539
-0.0394161
-0.0403287
-0.041195
-0.0420189
-0.0428043
-0.0435554
-0.0442758
-0.0449692
-0.0456385
-0.0462865
-0.0469157
-0.0475283
-0.0481263
-0.0487116
-0.0492858
-0.0498506
-0.0504073
-0.0509572
-0.0515017
-0.0520419
-0.0525788
-0.0531134
-0.0536467
-0.0541795
-0.0547124
-0.0552464
-0.0557819
-0.0563195
-0.0568598
-0.0574032
-0.0579501
-0.0585008
-0.0590557
-0.059615
-0.0601789
-0.0607476
-0.0613212
-0.0618997
-0.0624833
-0.063072
-0.0636656
-0.0642642
-0.0648677
-0.0654759
-0.0660887
-0.0667059
-0.0673274
-0.0679528
-0.0685819
-0.0692145
-0.0698502
-0.0704887
-0.0711297
-0.0717727
-0.0724175
-0.0730635
-0.0737104
-0.0743577
-0.0750049
-0.0756516
-0.0762973
-0.0769415
-0.0775837
-0.0782233
-0.0788599
-0.0794929
-0.0801218
-0.0807461
-0.0813653
-0.0819788
-0.0825863
-0.0831871
-0.0837807
-0.0843667
-0.0849444
-0.0855134
-0.0860729
-0.0866222
-0.0871606
-0.0876871
-0.0882006
-0.0886999
-0.0891834
-0.0896494
-0.0900958
-0.0905204
-0.0909205
-0.0912931
-0.091635
-0.0919429
-0.0922134
-0.0924432
-0.0926296
-0.0927707
-0.0928661
-0.0929175
-0.0929299
-0.092912
-0.0928777
-0.0928473
-0.0928478
-0.0929139
-0.0930868
-0.0934129
-0.0939401
-0.0947119
-0.0957593
-0.09709
-0.0986758
-0.10044
-0.102245
-0.103886
-0.10509
-0.105528
-0.104837
-0.102664
-0.0987112
-0.0927944
-0.0848954
-0.0751988
-0.0641015
-0.0521877
-0.0401689
-0.0287953
-0.0187579
-0.0106032
-0.00468267
-0.00114936
0
0
0.00235313
0.00313851
0.00123291
-0.00202524
-0.00549573
-0.00873343
-0.0116332
-0.0141865
-0.0164167
-0.0183658
-0.020087
-0.0216361
-0.023063
-0.0244054
-0.0256872
-0.0269202
-0.0281079
-0.029249
-0.030341
-0.031382
-0.0323714
-0.0333104
-0.0342014
-0.035048
-0.035854
-0.0366233
-0.0373597
-0.0380669
-0.038748
-0.039406
-0.0400436
-0.040663
-0.0412665
-0.0418561
-0.0424336
-0.0430005
-0.0435586
-0.0441092
-0.0446537
-0.0451933
-0.0457291
-0.0462624
-0.046794
-0.0473249
-0.0478559
-0.0483878
-0.0489213
-0.049457
-0.0499955
-0.0505373
-0.0510829
-0.0516326
-0.0521869
-0.0527459
-0.05331
-0.0538794
-0.0544542
-0.0550345
-0.0556204
-0.056212
-0.0568092
-0.0574121
-0.0580205
-0.0586343
-0.0592535
-0.0598778
-0.0605071
-0.0611411
-0.0617797
-0.0624225
-0.0630693
-0.0637197
-0.0643734
-0.0650301
-0.0656894
-0.0663508
-0.067014
-0.0676785
-0.0683438
-0.0690095
-0.0696752
-0.0703402
-0.0710042
-0.0716665
-0.0723267
-0.0729842
-0.0736385
-0.074289
-0.0749353
-0.0755767
-0.0762129
-0.0768431
-0.077467
-0.078084
-0.0786936
-0.0792951
-0.0798881
-0.0804719
-0.0810459
-0.0816093
-0.0821611
-0.0827005
-0.0832261
-0.0837368
-0.0842307
-0.0847061
-0.0851609
-0.0855924
-0.0859981
-0.0863747
-0.0867191
-0.0870278
-0.0872976
-0.0875253
-0.0877086
-0.0878463
-0.0879389
-0.0879895
-0.0880047
-0.0879955
-0.087979
-0.0879786
-0.0880249
-0.088156
-0.0884161
-0.0888524
-0.089511
-0.0904291
-0.0916255
-0.0930887
-0.0947632
-0.0965373
-0.0982337
-0.0996056
-0.100344
-0.100099
-0.0985107
-0.0952597
-0.0901221
-0.0830247
-0.0740888
-0.0636488
-0.0522385
-0.0405401
-0.0293033
-0.0192476
-0.0109706
-0.00488677
-0.00121246
0
0
0.00275945
0.00440317
0.00338289
0.000889193
-0.00192431
-0.00458841
-0.00699919
-0.0091566
-0.0110857
-0.0128213
-0.0144021
-0.0158658
-0.0172436
-0.0185573
-0.0198193
-0.0210339
-0.0222012
-0.0233193
-0.0243861
-0.025401
-0.0263646
-0.027279
-0.0281472
-0.0289729
-0.0297598
-0.0305117
-0.0312324
-0.0319251
-0.0325928
-0.0332384
-0.0338644
-0.034473
-0.0350663
-0.0356464
-0.0362149
-0.0367736
-0.037324
-0.0378676
-0.0384057
-0.0389395
-0.0394703
-0.0399991
-0.0405269
-0.0410547
-0.0415832
-0.0421133
-0.0426457
-0.0431811
-0.0437199
-0.0442627
-0.0448099
-0.0453621
-0.0459194
-0.0464822
-0.0470508
-0.0476253
-0.0482059
-0.0487927
-0.0493858
-0.0499852
-0.0505909
-0.0512029
-0.051821
-0.0524453
-0.0530754
-0.0537114
-0.0543529
-0.0549997
-0.0556516
-0.0563084
-0.0569697
-0.0576352
-0.0583045
-0.0589773
-0.0596532
-0.0603318
-0.0610127
-0.0616954
-0.0623794
-0.0630643
-0.0637496
-0.0644348
-0.0651193
-0.0658027
-0.0664843
-0.0671637
-0.0678402
-0.0685135
-0.0691828
-0.0698477
-0.0705076
-0.0711619
-0.0718102
-0.0724519
-0.0730864
-0.0737132
-0.0743318
-0.0749414
-0.0755416
-0.0761314
-0.0767101
-0.0772768
-0.0778304
-0.0783696
-0.0788929
-0.0793985
-0.0798846
-0.0803487
-0.0807883
-0.0812005
-0.0815822
-0.0819299
-0.0822405
-0.0825106
-0.0827376
-0.0829195
-0.083056
-0.0831487
-0.0832024
-0.0832258
-0.0832329
-0.0832437
-0.0832854
-0.0833925
-0.0836062
-0.0839727
-0.0845387
-0.0853458
-0.0864214
-0.0877673
-0.0893468
-0.0910713
-0.0927891
-0.0942798
-0.0952568
-0.0953832
-0.094301
-0.0916759
-0.0872517
-0.0809075
-0.0727066
-0.0629235
-0.0520401
-0.0407042
-0.0296566
-0.0196353
-0.0112813
-0.00506693
-0.00127011
0
0
0.0031341
0.0056157
0.00547891
0.0037493
0.0015867
-0.000513186
-0.00244426
-0.00421323
-0.0058465
-0.00737141
-0.00881251
-0.0101896
-0.0115159
-0.0127981
-0.0140369
-0.0152302
-0.0163746
-0.0174673
-0.0185071
-0.0194943
-0.0204307
-0.0213193
-0.0221635
-0.022967
-0.0237338
-0.0244673
-0.0251711
-0.0258481
-0.0265014
-0.0271334
-0.0277467
-0.0283434
-0.0289255
-0.029495
-0.0300536
-0.0306031
-0.0311449
-0.0316805
-0.0322113
-0.0327385
-0.0332634
-0.0337869
-0.0343102
-0.034834
-0.0353594
-0.0358871
-0.0364178
-0.0369521
-0.0374906
-0.0380339
-0.0385823
-0.0391364
-0.0396963
-0.0402625
-0.0408352
-0.0414146
-0.0420007
-0.0425938
-0.0431938
-0.0438009
-0.044415
-0.045036
-0.0456638
-0.0462984
-0.0469396
-0.0475872
-0.0482411
-0.0489009
-0.0495664
-0.0502374
-0.0509134
-0.0515943
-0.0522796
-0.052969
-0.053662
-0.0543583
-0.0550574
-0.0557588
-0.0564622
-0.0571669
-0.0578726
-0.0585786
-0.0592845
-0.0599897
-0.0606936
-0.0613958
-0.0620957
-0.0627926
-0.063486
-0.0641754
-0.0648603
-0.0655399
-0.0662139
-0.0668816
-0.0675425
-0.068196
-0.0688416
-0.0694786
-0.0701064
-0.0707242
-0.0713314
-0.071927
-0.07251
-0.0730792
-0.0736333
-0.0741705
-0.0746892
-0.0751871
-0.0756617
-0.0761105
-0.0765303
-0.076918
-0.0772703
-0.0775838
-0.0778556
-0.0780835
-0.0782661
-0.0784042
-0.0785009
-0.078563
-0.0786017
-0.0786341
-0.078684
-0.0787824
-0.0789674
-0.0792832
-0.0797764
-0.0804911
-0.0814611
-0.0826989
-0.0841838
-0.0858475
-0.0875626
-0.0891334
-0.0902965
-0.0907312
-0.0900853
-0.0880156
-0.0842406
-0.0785988
-0.0711009
-0.0619651
-0.0516211
-0.0406792
-0.029864
-0.0199242
-0.0115354
-0.00522239
-0.00132191
0
0
0.00347669
0.00677311
0.00751668
0.00655125
0.00503457
0.00349074
0.00203146
0.000644958
-0.000696126
-0.00201186
-0.0033129
-0.00460167
-0.0058741
-0.00712181
-0.00833488
-0.00950431
-0.0106236
-0.0116892
-0.0127005
-0.0136587
-0.0145669
-0.0154286
-0.0162477
-0.0170281
-0.0177737
-0.0184877
-0.0191735
-0.0198338
-0.0204715
-0.0210889
-0.0216884
-0.0222721
-0.022842
-0.0234
-0.0239477
-0.024487
-0.0250193
-0.025546
-0.0260687
-0.0265884
-0.0271065
-0.0276239
-0.0281418
-0.0286611
-0.0291826
-0.0297071
-0.0302354
-0.0307681
-0.0313058
-0.031849
-0.0323981
-0.0329536
-0.0335157
-0.0340849
-0.0346613
-0.0352452
-0.0358366
-0.0364357
-0.0370425
-0.037657
-0.0382793
-0.0389092
-0.0395468
-0.0401917
-0.040844
-0.0415034
-0.0421696
-0.0428425
-0.0435218
-0.0442072
-0.0448983
-0.0455949
-0.0462965
-0.0470029
-0.0477134
-0.0484279
-0.0491457
-0.0498665
-0.0505897
-0.0513149
-0.0520416
-0.0527692
-0.0534972
-0.0542251
-0.0549523
-0.0556781
-0.0564022
-0.0571238
-0.0578424
-0.0585575
-0.0592684
-0.0599745
-0.0606754
-0.0613704
-0.062059
-0.0627406
-0.0634146
-0.0640804
-0.0647374
-0.0653849
-0.0660221
-0.0666481
-0.0672621
-0.0678629
-0.0684492
-0.0690195
-0.0695722
-0.0701051
-0.0706161
-0.0711025
-0.0715616
-0.0719902
-0.0723852
-0.0727431
-0.073061
-0.0733362
-0.073567
-0.0737531
-0.0738965
-0.0740021
-0.0740791
-0.0741418
-0.0742108
-0.0743138
-0.0744858
-0.0747684
-0.0752072
-0.0758476
-0.0767278
-0.0778691
-0.0792639
-0.0808621
-0.0825577
-0.0841792
-0.0854859
-0.0861753
-0.0859042
-0.0843256
-0.0811388
-0.0761479
-0.0693171
-0.0608117
-0.0510106
-0.0404844
-0.0299367
-0.0201191
-0.0117343
-0.00535301
-0.0013676
0
0
0.00378703
0.0078728
0.0094923
0.00929159
0.00841701
0.00742229
0.00642821
0.00541955
0.00436834
0.00326147
0.00210171
0.000903401
-0.000312499
-0.00152318
-0.0027081
-0.00385171
-0.00494428
-0.00598149
-0.00696309
-0.00789146
-0.00877042
-0.00960429
-0.0103974
-0.0111538
-0.0118771
-0.0125706
-0.0132374
-0.01388
-0.0145011
-0.0151029
-0.0156876
-0.0162573
-0.016814
-0.0173594
-0.0178953
-0.0184234
-0.0189452
-0.0194622
-0.0199758
-0.0204872
-0.0209977
-0.0215083
-0.0220201
-0.022534
-0.0230509
-0.0235716
-0.0240969
-0.0246273
-0.0251635
-0.0257061
-0.0262553
-0.0268118
-0.0273757
-0.0279474
-0.0285272
-0.0291152
-0.0297116
-0.0303164
-0.0309297
-0.0315516
-0.0321819
-0.0328207
-0.0334678
-0.0341231
-0.0347864
-0.0354576
-0.0361364
-0.0368226
-0.0375158
-0.0382158
-0.0389223
-0.0396348
-0.0403531
-0.0410767
-0.0418053
-0.0425383
-0.0432754
-0.044016
-0.0447598
-0.0455061
-0.0462544
-0.0470043
-0.0477552
-0.0485065
-0.0492577
-0.0500082
-0.0507573
-0.0515046
-0.0522494
-0.0529911
-0.0537292
-0.054463
-0.055192
-0.0559157
-0.0566333
-0.0573443
-0.0580482
-0.0587443
-0.0594319
-0.0601105
-0.0607792
-0.0614373
-0.0620838
-0.0627178
-0.0633379
-0.0639427
-0.0645308
-0.0651002
-0.0656488
-0.0661742
-0.0666737
-0.0671443
-0.067583
-0.0679865
-0.0683516
-0.0686756
-0.0689562
-0.0691927
-0.0693858
-0.0695391
-0.0696599
-0.0697601
-0.0698575
-0.0699765
-0.0701492
-0.0704143
-0.0708157
-0.0713991
-0.0722056
-0.0732633
-0.0745755
-0.0761077
-0.0777736
-0.079424
-0.0808404
-0.0817395
-0.0817896
-0.0806441
-0.0779885
-0.0735981
-0.0673961
-0.0594991
-0.0502373
-0.0401403
-0.0298872
-0.0202262
-0.0118801
-0.00545915
-0.00140708
0
0
0.0040652
0.00891247
0.0114021
0.0119671
0.011732
0.0112807
0.0107464
0.0101122
0.00934981
0.00845257
0.00743607
0.00633081
0.00517413
0.00400292
0.00284815
0.00173193
0.000667225
-0.000340663
-0.00129184
-0.00218959
-0.00303862
-0.00384393
-0.00461022
-0.00534166
-0.00604185
-0.00671393
-0.00736068
-0.00798463
-0.00858808
-0.00917325
-0.00974222
-0.010297
-0.0108394
-0.0113713
-0.0118945
-0.0124105
-0.012921
-0.0134273
-0.013931
-0.0144332
-0.0149352
-0.0154382
-0.0159431
-0.0164509
-0.0169625
-0.0174787
-0.0180003
-0.0185279
-0.019062
-0.0196033
-0.0201522
-0.0207091
-0.0212744
-0.0218482
-0.022431
-0.0230228
-0.0236237
-0.024234
-0.0248536
-0.0254826
-0.0261208
-0.0267683
-0.0274249
-0.0280905
-0.028765
-0.029448
-0.0301394
-0.0308389
-0.0315462
-0.032261
-0.0329831
-0.0337119
-0.0344472
-0.0351885
-0.0359354
-0.0366874
-0.0374442
-0.0382053
-0.03897
-0.039738
-0.0405087
-0.0412816
-0.042056
-0.0428316
-0.0436075
-0.0443834
-0.0451586
-0.0459324
-0.0467044
-0.0474739
-0.0482402
-0.0490028
-0.0497612
-0.0505146
-0.0512625
-0.0520043
-0.0527394
-0.0534672
-0.054187
-0.0548982
-0.0556
-0.0562917
-0.0569723
-0.0576409
-0.0582964
-0.0589374
-0.0595624
-0.0601697
-0.0607573
-0.061323
-0.0618641
-0.062378
-0.0628616
-0.0633117
-0.0637252
-0.0640992
-0.0644313
-0.0647201
-0.0649655
-0.0651701
-0.0653394
-0.0654832
-0.0656168
-0.0657618
-0.0659471
-0.0662085
-0.066588
-0.0671306
-0.0678792
-0.0688669
-0.0701059
-0.0715752
-0.073206
-0.0748696
-0.0763692
-0.0774408
-0.0777661
-0.0770021
-0.074825
-0.0709868
-0.0653746
-0.0580605
-0.0493283
-0.0396672
-0.0297287
-0.0202529
-0.0119759
-0.00554162
-0.00144036
0
0
0.00431143
0.00989006
0.0132426
0.0145747
0.0149776
0.0150652
0.0149865
0.0147247
0.014251
0.0135651
0.0126946
0.0116854
0.0105907
0.00946128
0.00833835
0.00725067
0.00621461
0.00523658
0.00431627
0.0034496
0.00263104
0.00185492
0.00111616
0.00041045
-0.000265771
-0.000915506
-0.00154135
-0.00214564
-0.00273055
-0.00329813
-0.00385038
-0.0043892
-0.00491647
-0.00543397
-0.00594342
-0.00644647
-0.00694467
-0.00743952
-0.00793239
-0.00842461
-0.00891738
-0.00941186
-0.00990909
-0.0104101
-0.0109156
-0.0114267
-0.0119439
-0.012468
-0.0129995
-0.013539
-0.014087
-0.0146438
-0.0152099
-0.0157854
-0.0163707
-0.016966
-0.0175713
-0.0181867
-0.0188124
-0.0194482
-0.0200942
-0.0207502
-0.0214163
-0.0220921
-0.0227776
-0.0234724
-0.0241765
-0.0248894
-0.025611
-0.0263408
-0.0270786
-0.027824
-0.0285765
-0.0293358
-0.0301015
-0.030873
-0.03165
-0.0324318
-0.0332182
-0.0340084
-0.0348021
-0.0355985
-0.0363973
-0.0371978
-0.0379993
-0.0388015
-0.0396035
-0.0404049
-0.0412049
-0.0420031
-0.0427988
-0.0435913
-0.0443801
-0.0451645
-0.0459439
-0.0467178
-0.0474855
-0.0482463
-0.0489997
-0.049745
-0.0504814
-0.0512082
-0.0519245
-0.0526294
-0.0533218
-0.0540004
-0.0546639
-0.0553107
-0.0559387
-0.056546
-0.0571302
-0.0576886
-0.0582183
-0.0587163
-0.0591794
-0.0596048
-0.0599898
-0.0603326
-0.0606327
-0.0608915
-0.0611132
-0.0613058
-0.0614824
-0.0616619
-0.0618701
-0.0621402
-0.0625118
-0.0630285
-0.0637343
-0.0646657
-0.0658422
-0.0672541
-0.0688482
-0.0705146
-0.0720769
-0.0732905
-0.0738518
-0.0734239
-0.0716775
-0.0683459
-0.0632847
-0.0565258
-0.0483094
-0.0390848
-0.0294747
-0.0202069
-0.0120254
-0.00560158
-0.00146759
0
0
0.00452614
0.0108038
0.0150104
0.0171112
0.018152
0.0187753
0.019149
0.0192583
0.0190745
0.0186026
0.0178813
0.0169716
0.0159419
0.0148564
0.0137667
0.0127084
0.0117014
0.0107534
0.00986413
0.00902878
0.00824103
0.00749458
0.00678395
0.00610468
0.00545321
0.00482666
0.0042226
0.00363885
0.00307341
0.00252434
0.00198974
0.00146775
0.000956564
0.000454407
-4.04321e-05
-0.000529597
-0.00101466
-0.0014971
-0.00197834
-0.0024597
-0.00294241
-0.00342763
-0.00391642
-0.00440978
-0.00490861
-0.00541374
-0.00592593
-0.00644586
-0.00697413
-0.00751128
-0.00805779
-0.00861407
-0.00918047
-0.00975729
-0.0103448
-0.010943
-0.0115523
-0.0121726
-0.012804
-0.0134465
-0.0141
-0.0147645
-0.0154398
-0.0161258
-0.0168223
-0.017529
-0.0182457
-0.0189722
-0.0197081
-0.0204531
-0.0212069
-0.021969
-0.0227391
-0.0235167
-0.0243014
-0.0250928
-0.0258904
-0.0266936
-0.027502
-0.0283151
-0.0291322
-0.029953
-0.0307767
-0.0316028
-0.0324307
-0.0332599
-0.0340896
-0.0349194
-0.0357485
-0.0365763
-0.0374023
-0.0382258
-0.0390461
-0.0398627
-0.0406749
-0.0414821
-0.0422837
-0.043079
-0.0438673
-0.0446481
-0.0454206
-0.046184
-0.0469376
-0.0476803
-0.0484112
-0.049129
-0.0498326
-0.0505202
-0.0511902
-0.0518406
-0.0524692
-0.0530734
-0.0536505
-0.0541976
-0.0547116
-0.0551897
-0.055629
-0.0560276
-0.0563843
-0.0566998
-0.0569773
-0.0572232
-0.0574485
-0.0576697
-0.05791
-0.0581997
-0.0585758
-0.0590805
-0.0597577
-0.0606462
-0.0617715
-0.0631333
-0.0646919
-0.0663547
-0.0679645
-0.0692955
-0.0700596
-0.0699281
-0.0685693
-0.0657017
-0.061154
-0.0549215
-0.0472039
-0.0384119
-0.0291386
-0.0200964
-0.0120327
-0.00564048
-0.00148899
0
0
0.00470988
0.0116519
0.0167021
0.0195735
0.0212532
0.0224102
0.0232341
0.0237144
0.0238225
0.0235679
0.023
0.0221935
0.0212318
0.0201924
0.0191372
0.0181088
0.0171309
0.0162129
0.0153545
0.0145505
0.0137937
0.0130773
0.0123953
0.0117431
0.0111171
0.0105145
0.00993306
0.00937072
0.00882563
0.00829595
0.00777989
0.00727564
0.00678143
0.00629552
0.00581619
0.00534179
0.00487076
0.00440158
0.00393283
0.00346317
0.00299135
0.00251619
0.00203662
0.00155162
0.00106027
0.000561741
5.52559e-05
-0.000459873
-0.000984263
-0.00151846
-0.00206295
-0.00261814
-0.0031844
-0.003762
-0.0043512
-0.00495217
-0.00556504
-0.0061899
-0.00682678
-0.00747567
-0.00813652
-0.00880924
-0.00949371
-0.0101897
-0.0108972
-0.0116157
-0.0123452
-0.0130852
-0.0138356
-0.0145959
-0.0153658
-0.0161449
-0.0169327
-0.017729
-0.0185331
-0.0193447
-0.0201633
-0.0209883
-0.0218193
-0.0226557
-0.0234969
-0.0243425
-0.0251918
-0.0260443
-0.0268993
-0.0277562
-0.0286145
-0.0294735
-0.0303325
-0.031191
-0.0320483
-0.0329037
-0.0337567
-0.0346066
-0.0354527
-0.0362945
-0.0371312
-0.0379622
-0.0387869
-0.0396047
-0.0404147
-0.0412162
-0.0420085
-0.0427905
-0.0435615
-0.0443201
-0.0450652
-0.0457953
-0.0465088
-0.0472038
-0.0478782
-0.0485296
-0.0491554
-0.0497529
-0.0503191
-0.0508511
-0.0513462
-0.051802
-0.0522172
-0.0525919
-0.0529281
-0.053231
-0.0535099
-0.0537792
-0.0540594
-0.0543782
-0.05477
-0.0552752
-0.055937
-0.0567957
-0.0578812
-0.0592011
-0.0607278
-0.0623838
-0.06403
-0.0654589
-0.0663982
-0.0665286
-0.065519
-0.0630762
-0.059006
-0.0532709
-0.0460329
-0.0376659
-0.0287331
-0.0199297
-0.012002
-0.00565995
-0.00150487
0
0
0.00486335
0.0124331
0.0183144
0.0219582
0.0242789
0.0259689
0.027242
0.028094
0.0284967
0.0284637
0.0280537
0.0273547
0.0264643
0.0254731
0.0244536
0.0234553
0.0225064
0.0216179
0.0207901
0.0200171
0.0192914
0.0186052
0.0179522
0.0173276
0.0167277
0.0161499
0.0155918
0.0150517
0.0145278
0.0140184
0.0135218
0.0130361
0.0125598
0.012091
0.0116281
0.0111693
0.0107132
0.0102581
0.00980273
0.00934561
0.0088855
0.00842121
0.00795164
0.00747576
0.00699264
0.00650143
0.00600133
0.00549166
0.00497178
0.00444113
0.00389923
0.00334566
0.00278006
0.00220214
0.00161165
0.00100841
0.000392294
-0.000236778
-0.000878839
-0.00153388
-0.00220183
-0.00288261
-0.00357607
-0.00428205
-0.00500034
-0.00573071
-0.00647288
-0.00722656
-0.00799142
-0.00876712
-0.00955329
-0.0103495
-0.0111554
-0.0119705
-0.0127944
-0.0136266
-0.0144665
-0.0153138
-0.0161678
-0.017028
-0.0178939
-0.0187649
-0.0196404
-0.0205199
-0.0214027
-0.0222881
-0.0231757
-0.0240647
-0.0249546
-0.0258446
-0.0267341
-0.0276226
-0.0285092
-0.0293935
-0.0302747
-0.0311522
-0.0320253
-0.0328933
-0.0337557
-0.0346118
-0.0354607
-0.0363018
-0.0371342
-0.0379572
-0.0387697
-0.0395707
-0.0403589
-0.041133
-0.0418915
-0.0426325
-0.0433542
-0.0440542
-0.0447302
-0.0453794
-0.0459991
-0.0465863
-0.0471385
-0.0476531
-0.0481285
-0.0485643
-0.0489618
-0.0493251
-0.0496619
-0.0499847
-0.0503117
-0.0506679
-0.0510855
-0.0516024
-0.052261
-0.0531023
-0.0541593
-0.0554464
-0.056946
-0.0585946
-0.0602697
-0.0617812
-0.0628726
-0.0632353
-0.0625406
-0.0604869
-0.0568603
-0.051594
-0.0448151
-0.0368626
-0.0282704
-0.0197147
-0.0119378
-0.00566177
-0.00151559
0
0
0.00498735
0.0131459
0.0198437
0.0242618
0.0272269
0.0294501
0.0311724
0.0323977
0.0330987
0.0332922
0.0330453
0.0324584
0.0316428
0.0307021
0.0297192
0.0287513
0.0278308
0.0269713
0.0261734
0.0254311
0.0247361
0.0240803
0.0234566
0.0228601
0.022287
0.0217345
0.0212006
0.0206836
0.0201817
0.0196934
0.019217
0.0187508
0.0182932
0.0178424
0.0173968
0.0169546
0.0165142
0.0160741
0.0156329
0.0151892
0.0147416
0.014289
0.0138302
0.0133642
0.0128901
0.0124069
0.0119139
0.0114104
0.0108956
0.0103691
0.00983042
0.00927902
0.00871459
0.00813683
0.0075455
0.00694041
0.00632143
0.00568849
0.00504156
0.00438066
0.00370584
0.00301721
0.00231492
0.00159913
0.000870061
0.000127959
-0.000626901
-0.00139421
-0.00217365
-0.00296485
-0.00376744
-0.004581
-0.00540513
-0.00623936
-0.00708324
-0.00793628
-0.00879799
-0.00966784
-0.0105453
-0.0114299
-0.0123209
-0.0132179
-0.0141202
-0.0150273
-0.0159385
-0.0168533
-0.0177709
-0.0186907
-0.0196122
-0.0205347
-0.0214574
-0.0223798
-0.0233011
-0.0242208
-0.0251381
-0.0260525
-0.0269632
-0.0278695
-0.0287709
-0.0296665
-0.0305558
-0.0314378
-0.032312
-0.0331773
-0.0340328
-0.0348776
-0.0357105
-0.0365302
-0.0373351
-0.0381237
-0.0388941
-0.0396442
-0.0403717
-0.041074
-0.0417485
-0.0423923
-0.0430029
-0.0435777
-0.044115
-0.0446138
-0.0450749
-0.0455015
-0.0458999
-0.0462809
-0.0466607
-0.0470618
-0.0475138
-0.0480528
-0.0487193
-0.0495547
-0.0505944
-0.0518578
-0.0533364
-0.0549789
-0.056678
-0.0582604
-0.059485
-0.0600547
-0.0596447
-0.0579477
-0.054733
-0.0499078
-0.0435669
-0.0360165
-0.0277617
-0.0194591
-0.0118443
-0.00564777
-0.00152156
0
0
0.0050828
0.0137892
0.0212868
0.0264804
0.0300941
0.0328525
0.0350247
0.0366256
0.0376293
0.0380549
0.0379771
0.0375074
0.0367705
0.0358826
0.0349374
0.0339996
0.0331071
0.0322756
0.0315068
0.0307947
0.0301302
0.0295045
0.0289104
0.0283424
0.0277966
0.0272701
0.0267611
0.0262678
0.0257888
0.0253224
0.0248671
0.0244213
0.0239833
0.0235514
0.0231238
0.022699
0.0222753
0.0218511
0.0214249
0.0209954
0.0205612
0.0201211
0.0196739
0.0192186
0.0187542
0.0182798
0.0177946
0.0172978
0.0167889
0.0162672
0.0157322
0.0151836
0.0146208
0.0140437
0.013452
0.0128455
0.0122241
0.0115876
0.0109362
0.0102697
0.00958827
0.00889202
0.00818107
0.00745563
0.0067159
0.00596213
0.00519462
0.00441368
0.00361964
0.00281287
0.00199376
0.00116272
0.000320186
-0.00053339
-0.00139753
-0.00227176
-0.00315555
-0.00404839
-0.00494973
-0.00585903
-0.00677572
-0.00769921
-0.00862892
-0.00956423
-0.0105045
-0.0114492
-0.0123976
-0.0133491
-0.014303
-0.0152587
-0.0162155
-0.0171727
-0.0181298
-0.0190859
-0.0200405
-0.0209928
-0.0219422
-0.0228881
-0.0238296
-0.0247662
-0.0256971
-0.0266215
-0.0275387
-0.0284478
-0.0293479
-0.030238
-0.031117
-0.0319837
-0.0328367
-0.0336743
-0.0344949
-0.0352965
-0.0360769
-0.0368337
-0.0375643
-0.0382661
-0.0389365
-0.039573
-0.0401735
-0.0407371
-0.041264
-0.0417564
-0.0422197
-0.0426631
-0.0431008
-0.0435533
-0.0440477
-0.0446177
-0.0453025
-0.0461428
-0.0471757
-0.0484248
-0.049889
-0.0515281
-0.0532487
-0.0548931
-0.0562354
-0.0569905
-0.0568388
-0.0554694
-0.0526373
-0.0482265
-0.0423024
-0.0351401
-0.0272171
-0.01917
-0.0117257
-0.00561979
-0.00152321
0
0
0.00515074
0.014362
0.02264
0.0286099
0.0328776
0.036174
0.0387979
0.0407776
0.042089
0.0427531
0.0428508
0.042504
0.04185
0.0410175
0.0401109
0.0392033
0.0383379
0.0375334
0.0367928
0.0361099
0.0354754
0.0348798
0.0343154
0.0337761
0.0332581
0.0327583
0.0322748
0.0318061
0.0313506
0.0309069
0.0304736
0.030049
0.0296314
0.0292192
0.0288107
0.0284042
0.027998
0.0275905
0.0271803
0.0267658
0.0263458
0.025919
0.0254842
0.0250404
0.0245865
0.0241216
0.0236449
0.0231556
0.0226531
0.0221369
0.0216063
0.0210609
0.0205004
0.0199245
0.0193329
0.0187254
0.0181019
0.0174624
0.0168067
0.0161349
0.0154472
0.0147436
0.0140242
0.0132892
0.012539
0.0117737
0.0109936
0.010199
0.00939035
0.00856796
0.00773224
0.00688361
0.0060225
0.00514939
0.00426475
0.00336907
0.00246289
0.00154672
0.00062111
-0.000313374
-0.00125616
-0.00220666
-0.00316428
-0.0041284
-0.0050984
-0.00607366
-0.00705352
-0.00803734
-0.00902447
-0.0100142
-0.011006
-0.011999
-0.0129926
-0.0139862
-0.014979
-0.0159704
-0.0169597
-0.0179462
-0.0189291
-0.0199079
-0.0208817
-0.0218498
-0.0228114
-0.0237657
-0.0247118
-0.0256487
-0.0265753
-0.0274905
-0.028393
-0.0292812
-0.0301535
-0.031008
-0.0318428
-0.0326554
-0.0334435
-0.0342046
-0.0349361
-0.0356356
-0.036301
-0.0369311
-0.0375255
-0.0380862
-0.0386172
-0.0391266
-0.0396269
-0.0401365
-0.0406802
-0.0412895
-0.0420017
-0.042857
-0.043893
-0.0451369
-0.0465938
-0.0482333
-0.0499746
-0.0516746
-0.0531223
-0.0540445
-0.054128
-0.0530599
-0.0505835
-0.0465619
-0.0410336
-0.0342445
-0.0266458
-0.0188541
-0.0115861
-0.00557964
-0.00152097
0
0
0.00519227
0.0148634
0.0238997
0.0306459
0.0355736
0.0394121
0.0424907
0.044853
0.0464777
0.0473873
0.0476676
0.04745
0.0468835
0.0461092
0.0452424
0.044365
0.0435258
0.0427472
0.0420334
0.0413789
0.0407737
0.0402079
0.0396731
0.0391629
0.038673
0.0382005
0.0377432
0.0372997
0.0368686
0.0364485
0.0360379
0.0356353
0.0352391
0.0348475
0.0344589
0.0340714
0.0336836
0.0332938
0.0329003
0.0325018
0.0320969
0.0316842
0.0312627
0.0308311
0.0303884
0.0299338
0.0294663
0.0289852
0.0284899
0.0279797
0.0274541
0.0269126
0.026355
0.0257807
0.0251897
0.0245817
0.0239566
0.0233143
0.0226548
0.0219781
0.0212843
0.0205736
0.019846
0.0191017
0.0183411
0.0175643
0.0167717
0.0159636
0.0151404
0.0143023
0.0134499
0.0125836
0.0117038
0.010811
0.00990562
0.00898825
0.00805938
0.00711956
0.00616933
0.00520927
0.00423995
0.00326197
0.00227593
0.00128245
0.000282158
-0.00072431
-0.00173631
-0.00275318
-0.00377425
-0.00479887
-0.00582635
-0.00685602
-0.00788718
-0.00891915
-0.00995123
-0.0109827
-0.012013
-0.0130412
-0.0140667
-0.0150889
-0.0161068
-0.0171199
-0.0181273
-0.0191282
-0.0201216
-0.0211067
-0.0220824
-0.0230476
-0.024001
-0.0249412
-0.0258667
-0.0267756
-0.027666
-0.0285359
-0.029383
-0.0302047
-0.0309987
-0.0317626
-0.0324942
-0.0331923
-0.0338562
-0.0344871
-0.0350885
-0.0356672
-0.0362341
-0.0368059
-0.037405
-0.038061
-0.0388091
-0.0396884
-0.040737
-0.0419845
-0.0434414
-0.0450857
-0.0468482
-0.0485995
-0.0501426
-0.0512165
-0.0515151
-0.0507249
-0.0485796
-0.0449236
-0.0397706
-0.0333394
-0.0260559
-0.0185172
-0.0114291
-0.00552906
-0.00151529
0
0
0.00520862
0.015293
0.0250624
0.0325837
0.0381782
0.0425642
0.0461011
0.0488505
0.050795
0.0519577
0.0524284
0.0523466
0.0518728
0.0511599
0.0503344
0.0494871
0.0486733
0.0479191
0.047231
0.0466036
0.0460269
0.0454905
0.0449852
0.0445042
0.0440429
0.0435981
0.0431677
0.0427502
0.0423442
0.0419484
0.0415614
0.0411817
0.0408076
0.0404375
0.0400696
0.0397022
0.0393337
0.0389623
0.0385865
0.0382048
0.0378158
0.0374181
0.0370106
0.0365921
0.0361615
0.0357179
0.0352604
0.0347882
0.0343007
0.0337972
0.0332773
0.0327403
0.032186
0.031614
0.0310241
0.030416
0.0297898
0.0291452
0.0284822
0.0278009
0.0271014
0.0263838
0.0256482
0.0248949
0.024124
0.023336
0.022531
0.0217094
0.0208715
0.0200178
0.0191487
0.0182646
0.017366
0.0164533
0.0155271
0.0145878
0.013636
0.0126722
0.011697
0.010711
0.00971475
0.00870885
0.0076939
0.00667055
0.00563941
0.00460113
0.00355637
0.00250578
0.00145003
0.000389797
-0.000674231
-0.00174137
-0.00281093
-0.0038822
-0.00495449
-0.0060271
-0.0070993
-0.00817039
-0.00923964
-0.0103063
-0.0113697
-0.012429
-0.0134834
-0.0145322
-0.0155744
-0.016609
-0.0176352
-0.0186518
-0.0196576
-0.0206513
-0.0216313
-0.022596
-0.0235436
-0.0244722
-0.0253794
-0.0262632
-0.027121
-0.0279506
-0.02875
-0.0295175
-0.0302525
-0.0309557
-0.0316298
-0.0322806
-0.0329178
-0.0335562
-0.0342163
-0.0349255
-0.0357171
-0.0366289
-0.0376988
-0.0389584
-0.0404226
-0.0420767
-0.0438619
-0.0456616
-0.0472923
-0.048505
-0.0490013
-0.0484683
-0.0466316
-0.0433192
-0.0385218
-0.0324329
-0.0254546
-0.018165
-0.0112582
-0.0054697
-0.0015066
0
0
0.00520107
0.0156502
0.0261246
0.0344181
0.0406867
0.0456268
0.0496268
0.0527685
0.0550397
0.0564637
0.0571331
0.0571948
0.0568192
0.0561714
0.0553889
0.0545718
0.0537825
0.0530514
0.0523874
0.0517858
0.0512368
0.0507291
0.0502531
0.0498014
0.049369
0.0489524
0.0485495
0.0481587
0.0477786
0.0474079
0.0470454
0.0466893
0.0463383
0.0459905
0.0456443
0.0452978
0.0449494
0.0445974
0.0442402
0.0438761
0.0435039
0.0431221
0.0427295
0.0423248
0.0419071
0.0414753
0.0410286
0.040566
0.0400871
0.039591
0.0390773
0.0385454
0.0379951
0.0374259
0.0368376
0.03623
0.035603
0.0349565
0.0342905
0.033605
0.0329001
0.0321759
0.0314326
0.0306704
0.0298895
0.0290903
0.028273
0.027438
0.0265856
0.0257163
0.0248305
0.0239286
0.023011
0.0220784
0.0211311
0.0201697
0.0191947
0.0182067
0.0172063
0.016194
0.0151704
0.0141361
0.0130918
0.0120381
0.0109756
0.00990493
0.00882679
0.00774183
0.00665073
0.00555417
0.00445283
0.00334741
0.00223862
0.00112716
1.37304e-05
-0.00110094
-0.00221613
-0.00333112
-0.00444517
-0.00555755
-0.00666748
-0.00777422
-0.00887695
-0.00997486
-0.0110671
-0.0121527
-0.0132307
-0.0143001
-0.0153597
-0.0164082
-0.0174442
-0.0184661
-0.0194723
-0.0204609
-0.0214298
-0.0223768
-0.0232998
-0.0241966
-0.025065
-0.0259035
-0.0267112
-0.0274884
-0.0282374
-0.028963
-0.0296737
-0.0303826
-0.0311087
-0.031877
-0.0327189
-0.0336709
-0.0347704
-0.0360501
-0.0375286
-0.0391977
-0.041008
-0.0428545
-0.0445668
-0.0459076
-0.0465865
-0.0462922
-0.0447439
-0.0417546
-0.037294
-0.031532
-0.0248481
-0.0178022
-0.0110765
-0.00540308
-0.00149531
0
0
0.00517098
0.0159351
0.0270827
0.036144
0.0430941
0.048596
0.0530648
0.0566048
0.0592101
0.0609043
0.0617815
0.0619946
0.0617238
0.0611451
0.0604076
0.0596212
0.0588555
0.0581461
0.0575045
0.0569275
0.0564049
0.0559253
0.0554782
0.0550559
0.0546526
0.0542648
0.0538899
0.0535265
0.053173
0.0528283
0.052491
0.0521595
0.0518324
0.0515078
0.0511841
0.0508595
0.0505322
0.0502004
0.0498626
0.0495172
0.0491627
0.0487976
0.0484207
0.0480308
0.0476267
0.0472075
0.0467723
0.0463201
0.0458504
0.0453624
0.0448556
0.0443295
0.0437837
0.0432179
0.0426318
0.0420252
0.0413979
0.04075
0.0400813
0.0393919
0.038682
0.0379515
0.0372008
0.03643
0.0356393
0.0348291
0.0339997
0.0331514
0.0322846
0.0313997
0.0304971
0.0295773
0.0286408
0.027688
0.0267195
0.0257359
0.0247375
0.0237251
0.0226991
0.0216602
0.0206089
0.0195459
0.0184718
0.0173873
0.0162929
0.0151893
0.0140772
0.0129573
0.0118302
0.0106966
0.00955723
0.00841277
0.00726392
0.00611142
0.00495597
0.00379831
0.00263916
0.00147926
0.000319357
-0.000839792
-0.00199743
-0.00315276
-0.004305
-0.00545332
-0.00659686
-0.00773471
-0.00886591
-0.00998944
-0.0111042
-0.0122089
-0.0133023
-0.0143828
-0.015449
-0.0164989
-0.0175308
-0.0185425
-0.0195321
-0.0204972
-0.0214361
-0.0223469
-0.0232289
-0.0240819
-0.0249077
-0.0257105
-0.0264976
-0.0272807
-0.028077
-0.0289098
-0.0298083
-0.0308075
-0.031944
-0.0332515
-0.0347513
-0.0364407
-0.038279
-0.0401719
-0.0419611
-0.0434211
-0.0442696
-0.0441978
-0.0429195
-0.0402344
-0.0360928
-0.0306425
-0.0242417
-0.017433
-0.0108868
-0.00533064
-0.00148181
0
0
0.00511979
0.0161479
0.0279335
0.0377557
0.0453948
0.0514673
0.0564118
0.0603567
0.0633042
0.0652778
0.0663726
0.066746
0.0665868
0.0660821
0.0653921
0.0646369
0.0638942
0.0632051
0.0625844
0.0620302
0.0615329
0.0610805
0.060662
0.0602688
0.0598949
0.0595362
0.0591901
0.0588547
0.0585287
0.0582107
0.0578995
0.0575935
0.0572911
0.0569907
0.0566904
0.0563885
0.0560832
0.0557727
0.0554552
0.0551293
0.0547933
0.0544459
0.0540856
0.0537112
0.0533217
0.0529159
0.0524929
0.052052
0.0515922
0.051113
0.0506138
0.0500941
0.0495535
0.0489916
0.0484082
0.0478031
0.0471761
0.0465271
0.0458562
0.0451634
0.0444488
0.0437124
0.0429545
0.0421753
0.0413751
0.0405541
0.0397127
0.0388512
0.0379701
0.0370696
0.0361503
0.0352127
0.0342572
0.0332842
0.0322945
0.0312883
0.0302664
0.0292293
0.0281775
0.0271117
0.0260325
0.0249404
0.0238361
0.0227203
0.0215935
0.0204565
0.01931
0.0181545
0.0169907
0.0158194
0.0146413
0.0134571
0.0122674
0.0110731
0.00987474
0.00867318
0.00746914
0.00626336
0.0050566
0.00384962
0.00264321
0.00143814
0.000235231
-0.000964696
-0.00216078
-0.00335213
-0.00453779
-0.00571677
-0.006888
-0.0080503
-0.00920241
-0.0103429
-0.0114704
-0.0125831
-0.0136793
-0.0147571
-0.0158144
-0.0168494
-0.01786
-0.0188447
-0.0198023
-0.0207327
-0.0216373
-0.0225194
-0.0233855
-0.0242461
-0.0251167
-0.0260186
-0.0269794
-0.0280322
-0.0292128
-0.030555
-0.0320827
-0.033798
-0.0356674
-0.037607
-0.0394699
-0.0410417
-0.0420486
-0.042185
-0.0411602
-0.038762
-0.0349226
-0.0297691
-0.0236399
-0.0170612
-0.0106917
-0.00525366
-0.00146646
0
0
0.00504897
0.0162891
0.0286738
0.0392475
0.047583
0.0542358
0.0596637
0.0640208
0.067319
0.0695821
0.0709048
0.071448
0.0714082
0.0709829
0.0703434
0.0696205
0.0689003
0.0682301
0.0676286
0.0670956
0.0666222
0.066196
0.0658055
0.0654415
0.0650971
0.0647679
0.064451
0.0641444
0.0638466
0.0635562
0.0632719
0.0629922
0.0627156
0.0624402
0.0621644
0.0618861
0.0616037
0.0613153
0.0610192
0.0607137
0.0603972
0.0600682
0.0597254
0.0593675
0.0589933
0.0586018
0.0581919
0.0577629
0.0573139
0.0568442
0.0563533
0.0558406
0.0553058
0.0547485
0.0541684
0.0535652
0.052939
0.0522895
0.0516169
0.050921
0.050202
0.0494601
0.0486954
0.0479081
0.0470985
0.046267
0.0454138
0.0445393
0.0436439
0.042728
0.0417921
0.0408366
0.039862
0.0388689
0.0378577
0.036829
0.0357834
0.0347213
0.0336436
0.0325506
0.031443
0.0303215
0.0291867
0.0280392
0.0268797
0.0257088
0.0245272
0.0233356
0.0221346
0.020925
0.0197075
0.0184828
0.0172515
0.0160145
0.0147725
0.0135262
0.0122764
0.0110238
0.00976919
0.00851337
0.00725712
0.00600124
0.00474654
0.00349385
0.00224403
0.000997961
-0.000243419
-0.00147913
-0.00270815
-0.00392934
-0.00514152
-0.00634337
-0.00753347
-0.00871029
-0.00987215
-0.0110173
-0.0121438
-0.0132498
-0.0143336
-0.0153934
-0.0164282
-0.0174376
-0.0184227
-0.0193862
-0.0203338
-0.0212747
-0.0222231
-0.0231986
-0.0242267
-0.025339
-0.02657
-0.0279538
-0.0295158
-0.0312622
-0.0331663
-0.0351535
-0.0370877
-0.0387653
-0.0399211
-0.0402529
-0.0394667
-0.0373395
-0.0337867
-0.0289158
-0.0230466
-0.01669
-0.0104935
-0.00517332
-0.00144962
0
0
0.00496005
0.0163598
0.0293009
0.0406136
0.0496521
0.0568959
0.0628162
0.0675934
0.0712514
0.0738144
0.075376
0.0760993
0.0761875
0.0758476
0.0752624
0.0745732
0.0738753
0.0732229
0.0726387
0.0721253
0.0716743
0.0712732
0.0709101
0.0705749
0.0702601
0.0699608
0.0696737
0.0693965
0.0691277
0.0688657
0.0686093
0.0683569
0.0681069
0.0678576
0.067607
0.0673535
0.067095
0.0668297
0.0665558
0.0662716
0.0659755
0.065666
0.0653416
0.065001
0.0646431
0.0642666
0.0638706
0.0634543
0.0630168
0.0625574
0.0620754
0.0615705
0.0610422
0.06049
0.0599138
0.0593132
0.0586882
0.0580388
0.0573647
0.0566662
0.0559434
0.0551962
0.054425
0.0536299
0.0528113
0.0519694
0.0511046
0.0502173
0.0493078
0.0483765
0.047424
0.0464507
0.0454571
0.0444437
0.0434111
0.0423597
0.0412903
0.0402032
0.0390992
0.0379788
0.0368427
0.0356915
0.0345258
0.0333462
0.0321535
0.0309482
0.0297311
0.0285028
0.0272641
0.0260156
0.024758
0.0234921
0.0222186
0.0209382
0.0196517
0.0183599
0.0170634
0.0157631
0.0144597
0.0131541
0.011847
0.0105393
0.00923169
0.00792512
0.00662041
0.00531844
0.00402014
0.00272645
0.00143838
0.000157007
-0.00111653
-0.00238101
-0.00363509
-0.00487733
-0.00610618
-0.00731998
-0.00851701
-0.00969547
-0.0108537
-0.01199
-0.0131034
-0.0141933
-0.0152605
-0.0163073
-0.0173386
-0.0183627
-0.0193922
-0.0204451
-0.0215453
-0.0227223
-0.0240098
-0.0254413
-0.0270436
-0.0288264
-0.0307689
-0.032805
-0.0348089
-0.0365875
-0.037884
-0.0384001
-0.0378393
-0.0359685
-0.0326876
-0.0280857
-0.0224651
-0.0163221
-0.010294
-0.00509067
-0.00143158
0
0
0.00485458
0.0163612
0.0298123
0.0418483
0.0515954
0.0594415
0.065864
0.0710702
0.0750975
0.0779713
0.0797834
0.080698
0.0809234
0.080676
0.0801494
0.0794959
0.0788205
0.0781847
0.0776164
0.0771207
0.0766905
0.0763134
0.0759769
0.0756701
0.075385
0.0751159
0.0748591
0.074612
0.0743729
0.0741403
0.0739127
0.0736885
0.0734661
0.0732438
0.0730196
0.0727916
0.072558
0.0723168
0.0720661
0.0718043
0.0715296
0.0712405
0.0709354
0.070613
0.0702722
0.0699116
0.0695304
0.0691276
0.0687023
0.0682539
0.0677817
0.0672853
0.066764
0.0662176
0.0656459
0.0650485
0.0644253
0.0637763
0.0631014
0.0624008
0.0616744
0.0609224
0.060145
0.0593425
0.0585151
0.0576631
0.0567869
0.0558869
0.0549634
0.054017
0.053048
0.0520569
0.0510443
0.0500107
0.0489565
0.0478825
0.046789
0.0456768
0.0445464
0.0433984
0.0422335
0.0410522
0.0398553
0.0386433
0.037417
0.036177
0.0349239
0.0336585
0.0323814
0.0310934
0.0297952
0.0284875
0.0271711
0.0258466
0.0245149
0.0231766
0.0218327
0.0204838
0.0191308
0.0177744
0.0164155
0.0150549
0.0136934
0.0123319
0.0109712
0.00961218
0.00825578
0.00690292
0.00555457
0.00421176
0.00287559
0.0015472
0.000227852
-0.00108112
-0.00237827
-0.00366208
-0.00493091
-0.00618312
-0.00741709
-0.00863132
-0.00982468
-0.0109966
-0.0121476
-0.0132795
-0.0143967
-0.0155063
-0.0166199
-0.0177538
-0.0189303
-0.0201771
-0.0215265
-0.0230115
-0.0246598
-0.026484
-0.0284687
-0.0305555
-0.0326283
-0.0345039
-0.0359341
-0.0366248
-0.0362774
-0.0346499
-0.0316273
-0.0272814
-0.021898
-0.01596
-0.010095
-0.00500665
-0.00141264
0
0
0.00473412
0.0162954
0.0302062
0.0429456
0.0534056
0.0618659
0.0688016
0.0744463
0.0788529
0.082049
0.0841238
0.0852414
0.0856143
0.0854672
0.0850043
0.0843892
0.083737
0.0831171
0.082563
0.0820832
0.0816721
0.0813177
0.0810068
0.0807281
0.0804725
0.0802339
0.0800079
0.0797917
0.0795832
0.0793808
0.0791829
0.0789879
0.0787942
0.0785998
0.078403
0.0782017
0.077994
0.0777778
0.0775514
0.0773129
0.0770606
0.0767928
0.076508
0.0762048
0.0758819
0.0755382
0.0751726
0.0747841
0.0743719
0.0739353
0.0734736
0.0729862
0.0724728
0.0719328
0.0713661
0.0707725
0.0701517
0.0695037
0.0688285
0.068126
0.0673966
0.0666401
0.065857
0.0650473
0.0642115
0.0633497
0.0624624
0.0615499
0.0606126
0.0596511
0.0586657
0.057657
0.0566254
0.0555715
0.0544959
0.053399
0.0522815
0.051144
0.0499871
0.0488113
0.0476173
0.0464058
0.0451774
0.0439327
0.0426724
0.0413972
0.0401077
0.0388047
0.0374888
0.0361608
0.0348214
0.0334713
0.0321112
0.030742
0.0293643
0.027979
0.0265867
0.0251885
0.0237849
0.0223769
0.0209653
0.0195508
0.0181344
0.0167169
0.0152991
0.013882
0.0124664
0.0110532
0.00964335
0.0082379
0.00683785
0.00544429
0.00405839
0.0026814
0.00131464
-4.04623e-05
-0.00138242
-0.0027097
-0.00402078
-0.00531425
-0.00658899
-0.00784439
-0.00908069
-0.0102995
-0.0115045
-0.012702
-0.0139025
-0.0151208
-0.0163774
-0.0176985
-0.0191148
-0.0206588
-0.0223584
-0.024229
-0.0262597
-0.0283992
-0.0305404
-0.03251
-0.0340679
-0.0349246
-0.03478
-0.0333838
-0.030607
-0.0265048
-0.0213475
-0.0156057
-0.00989801
-0.00492209
-0.00139304
0
0
0.00460025
0.0161647
0.0304813
0.0439003
0.0550753
0.064162
0.0716228
0.0777164
0.0825128
0.0860429
0.0883933
0.0897264
0.090258
0.0902199
0.0898268
0.0892534
0.0886254
0.088021
0.0874798
0.0870142
0.0866205
0.0862873
0.0860011
0.0857498
0.0855237
0.0853157
0.0851211
0.0849364
0.0847593
0.084588
0.0844209
0.0842561
0.084092
0.0839267
0.0837583
0.0835847
0.0834039
0.083214
0.0830129
0.0827987
0.0825697
0.0823242
0.0820607
0.0817776
0.0814737
0.0811477
0.0807985
0.0804252
0.0800269
0.0796028
0.0791523
0.0786748
0.0781698
0.077637
0.077076
0.0764867
0.0758688
0.0752224
0.0745473
0.0738437
0.0731115
0.0723511
0.0715625
0.0707461
0.069902
0.0690307
0.0681325
0.0672078
0.066257
0.0652806
0.0642789
0.0632526
0.0622022
0.0611281
0.0600309
0.0589112
0.0577697
0.0566068
0.0554231
0.0542194
0.0529962
0.0517542
0.050494
0.0492163
0.0479217
0.0466109
0.0452847
0.0439436
0.0425885
0.04122
0.0398388
0.0384457
0.0370414
0.0356267
0.0342024
0.0327692
0.031328
0.0298796
0.0284247
0.0269642
0.0254989
0.0240297
0.0225574
0.0210829
0.0196071
0.0181307
0.0166548
0.0151801
0.0137077
0.0122384
0.0107732
0.00931326
0.00785956
0.00641327
0.00497562
0.00354791
0.00213152
0.00072785
-0.000661679
-0.00203575
-0.00339326
-0.00473357
-0.00605676
-0.00736416
-0.00865885
-0.00994654
-0.0112364
-0.0125421
-0.0138825
-0.015282
-0.01677
-0.0183779
-0.0201341
-0.0220556
-0.024136
-0.0263304
-0.0285402
-0.0306014
-0.032282
-0.0332973
-0.033346
-0.0321702
-0.0296275
-0.0257575
-0.0208155
-0.015261
-0.00970436
-0.00483774
-0.00137302
0
0
0.00445455
0.0159719
0.030637
0.0447069
0.0565971
0.0663222
0.0743209
0.0808745
0.0860718
0.0899483
0.0925874
0.0941494
0.0948516
0.0949323
0.0946159
0.0940884
0.0934865
0.0928975
0.092368
0.0919149
0.0915368
0.0912232
0.0909606
0.0907361
0.0905392
0.0903621
0.0901992
0.0900467
0.089902
0.0897628
0.0896273
0.0894938
0.0893605
0.0892254
0.0890865
0.0889417
0.088789
0.0886262
0.0884515
0.0882627
0.0880581
0.087836
0.0875947
0.0873326
0.0870486
0.0867412
0.0864094
0.0860522
0.0856686
0.0852579
0.0848193
0.0843524
0.0838566
0.0833316
0.082777
0.0821926
0.0815783
0.0809339
0.0802595
0.0795551
0.0788208
0.0780567
0.0772632
0.0764403
0.0755884
0.0747079
0.0737991
0.0728624
0.0718982
0.070907
0.0698893
0.0688456
0.0677763
0.0666821
0.0655634
0.064421
0.0632552
0.0620669
0.0608565
0.0596247
0.0583721
0.0570994
0.0558072
0.0544962
0.053167
0.0518204
0.0504569
0.0490774
0.0476826
0.046273
0.0448496
0.0434129
0.0419639
0.0405031
0.0390315
0.0375499
0.0360589
0.0345595
0.0330525
0.0315387
0.0300189
0.0284941
0.026965
0.0254326
0.0238977
0.0223611
0.0208237
0.0192865
0.0177503
0.0162161
0.0146847
0.0131571
0.0116343
0.0101175
0.00860766
0.00710605
0.00561391
0.00413253
0.00266321
0.00120718
-0.000234502
-0.00166117
-0.00307279
-0.00447041
-0.00585668
-0.00723657
-0.00861829
-0.0100142
-0.0114417
-0.0129236
-0.0144875
-0.016164
-0.0179815
-0.0199586
-0.0220924
-0.024344
-0.0266229
-0.0287737
-0.0305728
-0.0317401
-0.0319737
-0.0310085
-0.0286894
-0.0250405
-0.0203034
-0.0149272
-0.00951518
-0.00475425
-0.00135279
0
0
0.00429857
0.0157203
0.0306734
0.0453609
0.0579631
0.0683383
0.0768887
0.0839142
0.089524
0.0937594
0.0967011
0.098506
0.0993917
0.0996019
0.0993702
0.0988937
0.0983203
0.0977472
0.0972285
0.0967863
0.0964222
0.0961267
0.0958864
0.0956879
0.09552
0.0953738
0.0952431
0.0951235
0.0950118
0.0949057
0.094803
0.0947019
0.0946005
0.0944967
0.0943885
0.0942736
0.0941501
0.0940157
0.0938684
0.0937061
0.093527
0.0933292
0.0931111
0.0928712
0.092608
0.0923202
0.0920066
0.0916663
0.0912983
0.0909017
0.090476
0.0900204
0.0895346
0.089018
0.0884705
0.0878916
0.0872814
0.0866397
0.0859665
0.0852618
0.0845258
0.0837586
0.0829604
0.0821315
0.0812722
0.0803828
0.0794637
0.0785153
0.077538
0.0765322
0.0754986
0.0744375
0.0733496
0.0722353
0.0710952
0.0699299
0.0687401
0.0675262
0.0662889
0.0650289
0.0637468
0.0624432
0.0611188
0.0597743
0.0584103
0.0570274
0.0556265
0.0542082
0.0527732
0.0513222
0.049856
0.0483753
0.0468809
0.0453736
0.0438541
0.0423232
0.0407819
0.0392308
0.0376709
0.036103
0.034528
0.0329467
0.0313599
0.0297686
0.0281737
0.0265759
0.0249761
0.0233753
0.0217743
0.0201739
0.0185751
0.0169787
0.0153856
0.013797
0.0122137
0.0106369
0.00906774
0.00750731
0.00595684
0.00441748
0.00289021
0.00137573
-0.000125852
-0.00161533
-0.00309495
-0.00456906
-0.00604495
-0.00753378
-0.00905148
-0.0106193
-0.0122633
-0.0140128
-0.0158961
-0.017933
-0.0201238
-0.022435
-0.0247836
-0.0270228
-0.0289368
-0.0302504
-0.0306615
-0.029898
-0.0277926
-0.0243547
-0.0198125
-0.0146057
-0.00933147
-0.0046722
-0.00133252
0
0
0.00413387
0.0154137
0.0305918
0.0458581
0.059166
0.0702021
0.0793183
0.0868287
0.092863
0.0974702
0.100729
0.102791
0.103874
0.104226
0.104088
0.103668
0.103127
0.102571
0.102062
0.10163
0.101278
0.100999
0.100779
0.100606
0.100467
0.100351
0.100253
0.100167
0.100089
0.100017
0.0999487
0.0998811
0.0998128
0.0997415
0.0996651
0.0995814
0.0994882
0.0993833
0.0992646
0.0991299
0.0989774
0.0988051
0.0986113
0.0983944
0.098153
0.0978858
0.0975914
0.0972689
0.0969173
0.0965358
0.0961237
0.0956802
0.095205
0.0946977
0.0941578
0.0935852
0.0929797
0.0923412
0.0916698
0.0909654
0.0902281
0.0894583
0.0886559
0.0878214
0.086955
0.086057
0.0851279
0.084168
0.0831778
0.0821578
0.0811084
0.0800302
0.0789237
0.0777894
0.076628
0.07544
0.074226
0.0729866
0.0717224
0.0704341
0.0691224
0.0677878
0.066431
0.0650527
0.0636535
0.0622342
0.0607955
0.059338
0.0578624
0.0563696
0.0548602
0.053335
0.0517947
0.0502402
0.0486723
0.0470917
0.0454993
0.0438959
0.0422824
0.0406597
0.0390286
0.0373899
0.0357447
0.0340937
0.0324377
0.0307778
0.0291147
0.0274492
0.0257823
0.0241147
0.0224473
0.0207809
0.0191164
0.0174547
0.0157968
0.0141435
0.0124959
0.0108551
0.00922211
0.00759802
0.00598374
0.00437997
0.0027869
0.00120393
-0.000370804
-0.00194107
-0.00351333
-0.00509761
-0.00670844
-0.00836547
-0.0100933
-0.01192
-0.0138734
-0.0159742
-0.0182254
-0.0205988
-0.023018
-0.0253446
-0.0273705
-0.0288255
-0.0294075
-0.0288378
-0.0269372
-0.0237007
-0.0193437
-0.0142975
-0.00915412
-0.00459211
-0.0013124
0
0
0.00396199
0.0150565
0.0303942
0.0461953
0.0601981
0.0719048
0.0816017
0.0896105
0.0960819
0.101074
0.104664
0.107
0.108295
0.1088
0.108766
0.108411
0.107905
0.107368
0.10687
0.106446
0.106104
0.10584
0.105641
0.105491
0.10538
0.105296
0.10523
0.105178
0.105136
0.105099
0.105065
0.105032
0.104998
0.104961
0.104917
0.104866
0.104804
0.10473
0.104641
0.104535
0.10441
0.104265
0.104096
0.103904
0.103685
0.103439
0.103165
0.102861
0.102527
0.102161
0.101764
0.101333
0.100869
0.100372
0.0998404
0.0992747
0.0986746
0.0980399
0.0973708
0.0966672
0.0959292
0.0951571
0.0943511
0.0935113
0.0926382
0.091732
0.0907932
0.0898222
0.0888194
0.0877853
0.0867204
0.0856252
0.0845003
0.0833462
0.0821635
0.0809528
0.0797147
0.0784498
0.0771587
0.075842
0.0745005
0.0731348
0.0717455
0.0703332
0.0688987
0.0674427
0.0659659
0.0644689
0.0629525
0.0614174
0.0598644
0.0582942
0.0567076
0.0551054
0.0534885
0.0518575
0.0502135
0.0485572
0.0468894
0.0452111
0.0435232
0.0418265
0.0401219
0.0384103
0.0366926
0.0349696
0.0332421
0.031511
0.0297772
0.0280413
0.0263042
0.0245667
0.0228296
0.0210936
0.0193597
0.0176286
0.0159013
0.0141787
0.0124618
0.0107516
0.00904888
0.00735433
0.00566822
0.00399014
0.00231854
0.000650197
-0.00102055
-0.0027027
-0.00440943
-0.00615887
-0.00797406
-0.00988179
-0.0119093
-0.0140779
-0.0163931
-0.018831
-0.0213219
-0.0237353
-0.0258707
-0.0274629
-0.0282098
-0.0278268
-0.026123
-0.023079
-0.018898
-0.0140036
-0.00898389
-0.00451445
-0.00129257
0
0
0.00378441
0.0146531
0.0300837
0.04637
0.0610526
0.0734377
0.0837302
0.0922517
0.0991735
0.104565
0.108501
0.111125
0.112648
0.113321
0.113402
0.113119
0.112655
0.112139
0.111652
0.111235
0.110903
0.110652
0.110471
0.110345
0.110261
0.110207
0.110175
0.110158
0.110151
0.11015
0.110152
0.110155
0.110157
0.110155
0.110146
0.110128
0.110099
0.110057
0.109999
0.109923
0.109827
0.109709
0.109567
0.1094
0.109205
0.108982
0.108729
0.108445
0.108129
0.10778
0.107397
0.10698
0.106529
0.106042
0.10552
0.104962
0.104367
0.103737
0.103071
0.102369
0.101631
0.100857
0.100047
0.0992028
0.0983234
0.0974094
0.0964613
0.0954794
0.0944643
0.0934164
0.0923362
0.0912242
0.0900811
0.0889073
0.0877034
0.0864701
0.085208
0.0839175
0.0825995
0.0812545
0.0798832
0.0784862
0.0770642
0.0756179
0.0741479
0.0726549
0.0711397
0.0696029
0.0680453
0.0664677
0.0648706
0.0632551
0.0616217
0.0599714
0.0583049
0.0566231
0.0549268
0.0532169
0.0514943
0.0497598
0.0480144
0.0462589
0.0444942
0.0427213
0.0409409
0.0391539
0.0373612
0.0355635
0.0337617
0.0319565
0.0301486
0.0283388
0.0265279
0.0247164
0.0229052
0.0210951
0.0192867
0.017481
0.0156788
0.013881
0.0120883
0.0103015
0.00852079
0.00674594
0.00497574
0.00320744
0.00143611
-0.000346223
-0.0021515
-0.00399633
-0.00590223
-0.00789463
-0.01
-0.0122401
-0.0146226
-0.0171275
-0.0196914
-0.0221913
-0.0244341
-0.0261598
-0.0270665
-0.026864
-0.0253495
-0.0224898
-0.0184761
-0.0137248
-0.0088215
-0.00443963
-0.00127317
0
0
0.00360263
0.0142086
0.0296643
0.046381
0.061723
0.0747917
0.0856947
0.094744
0.10213
0.107934
0.112232
0.115161
0.116927
0.117784
0.117992
0.117791
0.117374
0.116883
0.116408
0.115999
0.115675
0.115435
0.115271
0.115167
0.115109
0.115086
0.115088
0.115106
0.115135
0.115171
0.115211
0.115252
0.11529
0.115324
0.115351
0.115369
0.115374
0.115365
0.115339
0.115295
0.115229
0.11514
0.115025
0.114884
0.114714
0.114515
0.114284
0.11402
0.113724
0.113392
0.113026
0.112624
0.112185
0.11171
0.111197
0.110647
0.11006
0.109435
0.108772
0.108071
0.107334
0.106559
0.105746
0.104897
0.104012
0.103091
0.102134
0.101141
0.100114
0.0990526
0.0979574
0.0968289
0.0956677
0.0944744
0.0932495
0.0919937
0.0907075
0.0893917
0.0880467
0.0866733
0.0852722
0.0838438
0.0823891
0.0809085
0.0794028
0.0778727
0.0763189
0.0747421
0.073143
0.0715224
0.0698811
0.0682198
0.0665392
0.0648403
0.0631238
0.0613907
0.0596416
0.0578776
0.0560995
0.0543082
0.0525046
0.0506896
0.0488641
0.047029
0.0451852
0.0433334
0.0414745
0.0396093
0.0377386
0.035863
0.0339833
0.0321001
0.0302141
0.028326
0.0264363
0.0245457
0.022655
0.0207647
0.0188758
0.0169889
0.0151048
0.0132241
0.0113472
0.00947391
0.00760334
0.00573321
0.00385926
0.00197448
6.81331e-05
-0.00187494
-0.00387472
-0.00595524
-0.00814214
-0.0104573
-0.0129102
-0.0154845
-0.0181228
-0.0207091
-0.0230577
-0.0249137
-0.0259759
-0.0259481
-0.0246164
-0.0219333
-0.0180784
-0.0134619
-0.00866759
-0.00436804
-0.00125432
0
0
0.00341807
0.0137282
0.0291414
0.0462282
0.0622035
0.0759581
0.0874859
0.0970787
0.104943
0.111174
0.115849
0.119099
0.121127
0.122182
0.122532
0.122423
0.122061
0.121599
0.121139
0.120737
0.12042
0.120191
0.120042
0.119959
0.119927
0.119934
0.119969
0.120023
0.120089
0.120164
0.120242
0.120322
0.120398
0.12047
0.120534
0.120588
0.120629
0.120655
0.120663
0.120651
0.120616
0.120557
0.120472
0.120358
0.120214
0.120039
0.119831
0.11959
0.119313
0.119
0.118651
0.118264
0.117839
0.117376
0.116874
0.116333
0.115753
0.115133
0.114475
0.113777
0.11304
0.112264
0.11145
0.110597
0.109706
0.108777
0.107812
0.106809
0.10577
0.104696
0.103586
0.102441
0.101262
0.100049
0.0988033
0.0975251
0.0962151
0.0948739
0.093502
0.0921003
0.0906692
0.0892095
0.0877219
0.086207
0.0846655
0.0830981
0.0815055
0.0798884
0.0782476
0.0765838
0.0748978
0.0731904
0.0714623
0.0697144
0.0679475
0.0661625
0.0643602
0.0625415
0.0607074
0.0588587
0.0569963
0.0551212
0.0532342
0.0513362
0.0494281
0.0475107
0.0455848
0.0436512
0.0417106
0.0397636
0.037811
0.0358533
0.0338912
0.0319251
0.0299556
0.0279833
0.0260087
0.0240325
0.0220554
0.0200779
0.0181008
0.0161247
0.0141499
0.0121765
0.0102038
0.00822995
0.00625136
0.00426191
0.00225205
0.000208012
-0.00188865
-0.00406057
-0.00633242
-0.00872609
-0.0112524
-0.0138987
-0.0166127
-0.0192855
-0.0217386
-0.0237223
-0.024936
-0.0250781
-0.0239231
-0.0214097
-0.0177057
-0.0132155
-0.00852274
-0.00430005
-0.00123614
0
0
0.00323212
0.0132172
0.0285212
0.0459129
0.0624891
0.0769283
0.0890942
0.0992465
0.107604
0.114277
0.119344
0.122933
0.125239
0.12651
0.127016
0.127012
0.126714
0.126287
0.125843
0.12545
0.125139
0.12492
0.124784
0.124721
0.124714
0.124751
0.124819
0.124909
0.125014
0.125128
0.125246
0.125365
0.125482
0.125593
0.125696
0.125788
0.125866
0.125928
0.125971
0.125992
0.12599
0.125963
0.125907
0.125822
0.125706
0.125556
0.125373
0.125154
0.124898
0.124605
0.124273
0.123903
0.123492
0.123042
0.122551
0.12202
0.121448
0.120835
0.120181
0.119486
0.118751
0.117975
0.117158
0.116302
0.115406
0.114471
0.113497
0.112485
0.111435
0.110347
0.109222
0.108062
0.106865
0.105633
0.104367
0.103066
0.101732
0.100366
0.0989672
0.0975371
0.0960761
0.0945851
0.0930645
0.0915152
0.0899377
0.0883329
0.0867013
0.0850438
0.0833611
0.0816538
0.0799229
0.078169
0.0763931
0.0745958
0.0727781
0.0709408
0.0690848
0.0672111
0.0653204
0.0634137
0.061492
0.0595561
0.0576069
0.0556454
0.0536723
0.0516885
0.0496948
0.0476918
0.0456804
0.0436611
0.0416345
0.0396012
0.0375617
0.0355164
0.0334658
0.0314104
0.0293507
0.0272871
0.0252202
0.0231506
0.0210789
0.0190057
0.0169314
0.0148561
0.0127794
0.0107
0.00861475
0.00651845
0.00440269
0.00225506
5.86187e-05
-0.00220782
-0.00456787
-0.00704326
-0.00964604
-0.0123666
-0.0151578
-0.0179175
-0.0204741
-0.0225832
-0.0239451
-0.0242527
-0.0232692
-0.020919
-0.0173583
-0.0129864
-0.00838754
-0.00423598
-0.00121875
0
0
0.00304608
0.012681
0.0278109
0.0454378
0.0625761
0.077694
0.09051
0.101238
0.110104
0.117233
0.122709
0.126654
0.129257
0.130761
0.13144
0.131553
0.131329
0.130943
0.13052
0.130137
0.129833
0.129622
0.1295
0.129454
0.129472
0.129538
0.12964
0.129766
0.12991
0.130064
0.130224
0.130384
0.130542
0.130694
0.130837
0.130968
0.131085
0.131184
0.131264
0.131321
0.131353
0.131358
0.131333
0.131278
0.13119
0.131068
0.130909
0.130714
0.13048
0.130207
0.129894
0.129541
0.129146
0.12871
0.128231
0.12771
0.127147
0.12654
0.125892
0.125201
0.124467
0.123692
0.122874
0.122015
0.121114
0.120173
0.119191
0.11817
0.117108
0.116008
0.114869
0.113693
0.112479
0.111228
0.109941
0.108618
0.107261
0.105869
0.104444
0.102985
0.101495
0.0999722
0.0984187
0.0968349
0.0952214
0.093579
0.0919084
0.0902103
0.0884854
0.0867345
0.0849584
0.0831578
0.0813336
0.0794867
0.0776178
0.0757279
0.0738178
0.0718885
0.0699408
0.0679757
0.0659941
0.0639968
0.0619849
0.0599591
0.0579203
0.0558694
0.053807
0.0517339
0.0496507
0.0475581
0.0454565
0.0433464
0.0412283
0.0391026
0.0369697
0.0348298
0.0326834
0.0305309
0.0283728
0.0262094
0.0240415
0.0218695
0.0196939
0.017515
0.0153325
0.0131455
0.0109516
0.00874632
0.00652232
0.00426855
0.00196956
-0.000394373
-0.00284575
-0.00540598
-0.00808808
-0.0108852
-0.0137551
-0.0166021
-0.0192616
-0.0214942
-0.0230014
-0.0234708
-0.0226542
-0.0204613
-0.0170368
-0.0127752
-0.00826255
-0.00417618
-0.00120224
0
0
0.00286118
0.0121249
0.0270185
0.0448073
0.0624621
0.0782478
0.0917236
0.103043
0.112434
0.120034
0.125935
0.130254
0.133171
0.134928
0.135795
0.136041
0.135902
0.135566
0.135169
0.134799
0.134502
0.134299
0.134188
0.13416
0.134201
0.134296
0.13443
0.134594
0.134777
0.134973
0.135174
0.135377
0.135578
0.135773
0.135957
0.13613
0.136287
0.136425
0.136542
0.136636
0.136703
0.136742
0.136751
0.136727
0.136668
0.136574
0.136442
0.136271
0.13606
0.135809
0.135516
0.13518
0.134802
0.13438
0.133914
0.133404
0.13285
0.132252
0.131609
0.130922
0.130191
0.129417
0.128598
0.127737
0.126832
0.125885
0.124896
0.123865
0.122793
0.12168
0.120528
0.119336
0.118104
0.116835
0.115528
0.114183
0.112802
0.111386
0.109934
0.108447
0.106926
0.105373
0.103786
0.102168
0.100518
0.0988384
0.0971286
0.0953897
0.0936225
0.0918277
0.0900062
0.0881588
0.0862862
0.0843893
0.0824689
0.080526
0.0785615
0.0765762
0.074571
0.072547
0.070505
0.0684459
0.0663706
0.0642799
0.0621748
0.060056
0.0579241
0.05578
0.0536242
0.0514572
0.0492796
0.0470917
0.0448939
0.0426865
0.0404698
0.038244
0.0360096
0.0337666
0.0315156
0.0292569
0.026991
0.0247184
0.0224398
0.0201553
0.0178652
0.0155687
0.0132641
0.0109476
0.00861307
0.00625068
0.00384646
0.00138216
-0.00116354
-0.00381158
-0.00657578
-0.00945183
-0.012402
-0.0153369
-0.0180986
-0.0204532
-0.0221033
-0.0227315
-0.0220775
-0.0200368
-0.0167416
-0.0125825
-0.00814832
-0.00412098
-0.00118674
0
0
0.00267855
0.0115542
0.0261529
0.0440273
0.0621459
0.0785826
0.0927253
0.104652
0.114584
0.122671
0.129012
0.133721
0.136973
0.139001
0.140076
0.140471
0.140429
0.140152
0.139788
0.139433
0.139146
0.13895
0.13885
0.138839
0.138902
0.139025
0.139192
0.139393
0.139616
0.139854
0.140099
0.140346
0.140591
0.14083
0.141058
0.141273
0.141472
0.141651
0.141808
0.14194
0.142044
0.142119
0.142161
0.142169
0.142141
0.142076
0.141971
0.141827
0.14164
0.141411
0.141139
0.140822
0.140461
0.140054
0.139602
0.139104
0.13856
0.13797
0.137334
0.136652
0.135924
0.135151
0.134332
0.133469
0.13256
0.131608
0.130612
0.129572
0.12849
0.127366
0.126199
0.124992
0.123744
0.122456
0.121129
0.119763
0.118359
0.116917
0.115438
0.113924
0.112373
0.110788
0.109169
0.107516
0.10583
0.104113
0.102364
0.100584
0.0987743
0.0969356
0.0950685
0.093174
0.0912527
0.0893056
0.0873335
0.0853374
0.083318
0.0812764
0.0792134
0.0771301
0.0750272
0.0729057
0.0707665
0.0686104
0.0664383
0.0642508
0.0620488
0.0598328
0.0576035
0.0553612
0.0531065
0.0508396
0.0485609
0.0462705
0.0439687
0.0416557
0.0393316
0.0369966
0.034651
0.0322952
0.0299296
0.0275547
0.0251711
0.0227793
0.0203795
0.0179715
0.0155541
0.0131243
0.0106769
0.00820348
0.00569143
0.003124
0.000481108
-0.00225762
-0.00510658
-0.00806379
-0.0110958
-0.0141192
-0.0169829
-0.0194583
-0.0212494
-0.0220335
-0.0215389
-0.0196455
-0.0164734
-0.012409
-0.00804544
-0.00407072
-0.00117233
0
0
0.00249921
0.0109738
0.0252237
0.0431052
0.0616284
0.0786928
0.0935059
0.106055
0.116544
0.125133
0.131931
0.137048
0.140653
0.142973
0.144275
0.144835
0.144905
0.144699
0.144374
0.14404
0.143763
0.143576
0.143487
0.143491
0.143576
0.143726
0.143926
0.144164
0.144428
0.144709
0.144999
0.145291
0.145582
0.145866
0.14614
0.1464
0.146642
0.146863
0.147061
0.147233
0.147375
0.147487
0.147564
0.147606
0.147611
0.147576
0.1475
0.147382
0.147221
0.147015
0.146764
0.146467
0.146124
0.145733
0.145296
0.14481
0.144277
0.143696
0.143067
0.142391
0.141667
0.140896
0.140077
0.139212
0.138301
0.137344
0.136341
0.135293
0.134201
0.133065
0.131886
0.130663
0.129399
0.128093
0.126746
0.125358
0.123931
0.122464
0.120959
0.119417
0.117837
0.11622
0.114568
0.112881
0.111159
0.109404
0.107616
0.105795
0.103943
0.10206
0.100147
0.0982054
0.0962354
0.0942379
0.0922138
0.0901641
0.0880897
0.0859915
0.0838704
0.0817273
0.0795631
0.0773788
0.0751752
0.0729531
0.0707133
0.0684566
0.0661836
0.063895
0.0615912
0.0592727
0.0569398
0.0545928
0.0522319
0.0498573
0.047469
0.0450672
0.0426519
0.0402233
0.0377815
0.0353268
0.0328596
0.0303805
0.02789
0.0253888
0.0228774
0.0203559
0.0178235
0.0152782
0.0127157
0.0101289
0.00750644
0.00483321
0.00209035
-0.000741816
-0.00367814
-0.00671871
-0.00983409
-0.0129468
-0.0159123
-0.0185076
-0.020438
-0.021376
-0.0210378
-0.0192877
-0.0162326
-0.0122554
-0.00795451
-0.00402573
-0.00115912
0
0
0.00232405
0.0103886
0.0242407
0.0420501
0.0609119
0.0785738
0.0940566
0.107241
0.118303
0.127411
0.134681
0.140224
0.144202
0.146833
0.148382
0.149126
0.149325
0.1492
0.148924
0.148617
0.148355
0.148177
0.148099
0.148118
0.148223
0.1484
0.148633
0.148908
0.149213
0.149538
0.149873
0.150213
0.150551
0.150883
0.151203
0.151509
0.151796
0.152062
0.152303
0.152516
0.152698
0.152848
0.152962
0.153039
0.153077
0.153074
0.153028
0.152938
0.152803
0.152621
0.152393
0.152117
0.151793
0.151419
0.150997
0.150525
0.150003
0.149432
0.148811
0.148141
0.147421
0.146653
0.145835
0.144969
0.144055
0.143094
0.142085
0.141029
0.139928
0.13878
0.137588
0.136351
0.13507
0.133746
0.13238
0.130971
0.129521
0.12803
0.126499
0.124928
0.123319
0.121671
0.119986
0.118265
0.116507
0.114714
0.112886
0.111025
0.10913
0.107203
0.105244
0.103255
0.101236
0.0991882
0.097112
0.0950086
0.0928789
0.0907238
0.0885442
0.086341
0.0841152
0.0818676
0.0795991
0.0773105
0.0750025
0.0726759
0.0703312
0.0679691
0.06559
0.0631942
0.0607821
0.0583539
0.0559096
0.0534494
0.0509733
0.0484811
0.045973
0.043449
0.0409092
0.0383538
0.0357831
0.0331978
0.0305985
0.0279858
0.0253607
0.0227235
0.0200741
0.0174111
0.0147312
0.0120285
0.00929329
0.00651166
0.00366618
0.000737908
-0.00228829
-0.00541435
-0.0086147
-0.0118175
-0.0148849
-0.0175993
-0.0196679
-0.0207581
-0.0205739
-0.0189634
-0.0160199
-0.0121224
-0.00787616
-0.0039864
-0.00114723
0
0
0.00215386
0.00980282
0.023214
0.0408728
0.060001
0.0782226
0.0943693
0.108201
0.119852
0.129494
0.137252
0.143239
0.147608
0.150571
0.152388
0.153336
0.15368
0.153652
0.153435
0.153162
0.152918
0.152753
0.152686
0.152719
0.152845
0.153048
0.153313
0.153626
0.153972
0.154341
0.154724
0.155112
0.155499
0.155879
0.156248
0.156602
0.156936
0.157248
0.157533
0.157789
0.158013
0.158203
0.158356
0.158469
0.158541
0.158571
0.158556
0.158496
0.158388
0.158232
0.158027
0.157773
0.157468
0.157113
0.156707
0.156249
0.15574
0.155179
0.154567
0.153903
0.153189
0.152423
0.151607
0.150741
0.149825
0.148859
0.147845
0.146782
0.145671
0.144513
0.143308
0.142057
0.14076
0.139418
0.138032
0.136602
0.13513
0.133614
0.132057
0.130459
0.12882
0.127142
0.125424
0.123668
0.121875
0.120044
0.118177
0.116275
0.114337
0.112366
0.110362
0.108325
0.106257
0.104159
0.10203
0.099873
0.0976878
0.0954755
0.0932372
0.0909737
0.0886859
0.0863747
0.0840408
0.0816851
0.0793084
0.0769112
0.0744942
0.0720578
0.0696025
0.0671285
0.0646361
0.0621255
0.0595965
0.0570493
0.0544838
0.0518998
0.0492972
0.0466761
0.0440364
0.0413783
0.0387022
0.0360087
0.0332984
0.0305722
0.0278312
0.0250761
0.0223075
0.0195245
0.0167251
0.0139042
0.0110537
0.00816113
0.00521044
0.00218349
-0.000934992
-0.00414865
-0.00743554
-0.0107293
-0.0138988
-0.0167319
-0.0189377
-0.0201788
-0.0201469
-0.0186729
-0.0158359
-0.012011
-0.00781108
-0.00395312
-0.00113678
0
0
0.00198928
0.00922067
0.0221538
0.0395849
0.0589021
0.0776378
0.0944368
0.108923
0.121179
0.131372
0.139634
0.146081
0.150861
0.154178
0.156284
0.157456
0.157964
0.158048
0.157902
0.157671
0.157452
0.157302
0.157248
0.157297
0.157442
0.157671
0.157968
0.158318
0.158706
0.15912
0.159551
0.159988
0.160426
0.160857
0.161276
0.16168
0.162063
0.162422
0.162754
0.163054
0.163322
0.163553
0.163745
0.163897
0.164005
0.164069
0.164087
0.164056
0.163977
0.163848
0.163668
0.163436
0.163152
0.162816
0.162426
0.161983
0.161487
0.160938
0.160335
0.159679
0.15897
0.158208
0.157394
0.156528
0.15561
0.154641
0.153621
0.152552
0.151432
0.150264
0.149046
0.147781
0.146469
0.14511
0.143705
0.142255
0.140759
0.13922
0.137637
0.136011
0.134344
0.132634
0.130884
0.129094
0.127264
0.125396
0.12349
0.121547
0.119567
0.117552
0.115502
0.113418
0.111301
0.109151
0.106971
0.104759
0.102519
0.100249
0.0979519
0.0956278
0.0932777
0.0909024
0.0885028
0.0860797
0.0836336
0.0811652
0.0786751
0.0761636
0.0736312
0.071078
0.0685043
0.06591
0.0632951
0.0606595
0.058003
0.0553255
0.0526268
0.0499067
0.0471652
0.0444025
0.0416189
0.038815
0.0359915
0.0331496
0.0302905
0.0274154
0.0245252
0.0216201
0.0186987
0.0157574
0.0127891
0.00978324
0.00672483
0.00359673
0.000383614
-0.00291969
-0.00629466
-0.0096804
-0.0129521
-0.0159037
-0.0182462
-0.0196375
-0.0197566
-0.0184165
-0.0156814
-0.0119219
-0.00776001
-0.00392629
-0.00112789
0
0
0.00183085
0.00864578
0.0210702
0.0381997
0.0576239
0.07682
0.0942532
0.1094
0.122274
0.133033
0.141815
0.148739
0.153949
0.15764
0.160058
0.161476
0.162168
0.162381
0.16232
0.162142
0.161954
0.161823
0.161785
0.16185
0.162015
0.16227
0.162598
0.162985
0.163416
0.163876
0.164355
0.164843
0.165332
0.165816
0.166287
0.166743
0.167176
0.167585
0.167965
0.168312
0.168624
0.168898
0.169132
0.169323
0.169469
0.169569
0.16962
0.169621
0.169572
0.16947
0.169316
0.169108
0.168845
0.168529
0.168157
0.16773
0.167247
0.16671
0.166117
0.165469
0.164766
0.164009
0.163197
0.162332
0.161413
0.160441
0.159417
0.15834
0.157213
0.156034
0.154805
0.153527
0.152199
0.150823
0.149399
0.147929
0.146411
0.144848
0.14324
0.141587
0.13989
0.13815
0.136368
0.134543
0.132678
0.130773
0.128827
0.126844
0.124821
0.122762
0.120666
0.118535
0.116369
0.114169
0.111936
0.10967
0.107374
0.105047
0.102691
0.100306
0.097893
0.0954534
0.0929877
0.0904965
0.0879806
0.0854404
0.0828765
0.0802892
0.0776788
0.0750454
0.0723892
0.06971
0.0670078
0.0642824
0.0615334
0.0587607
0.0559639
0.053143
0.0502977
0.0474283
0.044535
0.0416185
0.0386797
0.0357198
0.0327403
0.0297428
0.0267288
0.0236992
0.0206536
0.0175894
0.0145012
0.0113795
0.00821094
0.0049793
0.00166928
-0.00172565
-0.00519026
-0.0086689
-0.0120433
-0.0151133
-0.0175921
-0.0191332
-0.0194026
-0.0181946
-0.0155571
-0.0118562
-0.00772374
-0.00390638
-0.0011207
0
0
0.001679
0.00808144
0.0199727
0.0367312
0.056177
0.075772
0.0938137
0.109621
0.123127
0.134467
0.143785
0.151203
0.156861
0.160947
0.163698
0.165385
0.166282
0.166643
0.166683
0.166569
0.166421
0.166316
0.166296
0.166379
0.166565
0.166845
0.167205
0.16763
0.168102
0.168609
0.169138
0.169678
0.17022
0.170757
0.171283
0.171791
0.172277
0.172737
0.173167
0.173563
0.173922
0.174241
0.174517
0.174749
0.174934
0.175071
0.175157
0.175191
0.175172
0.1751
0.174972
0.174789
0.174549
0.174253
0.1739
0.173489
0.173022
0.172497
0.171915
0.171275
0.17058
0.169827
0.169019
0.168154
0.167235
0.166261
0.165232
0.16415
0.163014
0.161826
0.160586
0.159294
0.157952
0.156559
0.155117
0.153626
0.152087
0.1505
0.148866
0.147186
0.145461
0.14369
0.141876
0.140018
0.138117
0.136175
0.134191
0.132166
0.130102
0.127999
0.125857
0.123678
0.121463
0.119213
0.116927
0.114608
0.112256
0.109871
0.107456
0.10501
0.102534
0.10003
0.0974979
0.0949384
0.092352
0.0897394
0.087101
0.084437
0.0817477
0.0790331
0.0762932
0.073528
0.070737
0.0679202
0.0650771
0.0622074
0.0593108
0.056387
0.0534359
0.0504576
0.0474524
0.044421
0.0413645
0.0382842
0.0351819
0.0320597
0.0289196
0.0257632
0.022591
0.0194017
0.0161911
0.0129513
0.00967026
0.00633275
0.00292365
-0.000564842
-0.00412061
-0.00769316
-0.0111708
-0.0143592
-0.0169744
-0.0186653
-0.0190847
-0.0180075
-0.0154638
-0.0118148
-0.00770316
-0.00389389
-0.00111535
0
0
0.00153406
0.00753052
0.0188704
0.035194
0.0545742
0.0744988
0.0931156
0.109579
0.123727
0.135664
0.145532
0.15346
0.159585
0.164086
0.167194
0.169172
0.170296
0.170825
0.170983
0.170947
0.170849
0.170776
0.17078
0.170883
0.171091
0.171398
0.17179
0.172251
0.172767
0.17332
0.173899
0.174492
0.175089
0.175682
0.176263
0.176826
0.177367
0.17788
0.178361
0.178807
0.179215
0.17958
0.179902
0.180176
0.180402
0.180576
0.180699
0.180767
0.180781
0.180738
0.180638
0.18048
0.180264
0.17999
0.179656
0.179263
0.178811
0.178299
0.177729
0.177099
0.17641
0.175664
0.174859
0.173997
0.173077
0.172101
0.171068
0.16998
0.168837
0.16764
0.166389
0.165085
0.163728
0.162319
0.160859
0.159348
0.157787
0.156177
0.154518
0.152812
0.151058
0.149257
0.147411
0.14552
0.143584
0.141604
0.139581
0.137516
0.13541
0.133263
0.131076
0.128851
0.126587
0.124285
0.121948
0.119574
0.117166
0.114724
0.11225
0.109743
0.107204
0.104635
0.102036
0.0994076
0.0967504
0.0940648
0.0913512
0.0886097
0.0858405
0.0830437
0.080219
0.0773662
0.0744852
0.0715754
0.0686365
0.065668
0.0626695
0.0596408
0.0565817
0.0534923
0.0503728
0.0472242
0.0440475
0.0408443
0.0376169
0.0343675
0.0310988
0.0278132
0.0245121
0.0211954
0.0178602
0.0145
0.0111042
0.00765857
0.00414826
0.000564341
-0.00308408
-0.00675155
-0.0103329
-0.0136401
-0.0163919
-0.0182331
-0.0188028
-0.0178556
-0.0154026
-0.0117989
-0.0076992
-0.00388936
-0.001112
0
0
0.00139626
0.00699549
0.0177718
0.0336031
0.05283
0.0730079
0.092158
0.109268
0.124064
0.136611
0.147045
0.155498
0.162107
0.167045
0.170531
0.172825
0.1742
0.174918
0.175212
0.17527
0.175234
0.175203
0.175235
0.175362
0.175595
0.175929
0.176353
0.176852
0.17741
0.178011
0.178642
0.179288
0.179941
0.18059
0.181229
0.181849
0.182446
0.183014
0.183549
0.184047
0.184504
0.184918
0.185286
0.185604
0.185872
0.186087
0.186247
0.186351
0.186397
0.186386
0.186315
0.186184
0.185992
0.18574
0.185427
0.185052
0.184616
0.184119
0.18356
0.182941
0.18226
0.18152
0.180719
0.179859
0.17894
0.177963
0.176927
0.175834
0.174684
0.173478
0.172216
0.1709
0.169528
0.168104
0.166626
0.165096
0.163514
0.161881
0.160198
0.158465
0.156683
0.154852
0.152975
0.15105
0.149079
0.147063
0.145002
0.142897
0.140748
0.138558
0.136326
0.134053
0.131741
0.129389
0.126999
0.124572
0.122108
0.119609
0.117075
0.114506
0.111905
0.109271
0.106605
0.103907
0.101178
0.0984191
0.0956295
0.0928097
0.0899598
0.0870795
0.0841688
0.0812272
0.0782545
0.0752501
0.0722136
0.0691444
0.0660421
0.0629063
0.0597369
0.056534
0.0532979
0.0500295
0.0467301
0.0434016
0.0400464
0.0366674
0.0332677
0.0298505
0.0264181
0.0229717
0.0195096
0.0160268
0.012514
0.00895816
0.00534461
0.00166344
-0.0020791
-0.00584253
-0.00952818
-0.0129546
-0.0158435
-0.0178357
-0.0185566
-0.0177393
-0.0153743
-0.0118097
-0.00771291
-0.00389339
-0.00111084
0
0
0.00126572
0.00647838
0.0166845
0.0319735
0.0509606
0.0713093
0.090942
0.108681
0.12413
0.137298
0.148312
0.157306
0.164417
0.169809
0.173697
0.17633
0.17798
0.178911
0.179361
0.17953
0.179571
0.17959
0.179659
0.179816
0.180075
0.180439
0.180896
0.181433
0.182035
0.182684
0.183366
0.184067
0.184777
0.185484
0.186181
0.18686
0.187515
0.18814
0.18873
0.189282
0.189792
0.190255
0.190671
0.191035
0.191346
0.191602
0.191801
0.191942
0.192023
0.192044
0.192003
0.1919
0.191734
0.191505
0.191213
0.190858
0.190438
0.189956
0.18941
0.188802
0.18813
0.187397
0.186601
0.185744
0.184826
0.183848
0.182809
0.181712
0.180555
0.179341
0.178069
0.17674
0.175356
0.173915
0.17242
0.170871
0.169269
0.167613
0.165906
0.164147
0.162337
0.160477
0.158568
0.15661
0.154605
0.152552
0.150453
0.148308
0.146119
0.143885
0.141608
0.139289
0.136928
0.134526
0.132084
0.129603
0.127084
0.124527
0.121934
0.119304
0.116639
0.11394
0.111206
0.108439
0.105638
0.102805
0.0999386
0.0970396
0.0941078
0.091143
0.088145
0.0851132
0.0820473
0.0789466
0.0758106
0.0726387
0.0694304
0.0661853
0.0629033
0.0595844
0.0562291
0.0528384
0.0494138
0.0459573
0.0424717
0.0389605
0.0354273
0.0318761
0.0283102
0.0247317
0.0211405
0.0175329
0.013901
0.0102328
0.0065141
0.00273394
-0.00110415
-0.00496455
-0.00875521
-0.0123012
-0.015328
-0.0174724
-0.018346
-0.0176591
-0.01538
-0.0118485
-0.0077454
-0.00390661
-0.00111206
0
0
0.00114247
0.00598081
0.0156153
0.03032
0.0489838
0.0694156
0.0894716
0.107814
0.123914
0.137715
0.149323
0.158872
0.1665
0.172367
0.176677
0.179674
0.181623
0.182791
0.183421
0.18372
0.183851
0.183935
0.184049
0.184241
0.184532
0.184927
0.185419
0.185996
0.186641
0.187339
0.188073
0.188831
0.189598
0.190365
0.191122
0.191861
0.192575
0.193259
0.193907
0.194514
0.195077
0.195593
0.196058
0.196469
0.196826
0.197124
0.197364
0.197543
0.19766
0.197714
0.197704
0.19763
0.197491
0.197286
0.197016
0.196681
0.196279
0.195813
0.195281
0.194684
0.194022
0.193295
0.192505
0.191652
0.190735
0.189757
0.188716
0.187614
0.186452
0.18523
0.183948
0.182608
0.18121
0.179755
0.178243
0.176675
0.175052
0.173375
0.171643
0.169859
0.168022
0.166133
0.164193
0.162203
0.160163
0.158074
0.155938
0.153753
0.151523
0.149246
0.146925
0.144559
0.14215
0.139698
0.137205
0.13467
0.132095
0.129481
0.126828
0.124138
0.121409
0.118644
0.115843
0.113006
0.110133
0.107225
0.104281
0.101302
0.0982871
0.0952367
0.0921499
0.0890265
0.0858657
0.0826669
0.0794295
0.0761528
0.0728363
0.0694796
0.0660825
0.0626451
0.059168
0.0556523
0.0520997
0.0485125
0.044894
0.0412479
0.0375787
0.033891
0.0301892
0.0264765
0.0227539
0.0190194
0.0152664
0.011484
0.00765815
0.00377732
-0.000157708
-0.00411612
-0.00801249
-0.0116788
-0.0148443
-0.0171424
-0.0181707
-0.0176155
-0.0154208
-0.0119166
-0.00779789
-0.00392976
-0.00111587
0
0
0.00102642
0.00550394
0.0145701
0.0286566
0.0469182
0.0673416
0.0877529
0.106666
0.123411
0.137851
0.150064
0.160183
0.168343
0.174704
0.179458
0.182842
0.185117
0.186546
0.187378
0.187828
0.188069
0.18823
0.188401
0.188636
0.188964
0.189394
0.189923
0.19054
0.191231
0.191978
0.192766
0.19358
0.194406
0.195234
0.196052
0.196853
0.197628
0.198372
0.199079
0.199744
0.200362
0.200931
0.201447
0.201908
0.202311
0.202654
0.202935
0.203154
0.203308
0.203396
0.203419
0.203375
0.203263
0.203084
0.202837
0.202522
0.20214
0.20169
0.201172
0.200587
0.199935
0.199217
0.198433
0.197584
0.19667
0.195691
0.194649
0.193543
0.192376
0.191146
0.189856
0.188505
0.187094
0.185624
0.184096
0.18251
0.180867
0.179168
0.177413
0.175603
0.173739
0.171822
0.169851
0.167829
0.165755
0.163631
0.161457
0.159234
0.156963
0.154644
0.152278
0.149866
0.147409
0.144908
0.142363
0.139775
0.137145
0.134474
0.131762
0.12901
0.126218
0.123387
0.120518
0.11761
0.114664
0.111681
0.108659
0.105599
0.1025
0.0993626
0.0961858
0.0929691
0.0897117
0.086413
0.0830722
0.0796885
0.0762616
0.0727908
0.069276
0.0657175
0.0621159
0.0584725
0.0547891
0.0510685
0.0473143
0.0435307
0.0397229
0.0358963
0.0320562
0.0282069
0.024351
0.0204876
0.0166115
0.0127128
0.00877813
0.00479502
0.000761719
-0.00329571
-0.00729853
-0.0110858
-0.0143911
-0.016845
-0.0180303
-0.0176088
-0.0154978
-0.0120157
-0.00787171
-0.0039636
-0.0011225
0
0
0.000917392
0.00504854
0.0135537
0.0269965
0.0447831
0.0651047
0.0857954
0.105237
0.122614
0.137697
0.150526
0.161227
0.169935
0.176805
0.182025
0.185821
0.188445
0.190163
0.191222
0.191846
0.192215
0.19247
0.192709
0.192997
0.193369
0.193839
0.194408
0.195068
0.195805
0.196603
0.197445
0.198316
0.199203
0.200092
0.200974
0.201837
0.202675
0.203481
0.204248
0.204972
0.205648
0.206272
0.206841
0.207352
0.207804
0.208192
0.208517
0.208776
0.208968
0.209093
0.209149
0.209135
0.209053
0.2089
0.208677
0.208384
0.208021
0.207588
0.207085
0.206513
0.205872
0.205163
0.204386
0.203541
0.20263
0.201652
0.200609
0.1995
0.198327
0.197091
0.195792
0.19443
0.193007
0.191523
0.189979
0.188376
0.186713
0.184993
0.183215
0.181381
0.17949
0.177545
0.175545
0.173491
0.171384
0.169225
0.167014
0.164752
0.162441
0.16008
0.15767
0.155213
0.152709
0.150158
0.147562
0.144921
0.142236
0.139508
0.136737
0.133923
0.131068
0.128171
0.125233
0.122255
0.119236
0.116175
0.113074
0.109932
0.106749
0.103523
0.100255
0.0969432
0.0935874
0.0901868
0.0867404
0.0832476
0.0797077
0.0761203
0.0724853
0.068803
0.0650741
0.0613001
0.0574831
0.0536263
0.0497335
0.0458098
0.0418608
0.0378928
0.033912
0.0299241
0.0259327
0.0219384
0.0179373
0.0139206
0.00987544
0.00578852
0.00165567
-0.00250177
-0.00661179
-0.0105209
-0.0139673
-0.016579
-0.0179246
-0.0176394
-0.0156122
-0.0121471
-0.00796827
-0.004009
-0.00113223
0
0
0.000815115
0.00461497
0.0125703
0.0253518
0.0425981
0.0627243
0.0836109
0.103529
0.121519
0.137243
0.150697
0.161991
0.171261
0.178658
0.184363
0.188593
0.191594
0.193625
0.194939
0.19576
0.19628
0.196646
0.196969
0.197321
0.197744
0.198261
0.198875
0.19958
0.200366
0.201215
0.202113
0.203043
0.20399
0.204943
0.205888
0.206816
0.207718
0.208587
0.209417
0.210201
0.210936
0.211617
0.21224
0.212804
0.213304
0.21374
0.214109
0.214411
0.214642
0.214804
0.214895
0.214913
0.21486
0.214734
0.214536
0.214266
0.213923
0.213508
0.213021
0.212463
0.211834
0.211134
0.210364
0.209525
0.208617
0.20764
0.206596
0.205486
0.204309
0.203066
0.201759
0.200387
0.198952
0.197455
0.195895
0.194274
0.192593
0.190852
0.189052
0.187193
0.185277
0.183304
0.181275
0.17919
0.17705
0.174856
0.172609
0.17031
0.167958
0.165556
0.163103
0.160601
0.15805
0.15545
0.152804
0.15011
0.14737
0.144585
0.141755
0.13888
0.135961
0.132998
0.129992
0.126942
0.123848
0.120711
0.117531
0.114305
0.111035
0.10772
0.104359
0.100951
0.0974947
0.0939901
0.090436
0.0868316
0.0831763
0.0794697
0.0757117
0.0719027
0.0680436
0.0641361
0.0601827
0.0561867
0.0521526
0.048086
0.0439932
0.0398814
0.0357578
0.031629
0.0275002
0.023373
0.0192452
0.0151089
0.0109515
0.00675936
0.00252572
-0.00173268
-0.00595066
-0.00998235
-0.0135713
-0.0163435
-0.0178529
-0.0177075
-0.0157649
-0.0123127
-0.00808911
-0.00406688
-0.00114533
0
0
0.000719224
0.00420325
0.0116228
0.0237333
0.0403827
0.0602214
0.0812144
0.10155
0.120122
0.136483
0.150567
0.162465
0.172309
0.180248
0.186457
0.191143
0.194546
0.196919
0.198513
0.199558
0.200251
0.20075
0.201173
0.201601
0.202087
0.202658
0.203322
0.204077
0.204913
0.205817
0.206771
0.207761
0.208771
0.209787
0.210797
0.211791
0.212759
0.213693
0.214586
0.215432
0.216227
0.216966
0.217646
0.218263
0.218814
0.219299
0.219714
0.220059
0.220331
0.220531
0.220657
0.220709
0.220687
0.220589
0.220417
0.22017
0.219848
0.219452
0.218982
0.218438
0.217821
0.217131
0.21637
0.215536
0.214632
0.213658
0.212614
0.211501
0.21032
0.209072
0.207757
0.206376
0.20493
0.203419
0.201845
0.200208
0.198508
0.196747
0.194925
0.193043
0.191101
0.189101
0.187043
0.184928
0.182756
0.180528
0.178246
0.175909
0.173518
0.171075
0.16858
0.166033
0.163435
0.160787
0.15809
0.155344
0.15255
0.149708
0.146819
0.143883
0.1409
0.137871
0.134795
0.131674
0.128506
0.125291
0.122029
0.11872
0.115362
0.111956
0.1085
0.104993
0.101435
0.0978244
0.0941603
0.0904419
0.0866686
0.0828401
0.0789563
0.0750177
0.0710256
0.0669816
0.0628887
0.0587507
0.0545725
0.0503602
0.0461211
0.041863
0.0375943
0.0333226
0.0290544
0.0247927
0.0205364
0.0162789
0.0120079
0.00770912
0.00337354
-0.000986737
-0.00531343
-0.00946863
-0.0132017
-0.0161371
-0.0178146
-0.0178135
-0.0159572
-0.012514
-0.00823586
-0.00413825
-0.00116213
0
0
0.000629309
0.00381315
0.0107137
0.0221504
0.0381556
0.0576185
0.0786236
0.0993057
0.118425
0.13541
0.150126
0.162636
0.173065
0.18156
0.188291
0.193456
0.197285
0.200027
0.20193
0.203225
0.204117
0.20477
0.205312
0.205833
0.206394
0.207027
0.207748
0.208558
0.209449
0.210408
0.211422
0.212473
0.213546
0.214627
0.215704
0.216765
0.217799
0.218799
0.219757
0.220667
0.221524
0.222322
0.223059
0.223731
0.224336
0.22487
0.225333
0.225722
0.226036
0.226276
0.226438
0.226525
0.226534
0.226465
0.22632
0.226097
0.225797
0.225421
0.224968
0.224439
0.223835
0.223156
0.222403
0.221576
0.220677
0.219705
0.218662
0.217548
0.216363
0.21511
0.213788
0.212398
0.210942
0.209419
0.20783
0.206177
0.204459
0.202679
0.200836
0.198931
0.196965
0.194938
0.192852
0.190707
0.188504
0.186243
0.183925
0.181552
0.179123
0.176639
0.174102
0.171511
0.168867
0.166171
0.163424
0.160626
0.157778
0.154879
0.151931
0.148934
0.145887
0.142791
0.139646
0.136452
0.133209
0.129916
0.126572
0.123177
0.119731
0.116232
0.11268
0.109073
0.10541
0.101691
0.0979148
0.0940799
0.0901859
0.0862327
0.0822202
0.0781491
0.0740208
0.0698374
0.0656021
0.0613191
0.0569939
0.0526333
0.0482452
0.0438385
0.0394225
0.035006
0.0305965
0.0261987
0.0218124
0.0174321
0.0130462
0.00863953
0.00420092
-0.000262117
-0.00469825
-0.00897786
-0.0128568
-0.0159586
-0.0178088
-0.0179572
-0.0161902
-0.0127528
-0.00841028
-0.00422421
-0.00118296
0
0
0.000544957
0.00344432
0.00984484
0.0206115
0.0359349
0.0549392
0.075859
0.0968094
0.116429
0.134019
0.149365
0.162493
0.173517
0.182581
0.18985
0.195514
0.199794
0.202932
0.205172
0.206747
0.207863
0.208695
0.209376
0.210008
0.210657
0.211365
0.212151
0.213022
0.213972
0.214992
0.216066
0.21718
0.218319
0.219467
0.220611
0.221739
0.222842
0.223909
0.224933
0.225908
0.226828
0.227687
0.228483
0.229211
0.229869
0.230455
0.230966
0.231401
0.231759
0.232039
0.232239
0.232361
0.232402
0.232364
0.232246
0.232049
0.231772
0.231415
0.230981
0.230468
0.229877
0.22921
0.228466
0.227647
0.226752
0.225784
0.224741
0.223627
0.22244
0.221182
0.219854
0.218456
0.216989
0.215454
0.213852
0.212184
0.210449
0.20865
0.206786
0.204859
0.202869
0.200817
0.198703
0.196529
0.194295
0.192002
0.18965
0.18724
0.184774
0.18225
0.179671
0.177037
0.174348
0.171605
0.168808
0.165958
0.163056
0.160101
0.157094
0.154035
0.150925
0.147762
0.144547
0.14128
0.137961
0.134588
0.131161
0.12768
0.124144
0.12055
0.1169
0.113191
0.109422
0.105592
0.101701
0.0977466
0.0937293
0.0896484
0.0855043
0.0812977
0.0770302
0.0727043
0.0683235
0.0638925
0.0594176
0.054906
0.0503665
0.0458088
0.0412434
0.0366802
0.0321278
0.0275922
0.0230746
0.0185703
0.0140681
0.00955242
0.00500977
0.000443161
-0.00410313
-0.00850807
-0.0125346
-0.0158062
-0.0178346
-0.0181386
-0.0164647
-0.013031
-0.00861423
-0.00432597
-0.00120822
0
0
0.000465823
0.00309646
0.00901761
0.0191235
0.0337372
0.0522073
0.0729433
0.0940757
0.114139
0.132308
0.148276
0.162025
0.173652
0.183296
0.191118
0.1973
0.202056
0.205617
0.208223
0.210106
0.211476
0.212511
0.213356
0.214118
0.214872
0.215667
0.216529
0.217468
0.218484
0.219568
0.220706
0.221886
0.223091
0.224307
0.22552
0.226718
0.227889
0.229025
0.230117
0.231158
0.232141
0.233063
0.233919
0.234705
0.235418
0.236056
0.236616
0.237098
0.2375
0.237822
0.238061
0.238219
0.238294
0.238287
0.238197
0.238026
0.237772
0.237437
0.237021
0.236525
0.235949
0.235294
0.23456
0.233748
0.23286
0.231895
0.230855
0.22974
0.228551
0.227289
0.225955
0.22455
0.223074
0.221528
0.219913
0.218229
0.216479
0.214661
0.212778
0.210829
0.208816
0.206739
0.204599
0.202396
0.200132
0.197807
0.195422
0.192977
0.190473
0.187911
0.185291
0.182614
0.17988
0.17709
0.174244
0.171343
0.168387
0.165376
0.16231
0.15919
0.156015
0.152785
0.1495
0.146159
0.142763
0.13931
0.135799
0.13223
0.128601
0.124912
0.121162
0.117348
0.113471
0.109528
0.105519
0.101443
0.0972995
0.0930881
0.0888093
0.0844641
0.0800544
0.0755829
0.0710536
0.0664718
0.0618442
0.057179
0.0524857
0.047775
0.0430582
0.0383464
0.0336497
0.028975
0.0243247
0.0196951
0.0150756
0.0104498
0.00580222
0.00113127
-0.00352585
-0.00805702
-0.0122329
-0.015678
-0.0178905
-0.0183573
-0.0167816
-0.0133503
-0.00884967
-0.0044448
-0.00123831
0
0
0.000391716
0.00276955
0.00823349
0.0176927
0.0315782
0.0494469
0.0699013
0.0911224
0.111563
0.130276
0.146853
0.161221
0.173456
0.183691
0.19208
0.198799
0.204052
0.208062
0.211063
0.213284
0.214937
0.216205
0.217238
0.218152
0.21903
0.219927
0.220877
0.221894
0.222982
0.224136
0.225343
0.226592
0.227866
0.229152
0.230435
0.231703
0.232945
0.23415
0.23531
0.236418
0.237467
0.238453
0.239369
0.240214
0.240983
0.241674
0.242286
0.242816
0.243263
0.243627
0.243906
0.244101
0.24421
0.244235
0.244175
0.24403
0.243801
0.243488
0.243091
0.242612
0.242051
0.241409
0.240686
0.239883
0.239001
0.23804
0.237003
0.235888
0.234698
0.233433
0.232094
0.230682
0.229197
0.227641
0.226014
0.224316
0.22255
0.220715
0.218813
0.216843
0.214808
0.212706
0.210541
0.208311
0.206017
0.203661
0.201243
0.198764
0.196224
0.193623
0.190963
0.188244
0.185466
0.182629
0.179735
0.176782
0.173773
0.170705
0.167581
0.164399
0.161159
0.157862
0.154506
0.151091
0.147617
0.144082
0.140486
0.136827
0.133106
0.129319
0.125466
0.121546
0.117558
0.1135
0.109371
0.10517
0.100897
0.0965524
0.0921359
0.087649
0.0830939
0.0784738
0.073793
0.0690576
0.0642747
0.0594533
0.0546039
0.049738
0.044868
0.0400062
0.0351636
0.0303485
0.0255645
0.0208087
0.0160708
0.011334
0.00658061
0.00180461
-0.00296395
-0.00762224
-0.0119494
-0.0155718
-0.0179748
-0.0186126
-0.0171416
-0.0137125
-0.00911867
-0.0045821
-0.00127369
0
0
0.000322694
0.00246411
0.00749432
0.0163251
0.0294723
0.0466816
0.0667592
0.0879706
0.108714
0.127924
0.14509
0.160072
0.17292
0.183752
0.19272
0.199993
0.205764
0.210249
0.213674
0.216265
0.218231
0.219761
0.221009
0.222098
0.22312
0.224138
0.225189
0.226296
0.227466
0.228696
0.229977
0.231298
0.232645
0.234002
0.235358
0.236698
0.238011
0.239287
0.240517
0.241693
0.242809
0.243858
0.244837
0.245741
0.246567
0.247313
0.247976
0.248555
0.249049
0.249456
0.249776
0.250008
0.250153
0.250211
0.25018
0.250063
0.249859
0.249569
0.249193
0.248732
0.248186
0.247557
0.246845
0.246052
0.245177
0.244222
0.243187
0.242074
0.240883
0.239616
0.238273
0.236854
0.235361
0.233795
0.232157
0.230446
0.228665
0.226814
0.224893
0.222904
0.220847
0.218722
0.216531
0.214275
0.211953
0.209567
0.207117
0.204604
0.202028
0.19939
0.19669
0.193929
0.191107
0.188224
0.185281
0.182278
0.179215
0.176092
0.172909
0.169665
0.16636
0.162995
0.159567
0.156077
0.152524
0.148907
0.145224
0.141475
0.137657
0.133771
0.129815
0.125786
0.121684
0.117508
0.113256
0.108928
0.104523
0.100042
0.0954844
0.0908528
0.0861493
0.0813775
0.0765424
0.0716505
0.0667097
0.0617298
0.0567221
0.0516991
0.0466742
0.0416609
0.0366713
0.0317149
0.0267962
0.0219133
0.0170562
0.0122076
0.00734756
0.00246588
-0.00241471
-0.00720096
-0.0116813
-0.015485
-0.0180855
-0.0189035
-0.0175451
-0.0141195
-0.00942341
-0.00473938
-0.00131487
0
0
0.000259166
0.00218144
0.00680274
0.0150264
0.0274327
0.0439343
0.0635446
0.0846438
0.105605
0.125258
0.142984
0.158571
0.172029
0.183466
0.193023
0.200864
0.207175
0.21216
0.216037
0.219026
0.221338
0.22316
0.224652
0.225944
0.227133
0.22829
0.22946
0.23067
0.231932
0.233247
0.234608
0.236007
0.237429
0.238862
0.240291
0.241705
0.243091
0.24444
0.24574
0.246985
0.248168
0.249283
0.250325
0.251289
0.252173
0.252975
0.25369
0.254319
0.25486
0.255311
0.255672
0.255944
0.256125
0.256216
0.256216
0.256127
0.255949
0.255682
0.255327
0.254884
0.254355
0.253741
0.253041
0.252257
0.25139
0.250441
0.24941
0.248299
0.247108
0.245839
0.244492
0.243068
0.241568
0.239994
0.238344
0.236622
0.234826
0.232959
0.231021
0.229013
0.226935
0.224788
0.222573
0.22029
0.217941
0.215526
0.213044
0.210498
0.207887
0.205212
0.202473
0.199671
0.196806
0.193878
0.190887
0.187833
0.184717
0.181537
0.178295
0.174989
0.171619
0.168185
0.164685
0.161119
0.157486
0.153784
0.150013
0.146172
0.142258
0.13827
0.134207
0.130067
0.12585
0.121553
0.117175
0.112717
0.108177
0.103556
0.0988551
0.0940757
0.0892208
0.0842945
0.0793022
0.0742512
0.0691501
0.0640094
0.0588414
0.0536596
0.0484785
0.0433125
0.0381749
0.0330762
0.0280222
0.0230115
0.0180344
0.0130733
0.00810602
0.00311808
-0.00187505
-0.00679004
-0.0114254
-0.0154146
-0.0182201
-0.0192285
-0.0179924
-0.0145729
-0.00976614
-0.00491826
-0.00136239
0
0
0.000201969
0.00192387
0.00616257
0.0138031
0.025472
0.041227
0.0602855
0.0811683
0.102254
0.122286
0.140535
0.15671
0.170775
0.182819
0.192974
0.201397
0.208265
0.213773
0.21813
0.22155
0.224239
0.226385
0.228152
0.229674
0.231056
0.232374
0.233681
0.23501
0.236376
0.237786
0.239235
0.240717
0.24222
0.243732
0.245239
0.246728
0.248189
0.249611
0.250983
0.252299
0.25355
0.254731
0.255836
0.256862
0.257805
0.258662
0.259431
0.260111
0.260699
0.261195
0.261599
0.26191
0.262128
0.262252
0.262285
0.262225
0.262073
0.26183
0.261496
0.261073
0.260561
0.259961
0.259274
0.258501
0.257642
0.2567
0.255674
0.254565
0.253375
0.252105
0.250755
0.249327
0.24782
0.246237
0.244578
0.242844
0.241036
0.239154
0.237199
0.235172
0.233074
0.230906
0.228668
0.22636
0.223984
0.22154
0.219028
0.21645
0.213805
0.211093
0.208316
0.205473
0.202565
0.199591
0.196552
0.193448
0.190278
0.187043
0.183741
0.180373
0.176937
0.173433
0.16986
0.166217
0.162503
0.158716
0.154855
0.150919
0.146906
0.142815
0.138644
0.134391
0.130055
0.125634
0.121129
0.116537
0.111859
0.107096
0.102248
0.097318
0.0923088
0.0872251
0.0820731
0.0768604
0.0715967
0.0662933
0.0609633
0.0556213
0.0502826
0.044963
0.0396767
0.0344352
0.0292452
0.0241062
0.0190087
0.0139344
0.00885934
0.00376463
-0.0013415
-0.00638596
-0.0111782
-0.015357
-0.0183755
-0.0195859
-0.0184832
-0.0150742
-0.0101492
-0.00512046
-0.00141686
0
0
0.000152413
0.00169482
0.0055791
0.0126627
0.0236028
0.0385808
0.05701
0.0775718
0.0986829
0.119017
0.137744
0.154483
0.169148
0.181799
0.192558
0.201575
0.209017
0.21507
0.219934
0.223814
0.226912
0.229416
0.231489
0.233272
0.234874
0.236378
0.237843
0.239307
0.240793
0.242309
0.243856
0.245429
0.247019
0.248614
0.250201
0.25177
0.253307
0.254804
0.25625
0.257636
0.258957
0.260205
0.261375
0.262463
0.263465
0.264379
0.265202
0.265933
0.266569
0.267111
0.267558
0.267909
0.268164
0.268324
0.268388
0.268358
0.268233
0.268014
0.267703
0.2673
0.266806
0.266221
0.265548
0.264786
0.263936
0.263001
0.26198
0.260875
0.259687
0.258416
0.257064
0.255632
0.25412
0.252529
0.250861
0.249116
0.247296
0.245399
0.243429
0.241385
0.239268
0.237079
0.234818
0.232486
0.230084
0.227612
0.225071
0.222461
0.219782
0.217034
0.214219
0.211336
0.208385
0.205367
0.20228
0.199125
0.195902
0.19261
0.189248
0.185817
0.182314
0.17874
0.175093
0.171372
0.167575
0.163702
0.15975
0.155718
0.151604
0.147407
0.143125
0.138756
0.134299
0.129752
0.125116
0.120388
0.11557
0.110661
0.105663
0.10058
0.0954134
0.0901698
0.0848555
0.0794791
0.0740508
0.0685829
0.0630895
0.057586
0.052089
0.046615
0.0411795
0.0357949
0.0304687
0.025201
0.0199827
0.0147947
0.00961134
0.00440939
-0.000810164
-0.00598474
-0.0109355
-0.0153084
-0.0185483
-0.019973
-0.0190168
-0.0156248
-0.0105749
-0.00534784
-0.00147891
0
0
0.000112278
0.00149885
0.00505913
0.0116138
0.0218374
0.0360156
0.0537457
0.0738838
0.0949146
0.115468
0.134616
0.151888
0.167138
0.180393
0.19176
0.201381
0.209413
0.216032
0.221428
0.225798
0.229338
0.232231
0.234645
0.23672
0.238571
0.240287
0.241933
0.243553
0.245175
0.246811
0.248468
0.250141
0.251824
0.253508
0.255181
0.256831
0.258449
0.260022
0.261543
0.263002
0.264393
0.265709
0.266944
0.268095
0.269158
0.270129
0.271007
0.271789
0.272475
0.273063
0.273553
0.273944
0.274238
0.274433
0.27453
0.274529
0.274432
0.274239
0.273951
0.273568
0.273092
0.272524
0.271864
0.271114
0.270274
0.269347
0.268332
0.267231
0.266045
0.264775
0.263421
0.261986
0.260469
0.258872
0.257196
0.255441
0.253608
0.251699
0.249714
0.247653
0.245518
0.243309
0.241026
0.238671
0.236244
0.233744
0.231174
0.228532
0.22582
0.223038
0.220185
0.217262
0.214268
0.211205
0.20807
0.204865
0.201588
0.198239
0.194817
0.191322
0.187752
0.184107
0.180384
0.176583
0.172703
0.168741
0.164696
0.160566
0.156349
0.152044
0.147649
0.143162
0.138581
0.133906
0.129136
0.12427
0.119308
0.114251
0.109101
0.103861
0.098535
0.093129
0.0876503
0.0821082
0.0765136
0.0708798
0.0652218
0.0595561
0.0539001
0.0482715
0.0426866
0.0371588
0.0316963
0.0262999
0.0209604
0.0156585
0.0103664
0.00505674
-0.000276595
-0.00558187
-0.0106929
-0.0152641
-0.0187341
-0.0203868
-0.0195922
-0.0162258
-0.0110457
-0.00560238
-0.00154928
0
0
8.37521e-05
0.00134148
0.00461084
0.0106664
0.0201887
0.0335506
0.0505195
0.0701343
0.0909753
0.111654
0.131157
0.148924
0.164738
0.17859
0.190567
0.200799
0.209434
0.216638
0.222591
0.227479
0.231492
0.23481
0.237598
0.239998
0.242129
0.244086
0.245938
0.247737
0.249513
0.251286
0.253065
0.254849
0.256635
0.258414
0.260178
0.261915
0.263615
0.265269
0.266866
0.2684
0.269862
0.271247
0.272549
0.273763
0.274886
0.275916
0.276848
0.277683
0.278418
0.279053
0.279587
0.28002
0.280351
0.280582
0.280712
0.280743
0.280674
0.280506
0.280241
0.27988
0.279423
0.278871
0.278226
0.277488
0.276659
0.27574
0.274732
0.273636
0.272453
0.271183
0.269829
0.268391
0.266871
0.265268
0.263584
0.26182
0.259977
0.258055
0.256055
0.253979
0.251826
0.249598
0.247294
0.244916
0.242464
0.239938
0.237339
0.234667
0.231922
0.229105
0.226214
0.223251
0.220216
0.217107
0.213924
0.210668
0.207337
0.20393
0.200448
0.196888
0.19325
0.189532
0.185733
0.181851
0.177885
0.173833
0.169693
0.165463
0.161141
0.156726
0.152216
0.147608
0.142901
0.138095
0.133188
0.12818
0.123072
0.117864
0.11256
0.107161
0.101674
0.0961032
0.0904583
0.0847488
0.0789868
0.0731861
0.0673629
0.0615345
0.0557194
0.0499362
0.044202
0.0385312
0.0329326
0.0274075
0.0219469
0.0165307
0.0111294
0.0057117
0.00026423
-0.00517224
-0.010445
-0.0152189
-0.0189281
-0.0208234
-0.0202076
-0.0168781
-0.011564
-0.00588619
-0.00162872
0
0
6.9294e-05
0.00122881
0.00424327
0.00983146
0.0186696
0.0312036
0.0473568
0.0663532
0.0868927
0.107595
0.127379
0.145591
0.161944
0.176381
0.188966
0.199813
0.209063
0.21687
0.223402
0.228837
0.233355
0.23713
0.240326
0.243085
0.24553
0.247757
0.249844
0.251844
0.253797
0.255724
0.25764
0.259548
0.261447
0.263331
0.265191
0.26702
0.268808
0.270545
0.272222
0.273832
0.275368
0.276823
0.278192
0.27947
0.280655
0.281743
0.282732
0.283619
0.284404
0.285086
0.285665
0.286139
0.286509
0.286776
0.28694
0.287001
0.286961
0.28682
0.286579
0.286239
0.285801
0.285266
0.284636
0.283912
0.283094
0.282184
0.281183
0.280092
0.278913
0.277645
0.276291
0.274852
0.273327
0.271719
0.270029
0.268256
0.266403
0.264469
0.262457
0.260365
0.258195
0.255948
0.253624
0.251224
0.248747
0.246195
0.243568
0.240866
0.238088
0.235236
0.232308
0.229305
0.226227
0.223073
0.219842
0.216534
0.213148
0.209684
0.20614
0.202514
0.198806
0.195015
0.191138
0.187174
0.18312
0.178976
0.174739
0.170408
0.165979
0.161451
0.156823
0.152092
0.147257
0.142317
0.137271
0.13212
0.126863
0.121502
0.11604
0.110481
0.104829
0.0990931
0.0932806
0.0874027
0.0814723
0.0755043
0.0695156
0.0635245
0.0575506
0.0516132
0.0457303
0.0399171
0.0341829
0.0285293
0.0229476
0.017417
0.0119061
0.00637998
0.000818029
-0.00475011
-0.010186
-0.0151667
-0.0191244
-0.0212781
-0.0208604
-0.017582
-0.0121322
-0.00620149
-0.0017181
0
0
7.14508e-05
0.00116703
0.00396551
0.00911981
0.0172927
0.0289915
0.0442813
0.0625698
0.0826958
0.103314
0.123293
0.141893
0.158751
0.173757
0.186944
0.19841
0.208284
0.216708
0.223841
0.229848
0.234901
0.239168
0.242807
0.24596
0.248751
0.251282
0.253632
0.255861
0.258013
0.260116
0.262186
0.264232
0.266256
0.268254
0.27022
0.272147
0.274027
0.275851
0.277612
0.279301
0.280912
0.282439
0.283877
0.285221
0.286468
0.287615
0.28866
0.289601
0.290437
0.291166
0.291789
0.292305
0.292715
0.293018
0.293216
0.293309
0.293298
0.293183
0.292966
0.292648
0.29223
0.291713
0.291099
0.290388
0.289582
0.288681
0.287688
0.286603
0.285428
0.284163
0.282809
0.281369
0.279842
0.278229
0.276533
0.274752
0.272889
0.270945
0.268919
0.266813
0.264627
0.262361
0.260017
0.257595
0.255095
0.252517
0.249862
0.247129
0.244319
0.241432
0.238467
0.235424
0.232303
0.229103
0.225823
0.222463
0.219022
0.215498
0.211891
0.208199
0.20442
0.200554
0.196597
0.192549
0.188407
0.184169
0.179833
0.175397
0.170859
0.166217
0.161468
0.156612
0.151646
0.14657
0.141383
0.136085
0.130678
0.125162
0.119541
0.113819
0.108003
0.1021
0.0961186
0.0900717
0.0839727
0.0778374
0.0716835
0.0655305
0.0593984
0.0533077
0.0472772
0.0413223
0.0354532
0.0296718
0.0239692
0.018324
0.0127032
0.00706812
0.00139131
-0.00430891
-0.00990924
-0.0151007
-0.0193164
-0.0217454
-0.0215475
-0.0183373
-0.0127525
-0.00655063
-0.00181833
0
0
9.2622e-05
0.00116178
0.00378568
0.00854118
0.0160694
0.0269289
0.0413141
0.0588117
0.0784135
0.0988359
0.118915
0.137837
0.155157
0.170709
0.184489
0.196575
0.207079
0.216135
0.223887
0.230492
0.236109
0.240899
0.245016
0.248599
0.251772
0.254639
0.257283
0.25977
0.262146
0.264446
0.266691
0.268892
0.271055
0.273178
0.27526
0.277293
0.279272
0.281189
0.283037
0.284808
0.286497
0.288098
0.289607
0.291018
0.292328
0.293536
0.294638
0.295632
0.296519
0.297296
0.297964
0.298523
0.298972
0.299312
0.299544
0.299669
0.299687
0.299599
0.299407
0.299112
0.298714
0.298215
0.297617
0.29692
0.296126
0.295235
0.294251
0.293172
0.292001
0.290739
0.289387
0.287946
0.286416
0.2848
0.283098
0.28131
0.279438
0.277483
0.275444
0.273324
0.271122
0.268839
0.266475
0.264031
0.261507
0.258903
0.25622
0.253457
0.250615
0.247692
0.244689
0.241606
0.238441
0.235195
0.231866
0.228453
0.224955
0.221371
0.2177
0.21394
0.210089
0.206146
0.202108
0.197974
0.193741
0.189407
0.184971
0.180429
0.175779
0.17102
0.166149
0.161165
0.156067
0.150852
0.145522
0.140076
0.134516
0.128843
0.123062
0.117177
0.111195
0.105124
0.0989742
0.0927585
0.0864913
0.0801893
0.0738713
0.0675573
0.0612686
0.055026
0.0488491
0.0427539
0.036751
0.0308423
0.0250191
0.0192593
0.0135282
0.00778363
0.00199149
-0.00384126
-0.00960716
-0.0150132
-0.0194965
-0.0222184
-0.0222643
-0.0191431
-0.0134269
-0.0069361
-0.00193043
0
0
0.000134809
0.00121734
0.00370957
0.00810244
0.015008
0.0250274
0.038473
0.0551038
0.0740743
0.0941853
0.114264
0.133431
0.151164
0.167233
0.181593
0.194293
0.205433
0.215132
0.223522
0.230746
0.236956
0.242301
0.246929
0.250977
0.254567
0.257805
0.260776
0.263551
0.26618
0.268702
0.271142
0.273516
0.275834
0.278097
0.280305
0.282455
0.28454
0.286556
0.288496
0.290354
0.292125
0.293803
0.295383
0.296863
0.298239
0.299507
0.300667
0.301717
0.302655
0.30348
0.304194
0.304795
0.305284
0.305662
0.305929
0.306085
0.306133
0.306072
0.305905
0.305632
0.305255
0.304775
0.304193
0.30351
0.302729
0.301849
0.300873
0.299801
0.298635
0.297376
0.296026
0.294584
0.293053
0.291433
0.289726
0.287931
0.28605
0.284085
0.282034
0.2799
0.277682
0.275381
0.272998
0.270532
0.267984
0.265355
0.262643
0.25985
0.256974
0.254016
0.250975
0.24785
0.244641
0.241347
0.237968
0.234501
0.230945
0.2273
0.223563
0.219734
0.215809
0.211787
0.207667
0.203445
0.199119
0.194688
0.190148
0.185498
0.180735
0.175857
0.170862
0.165748
0.160515
0.155161
0.149685
0.14409
0.138376
0.132546
0.126603
0.120554
0.114406
0.108168
0.10185
0.0954661
0.0890319
0.0825648
0.0760843
0.0696114
0.0631679
0.0567754
0.0504539
0.0442201
0.0380846
0.0320497
0.0261062
0.0202316
0.0143898
0.00853511
0.00262703
-0.00333874
-0.00927128
-0.0148955
-0.0196559
-0.0226893
-0.0230054
-0.0199981
-0.0141575
-0.00736048
-0.00205548
0
0
0.000199366
0.00133597
0.00373938
0.00780581
0.0141119
0.0232938
0.0357713
0.0514673
0.0697046
0.0893883
0.10936
0.128688
0.146775
0.163326
0.178245
0.191555
0.203332
0.213682
0.222725
0.230591
0.237418
0.243348
0.248522
0.25307
0.257113
0.260756
0.264089
0.267182
0.270093
0.272863
0.275523
0.278092
0.280582
0.283
0.285348
0.287624
0.289826
0.291948
0.293987
0.295937
0.297794
0.299552
0.301208
0.302759
0.304201
0.305532
0.306751
0.307856
0.308847
0.309722
0.310481
0.311126
0.311655
0.31207
0.312372
0.312561
0.312638
0.312605
0.312463
0.312213
0.311857
0.311395
0.31083
0.310162
0.309393
0.308524
0.307557
0.306492
0.305332
0.304077
0.302728
0.301286
0.299754
0.29813
0.296418
0.294616
0.292727
0.290751
0.288688
0.28654
0.284306
0.281988
0.279584
0.277097
0.274525
0.271869
0.269129
0.266304
0.263395
0.2604
0.25732
0.254153
0.250899
0.247557
0.244125
0.240603
0.236989
0.23328
0.229477
0.225576
0.221575
0.217474
0.213268
0.208956
0.204536
0.200005
0.195361
0.190601
0.185722
0.180723
0.175602
0.170357
0.164987
0.159492
0.15387
0.148125
0.142256
0.136268
0.130164
0.123952
0.117638
0.111233
0.104749
0.0981987
0.0915996
0.0849697
0.0783293
0.0717001
0.0651045
0.0585646
0.052101
0.0457306
0.0394642
0.033304
0.0272408
0.0212514
0.0152981
0.00933248
0.00330763
-0.00279181
-0.00889201
-0.0147378
-0.0197847
-0.0231489
-0.0237642
-0.0208994
-0.0149456
-0.00782645
-0.00219469
0
0
0.000286791
0.00151719
0.00387244
0.007647
0.0133776
0.0217282
0.033216
0.0479182
0.0653275
0.0844701
0.104224
0.123621
0.141996
0.158985
0.17444
0.188348
0.200762
0.21177
0.221479
0.230005
0.237474
0.244019
0.249769
0.254851
0.259383
0.263468
0.267196
0.270642
0.273865
0.276912
0.279816
0.282601
0.285284
0.287875
0.290377
0.292793
0.295121
0.29736
0.299505
0.301554
0.303501
0.305344
0.307079
0.308704
0.310215
0.311611
0.312891
0.314053
0.315097
0.316022
0.316828
0.317516
0.318086
0.318539
0.318876
0.319098
0.319206
0.3192
0.319084
0.318857
0.318522
0.318079
0.31753
0.316877
0.316121
0.315263
0.314305
0.313248
0.312093
0.310841
0.309494
0.308053
0.306519
0.304892
0.303174
0.301366
0.299468
0.297482
0.295407
0.293244
0.290994
0.288657
0.286234
0.283724
0.281127
0.278444
0.275675
0.272818
0.269874
0.266842
0.263722
0.260512
0.257211
0.253819
0.250334
0.246755
0.243079
0.239307
0.235434
0.23146
0.227382
0.223198
0.218906
0.214503
0.209986
0.205354
0.200602
0.19573
0.190735
0.185613
0.180365
0.174987
0.16948
0.163842
0.158074
0.152178
0.146155
0.140009
0.133745
0.127371
0.120893
0.114324
0.107675
0.100962
0.0942008
0.0874114
0.0806146
0.0738325
0.0670882
0.0604043
0.0538015
0.0472969
0.0409015
0.0346174
0.0284349
0.0223304
0.016265
0.0101871
0.00404437
-0.00218963
-0.00845853
-0.0145291
-0.0198716
-0.0235864
-0.0245323
-0.0218436
-0.0157924
-0.00833678
-0.00234933
0
0
0.000396548
0.00175724
0.00410006
0.00761355
0.0127922
0.0203218
0.0308059
0.0444658
0.0609616
0.0794537
0.0988766
0.118245
0.136834
0.154211
0.170173
0.184663
0.197709
0.20938
0.219765
0.228968
0.237103
0.244288
0.250646
0.256296
0.261351
0.265913
0.270071
0.273903
0.277471
0.280823
0.283999
0.287026
0.289924
0.292706
0.295379
0.297949
0.300417
0.302783
0.305043
0.307198
0.309242
0.311175
0.312994
0.314696
0.31628
0.317743
0.319086
0.320306
0.321405
0.322381
0.323235
0.323968
0.324579
0.325071
0.325444
0.325698
0.325836
0.325859
0.325768
0.325565
0.32525
0.324827
0.324295
0.323657
0.322913
0.322066
0.321117
0.320067
0.318918
0.31767
0.316325
0.314883
0.313347
0.311717
0.309994
0.308179
0.306272
0.304275
0.302187
0.30001
0.297743
0.295387
0.292943
0.290409
0.287787
0.285077
0.282276
0.279387
0.276407
0.273336
0.270174
0.266919
0.263571
0.260127
0.256587
0.252949
0.249211
0.245372
0.241429
0.23738
0.233222
0.228955
0.224574
0.220077
0.215462
0.210726
0.205866
0.200881
0.195766
0.190522
0.185145
0.179634
0.173989
0.168208
0.162294
0.156248
0.150071
0.143769
0.137347
0.130813
0.124174
0.117444
0.110634
0.103762
0.0968432
0.0898988
0.08295
0.0760196
0.0691309
0.0623069
0.0555684
0.0489326
0.0424104
0.0360036
0.0297025
0.0234826
0.0173038
0.0111123
0.00484999
-0.00151983
-0.00795861
-0.0142568
-0.019904
-0.0239897
-0.0252998
-0.0228255
-0.0166984
-0.00889428
-0.00252082
0
0
0.000526965
0.00204865
0.00440685
0.00768363
0.012332
0.0190545
0.0285299
0.0411105
0.0566191
0.0743585
0.0933396
0.112578
0.131301
0.149009
0.16544
0.180493
0.194164
0.206499
0.217569
0.227464
0.236283
0.244134
0.251128
0.257378
0.26299
0.268063
0.272688
0.27694
0.280884
0.284574
0.28805
0.291344
0.29448
0.297474
0.300338
0.303078
0.3057
0.308204
0.310591
0.31286
0.31501
0.31704
0.318947
0.320731
0.322391
0.323925
0.325333
0.326615
0.32777
0.328799
0.329702
0.33048
0.331134
0.331664
0.332073
0.332361
0.33253
0.332581
0.332516
0.332336
0.332043
0.331638
0.331123
0.3305
0.32977
0.328933
0.327993
0.32695
0.325806
0.324561
0.323218
0.321776
0.320238
0.318604
0.316875
0.315052
0.313136
0.311127
0.309026
0.306833
0.304548
0.302173
0.299706
0.297149
0.2945
0.29176
0.288928
0.286004
0.282987
0.279876
0.27667
0.273369
0.26997
0.266473
0.262876
0.259178
0.255375
0.251467
0.247451
0.243325
0.239087
0.234733
0.230262
0.22567
0.220954
0.216114
0.211144
0.206044
0.20081
0.195441
0.189935
0.184291
0.178508
0.172587
0.166527
0.160332
0.154004
0.147549
0.140972
0.134281
0.127486
0.120599
0.113634
0.106607
0.0995365
0.0924427
0.0853477
0.0782745
0.0712467
0.0642873
0.0574173
0.0506537
0.0440071
0.0374792
0.0310598
0.0247239
0.0184304
0.0121231
0.00573915
-0.000768265
-0.00737841
-0.0139072
-0.0198674
-0.0243446
-0.026055
-0.0238386
-0.0176633
-0.00950176
-0.00271067
0
0
0.000675158
0.00238003
0.00477023
0.00782539
0.0119615
0.017894
0.0263649
0.0378429
0.0523042
0.0691993
0.0876315
0.106637
0.125407
0.143383
0.160242
0.175834
0.190118
0.203114
0.214875
0.225474
0.234995
0.243534
0.251192
0.258071
0.264272
0.269892
0.275016
0.279723
0.284078
0.288136
0.291941
0.29553
0.298929
0.302159
0.305233
0.308162
0.310952
0.313609
0.316134
0.318528
0.320792
0.322926
0.324929
0.326801
0.328542
0.330151
0.331628
0.332973
0.334187
0.335271
0.336224
0.337049
0.337746
0.338317
0.338763
0.339085
0.339285
0.339365
0.339326
0.339169
0.338898
0.338512
0.338014
0.337405
0.336687
0.335862
0.33493
0.333894
0.332754
0.331513
0.33017
0.328728
0.327187
0.325548
0.323813
0.321981
0.320054
0.318033
0.315917
0.313707
0.311404
0.309008
0.306518
0.303934
0.301257
0.298486
0.295621
0.29266
0.289604
0.286451
0.2832
0.27985
0.2764
0.272848
0.269192
0.26543
0.261561
0.257583
0.253492
0.249287
0.244965
0.240523
0.23596
0.231271
0.226454
0.221507
0.216427
0.211211
0.205858
0.200365
0.19473
0.188953
0.183034
0.176973
0.17077
0.16443
0.157954
0.151349
0.144622
0.137779
0.130834
0.123796
0.116682
0.109508
0.102293
0.0950567
0.0878223
0.080613
0.0734523
0.0663632
0.0593664
0.0524788
0.0457106
0.0390633
0.0325259
0.0260732
0.0196629
0.0132372
0.00672873
8.12364e-05
-0.00670222
-0.0134644
-0.019746
-0.0246354
-0.0267841
-0.0248744
-0.0186858
-0.010162
-0.00292051
0
0
0.000837
0.00273595
0.00516041
0.00799689
0.0116328
0.0167946
0.0242748
0.0346412
0.0480114
0.0639836
0.0817676
0.100438
0.119167
0.137342
0.15458
0.17068
0.185562
0.199215
0.21167
0.222982
0.23322
0.242468
0.250813
0.25835
0.265171
0.271369
0.277027
0.282222
0.28702
0.291479
0.295645
0.299557
0.303245
0.306734
0.31004
0.313176
0.316154
0.318978
0.321655
0.324187
0.326575
0.328822
0.330929
0.332895
0.334722
0.33641
0.337961
0.339373
0.340649
0.34179
0.342797
0.34367
0.344412
0.345024
0.345508
0.345865
0.346097
0.346205
0.346192
0.34606
0.345809
0.345442
0.344961
0.344367
0.343661
0.342846
0.341923
0.340893
0.339757
0.338518
0.337176
0.335732
0.334187
0.332543
0.3308
0.328959
0.32702
0.324985
0.322853
0.320625
0.318302
0.315883
0.313368
0.310757
0.30805
0.305246
0.302345
0.299346
0.296249
0.293051
0.289753
0.286352
0.282848
0.279238
0.275521
0.271694
0.267757
0.263705
0.259538
0.255252
0.250845
0.246314
0.241656
0.236869
0.23195
0.226896
0.221705
0.216374
0.210901
0.205284
0.199522
0.193615
0.187562
0.181363
0.175022
0.16854
0.161922
0.155173
0.148301
0.141315
0.134225
0.127046
0.119791
0.112478
0.105127
0.0977568
0.0903916
0.083054
0.0757677
0.0685553
0.0614373
0.05443
0.0475434
0.0407781
0.0341231
0.0275522
0.0210227
0.0144751
0.0078383
0.00104728
-0.00591217
-0.0129109
-0.0195217
-0.0248438
-0.027471
-0.0259226
-0.0197637
-0.0108777
-0.00315208
0
0
0.00100707
0.00309691
0.00554062
0.00814675
0.0112867
0.0156975
0.0222096
0.0314708
0.0437241
0.0587113
0.0757583
0.0939966
0.112593
0.130894
0.148459
0.165033
0.180492
0.194793
0.207942
0.219974
0.230942
0.240915
0.24997
0.25819
0.265661
0.272468
0.278692
0.284407
0.289682
0.294573
0.29913
0.303394
0.307399
0.311171
0.314732
0.318098
0.32128
0.32429
0.327133
0.329815
0.33234
0.33471
0.336929
0.338998
0.340918
0.342691
0.34432
0.345804
0.347146
0.348347
0.349409
0.350333
0.351122
0.351777
0.352299
0.352692
0.352957
0.353095
0.353109
0.353
0.352771
0.352423
0.351958
0.351378
0.350684
0.349879
0.348963
0.347939
0.346807
0.345569
0.344226
0.342779
0.34123
0.339579
0.337827
0.335974
0.334023
0.331972
0.329823
0.327575
0.32523
0.322786
0.320244
0.317603
0.314864
0.312026
0.309087
0.306048
0.302907
0.299663
0.296315
0.292861
0.2893
0.28563
0.281849
0.277956
0.273947
0.269821
0.265575
0.261206
0.256712
0.25209
0.247338
0.242452
0.23743
0.232269
0.226967
0.221521
0.21593
0.210192
0.204305
0.19827
0.192087
0.185756
0.179281
0.172664
0.16591
0.159025
0.152017
0.144895
0.137672
0.13036
0.122975
0.115534
0.108056
0.100563
0.0930765
0.08562
0.0782166
0.0708884
0.0636554
0.0565333
0.0495315
0.04265
0.0358771
0.0291865
0.0225346
0.0158607
0.00909051
0.0021513
-0.00498785
-0.0122266
-0.0191744
-0.0249495
-0.028097
-0.0269702
-0.0208929
-0.0116512
-0.00340726
0
0
0.0011786
0.0034394
0.0058676
0.00821527
0.0108537
0.0145325
0.0201068
0.0282841
0.0394135
0.053372
0.0696076
0.0873237
0.1057
0.124051
0.141885
0.158894
0.174905
0.189842
0.203681
0.216437
0.228145
0.238859
0.248642
0.257568
0.265714
0.273158
0.279979
0.286247
0.292029
0.297384
0.302362
0.307008
0.311357
0.315439
0.319279
0.322895
0.326304
0.329516
0.332542
0.335389
0.338063
0.340568
0.342909
0.345089
0.34711
0.348976
0.350688
0.352249
0.353661
0.354926
0.356046
0.357024
0.357862
0.358562
0.359125
0.359555
0.359853
0.360022
0.360063
0.359978
0.359771
0.359442
0.358993
0.358427
0.357745
0.356949
0.35604
0.35502
0.353891
0.352653
0.351308
0.349857
0.348302
0.346643
0.34488
0.343015
0.341049
0.338981
0.336812
0.334543
0.332173
0.329703
0.327131
0.324459
0.321685
0.31881
0.315831
0.312749
0.309562
0.306268
0.302868
0.299359
0.295739
0.292007
0.28816
0.284197
0.280116
0.275913
0.271586
0.267133
0.262552
0.257838
0.25299
0.248005
0.242881
0.237613
0.232202
0.226643
0.220936
0.21508
0.209072
0.202914
0.196607
0.19015
0.183548
0.176804
0.169923
0.162911
0.155778
0.148532
0.141187
0.133754
0.126251
0.118694
0.111103
0.103499
0.0959027
0.088338
0.0808271
0.0733916
0.0660506
0.0588191
0.0517055
0.0447095
0.0378185
0.0310057
0.0242273
0.0174216
0.0105117
0.00341814
-0.00390584
-0.0113891
-0.0186815
-0.0249298
-0.0286408
-0.0280017
-0.022068
-0.0124847
-0.00368799
0
0
0.00134333
0.0037359
0.00609236
0.008136
0.010257
0.01322
0.0178927
0.0250211
0.0350387
0.047945
0.0633117
0.0804268
0.0984992
0.116825
0.134868
0.152266
0.168802
0.184358
0.198881
0.212361
0.224816
0.236281
0.246809
0.256461
0.265305
0.273414
0.280859
0.287709
0.294029
0.299878
0.305308
0.310364
0.315085
0.319503
0.323647
0.327536
0.331191
0.334626
0.337852
0.340879
0.343716
0.346369
0.348843
0.351144
0.353275
0.355241
0.357044
0.358687
0.360175
0.361508
0.362691
0.363726
0.364616
0.365363
0.365969
0.366437
0.36677
0.36697
0.367039
0.36698
0.366794
0.366484
0.366051
0.365499
0.364828
0.36404
0.363137
0.362121
0.360993
0.359754
0.358407
0.35695
0.355387
0.353718
0.351943
0.350064
0.348081
0.345994
0.343803
0.34151
0.339114
0.336614
0.334011
0.331305
0.328494
0.325578
0.322557
0.319429
0.316194
0.312849
0.309394
0.305827
0.302146
0.298349
0.294435
0.2904
0.286244
0.281963
0.277554
0.273017
0.268346
0.263541
0.258598
0.253514
0.248288
0.242917
0.237398
0.23173
0.225911
0.219941
0.213819
0.207545
0.20112
0.194546
0.187827
0.180966
0.173969
0.166843
0.159597
0.152241
0.144787
0.137249
0.129642
0.121984
0.114294
0.106593
0.0989004
0.0912397
0.0836324
0.0760992
0.068658
0.061323
0.0541015
0.0469924
0.0399826
0.0330448
0.0261347
0.0191903
0.0121327
0.00487663
-0.00263915
-0.0103727
-0.0180178
-0.0247589
-0.0290778
-0.0289984
-0.0232813
-0.01338
-0.00399637
0
0
0.00149132
0.00395494
0.00616092
0.00783756
0.00941445
0.011674
0.0154851
0.0216109
0.0305469
0.0423986
0.056858
0.0733073
0.0909997
0.109227
0.127416
0.145158
0.162185
0.17834
0.193536
0.207738
0.220942
0.233169
0.244454
0.254849
0.264412
0.273208
0.281302
0.288762
0.295648
0.30202
0.30793
0.313425
0.318545
0.323326
0.327797
0.331984
0.335907
0.339583
0.343027
0.346252
0.349267
0.352081
0.354702
0.357134
0.359385
0.361459
0.363361
0.365094
0.366662
0.36807
0.36932
0.370415
0.37136
0.372157
0.372808
0.373317
0.373686
0.373919
0.374017
0.373983
0.373819
0.373528
0.373112
0.372573
0.371912
0.371132
0.370235
0.369222
0.368094
0.366853
0.3655
0.364037
0.362465
0.360784
0.358995
0.357099
0.355097
0.352989
0.350774
0.348455
0.346029
0.343498
0.340861
0.338118
0.335268
0.33231
0.329243
0.326067
0.32278
0.319381
0.315869
0.312242
0.308497
0.304634
0.30065
0.296543
0.29231
0.28795
0.283459
0.278836
0.274077
0.269181
0.264144
0.258964
0.253639
0.248167
0.242545
0.236772
0.230848
0.224771
0.218541
0.21216
0.205628
0.198948
0.192123
0.185159
0.17806
0.170835
0.163492
0.156042
0.148496
0.14087
0.133177
0.125435
0.117662
0.109879
0.102106
0.0943632
0.0866719
0.0790515
0.0715189
0.0640867
0.0567614
0.0495407
0.042411
0.0353443
0.0282963
0.0212047
0.0139894
0.00656042
-0.00115655
-0.009148
-0.0171545
-0.0244083
-0.0293805
-0.0299384
-0.0245226
-0.0143379
-0.00433454
0
0
0.00161071
0.00406111
0.00601534
0.00724564
0.00824157
0.00980563
0.0127965
0.017975
0.0258752
0.0366901
0.0502247
0.0659603
0.0832073
0.101267
0.119541
0.137577
0.15506
0.17179
0.187645
0.202563
0.216516
0.229508
0.241561
0.252712
0.263011
0.272514
0.281281
0.289374
0.296853
0.303774
0.310192
0.316152
0.321698
0.326867
0.331691
0.336198
0.34041
0.344349
0.348031
0.35147
0.354679
0.357669
0.360448
0.363024
0.365405
0.367597
0.369606
0.371436
0.373092
0.374579
0.375902
0.377063
0.378066
0.378916
0.379616
0.380168
0.380575
0.380842
0.38097
0.380962
0.380821
0.38055
0.38015
0.379624
0.378973
0.378201
0.377308
0.376296
0.375167
0.373923
0.372564
0.371093
0.369509
0.367815
0.36601
0.364095
0.362072
0.35994
0.357699
0.355351
0.352894
0.350329
0.347655
0.344872
0.34198
0.338977
0.335862
0.332636
0.329295
0.32584
0.322268
0.318579
0.314769
0.310838
0.306783
0.302602
0.298292
0.293853
0.28928
0.284572
0.279727
0.274741
0.269613
0.26434
0.25892
0.253352
0.247633
0.241763
0.235741
0.229567
0.22324
0.216763
0.210136
0.203364
0.196449
0.189397
0.182213
0.174907
0.167486
0.15996
0.152343
0.144647
0.136888
0.129082
0.121246
0.1134
0.105562
0.0977531
0.0899918
0.0822961
0.0746815
0.0671592
0.0597344
0.0524035
0.0451522
0.0379519
0.0307585
0.0235094
0.0161241
0.00850894
0.000578377
-0.00768133
-0.0160596
-0.0238457
-0.0295174
-0.030796
-0.0257791
-0.0153588
-0.00470477
0
0
0.00168738
0.0040152
0.0055947
0.00628503
0.00665458
0.00752631
0.00973785
0.0140296
0.0209527
0.0307675
0.0433804
0.0583731
0.0751232
0.0929547
0.111255
0.129535
0.147435
0.164712
0.181209
0.196832
0.211531
0.22529
0.238116
0.250034
0.261082
0.271308
0.280767
0.289515
0.29761
0.305105
0.312055
0.318506
0.324503
0.330085
0.335285
0.340135
0.344659
0.34888
0.352818
0.35649
0.359909
0.363089
0.366041
0.368774
0.371296
0.373617
0.375741
0.377676
0.379428
0.381002
0.382402
0.383633
0.3847
0.385607
0.386358
0.386956
0.387404
0.387707
0.387866
0.387886
0.387769
0.387517
0.387134
0.38662
0.38598
0.385214
0.384325
0.383314
0.382183
0.380934
0.379568
0.378086
0.376489
0.374779
0.372956
0.371021
0.368974
0.366816
0.364547
0.362167
0.359677
0.357075
0.354362
0.351537
0.3486
0.34555
0.342385
0.339106
0.33571
0.332196
0.328563
0.32481
0.320934
0.316934
0.312807
0.308552
0.304167
0.299648
0.294995
0.290205
0.285275
0.280204
0.274989
0.269628
0.26412
0.258463
0.252656
0.246698
0.24059
0.23433
0.22792
0.221361
0.214656
0.207808
0.200821
0.1937
0.186452
0.179085
0.171608
0.16403
0.156364
0.148622
0.140819
0.13297
0.125093
0.117204
0.109321
0.101463
0.0936466
0.0858887
0.0782027
0.070598
0.0630781
0.0556383
0.0482631
0.0409237
0.0335756
0.0261567
0.0185863
0.0107685
0.00260824
-0.00593359
-0.0146963
-0.0230351
-0.0294532
-0.0315413
-0.0270347
-0.0164421
-0.00510944
0
0
0.00170468
0.00377436
0.00483633
0.0048816
0.00457277
0.00475082
0.00622167
0.00968973
0.0157035
0.0245708
0.0362853
0.0505256
0.0667431
0.0842963
0.102569
0.121044
0.13932
0.157114
0.174231
0.190545
0.205983
0.220507
0.234108
0.246799
0.258606
0.269569
0.279735
0.289156
0.297886
0.305977
0.313481
0.320447
0.326918
0.332936
0.338535
0.343749
0.348606
0.35313
0.357343
0.361265
0.364911
0.368297
0.371435
0.374337
0.377013
0.379473
0.381723
0.383772
0.385627
0.387294
0.388778
0.390086
0.391221
0.39219
0.392995
0.393642
0.394134
0.394475
0.394668
0.394716
0.394624
0.394393
0.394026
0.393526
0.392895
0.392135
0.391249
0.390238
0.389104
0.387849
0.386474
0.38498
0.383369
0.381642
0.379799
0.377841
0.375768
0.373582
0.371282
0.368869
0.366342
0.363702
0.360947
0.358078
0.355094
0.351995
0.348778
0.345444
0.341991
0.338418
0.334723
0.330906
0.326963
0.322894
0.318697
0.314369
0.309909
0.305314
0.300584
0.295715
0.290706
0.285555
0.28026
0.274819
0.269232
0.263496
0.257613
0.25158
0.245398
0.239068
0.232591
0.225969
0.219205
0.212302
0.205264
0.198098
0.19081
0.183407
0.175898
0.168293
0.160603
0.152841
0.14502
0.137154
0.129258
0.121349
0.113442
0.105554
0.0977006
0.0898949
0.082149
0.0744701
0.06686
0.0593124
0.0518107
0.0443253
0.0368118
0.0292084
0.0214349
0.013394
0.00498325
-0.00385922
-0.0130225
-0.0219361
-0.0291483
-0.03214
-0.0282697
-0.0175861
-0.00555117
0
0
0.00164309
0.00329259
0.00367713
0.0029642
0.00192067
0.00139971
0.0021649
0.00487164
0.0100493
0.0180345
0.0288923
0.0423906
0.0580575
0.0752949
0.0934943
0.112117
0.13073
0.149007
0.166719
0.183707
0.199872
0.215155
0.22953
0.242995
0.255567
0.267275
0.27816
0.288269
0.29765
0.306355
0.314434
0.321934
0.3289
0.335374
0.341394
0.346993
0.352202
0.357048
0.361555
0.365744
0.369634
0.373241
0.37658
0.379664
0.382506
0.385115
0.387502
0.389674
0.39164
0.393408
0.394983
0.396373
0.397582
0.398616
0.399481
0.40018
0.400719
0.4011
0.401329
0.401409
0.401342
0.401132
0.400783
0.400296
0.399675
0.398922
0.398038
0.397027
0.395889
0.394627
0.393241
0.391735
0.390107
0.388361
0.386496
0.384513
0.382414
0.380198
0.377865
0.375416
0.372851
0.37017
0.367373
0.364458
0.361426
0.358275
0.355006
0.351616
0.348106
0.344473
0.340716
0.336835
0.332827
0.328691
0.324425
0.320027
0.315496
0.31083
0.306028
0.301087
0.296006
0.290783
0.285418
0.279908
0.274254
0.268454
0.262508
0.256416
0.250179
0.243798
0.237275
0.230611
0.223811
0.216877
0.209815
0.20263
0.195329
0.187918
0.180407
0.172804
0.16512
0.157366
0.149555
0.141699
0.133812
0.125907
0.117999
0.110102
0.102229
0.0943917
0.0865983
0.0788544
0.0711593
0.0635049
0.0558733
0.0482341
0.0405425
0.0327373
0.024739
0.0164502
0.00776285
-0.0014046
-0.0109897
-0.0205026
-0.0285582
-0.0325531
-0.0294605
-0.0187878
-0.00603296
0
0
0.00148013
0.0025214
0.00205502
0.00046634
-0.00137019
-0.00259889
-0.00250894
-0.000504131
0.00391283
0.0110905
0.0211489
0.0339347
0.0490511
0.0659498
0.084039
0.102769
0.121678
0.140405
0.158683
0.176324
0.193201
0.209232
0.224375
0.238613
0.25195
0.264409
0.276021
0.286827
0.296873
0.306206
0.314875
0.322927
0.330406
0.337356
0.343815
0.349818
0.355398
0.360584
0.365402
0.369875
0.374023
0.377866
0.38142
0.3847
0.387719
0.390489
0.393022
0.395327
0.397414
0.39929
0.400963
0.402441
0.40373
0.404835
0.405763
0.406519
0.407107
0.407533
0.4078
0.407912
0.407873
0.407686
0.407355
0.406883
0.406272
0.405524
0.404643
0.403631
0.402489
0.401219
0.399822
0.398301
0.396657
0.39489
0.393002
0.390994
0.388865
0.386618
0.384251
0.381765
0.379161
0.376438
0.373596
0.370635
0.367554
0.364353
0.36103
0.357586
0.354019
0.350327
0.346511
0.342568
0.338497
0.334298
0.329968
0.325506
0.32091
0.31618
0.311314
0.30631
0.301168
0.295886
0.290464
0.2849
0.279194
0.273347
0.267358
0.261228
0.254957
0.248549
0.242004
0.235325
0.228516
0.221581
0.214523
0.20735
0.200067
0.19268
0.185198
0.17763
0.169984
0.16227
0.1545
0.146684
0.138833
0.130961
0.123077
0.115194
0.107322
0.0994694
0.0916423
0.083843
0.0760685
0.0683085
0.060543
0.0527409
0.0448567
0.0368297
0.0285812
0.0200143
0.0110179
0.00149378
-0.00854106
-0.0186824
-0.0276328
-0.032736
-0.0305794
-0.0200435
-0.00655864
0
0
0.0011903
0.00141076
-8.9454e-05
-0.00267227
-0.00536019
-0.00730824
-0.00786836
-0.00651081
-0.0027799
0.00367075
0.0129998
0.0251198
0.0397041
0.0562568
0.0742107
0.0930135
0.112182
0.131324
0.150139
0.168408
0.185976
0.202742
0.218642
0.233646
0.247747
0.260955
0.273297
0.284807
0.295526
0.305498
0.314769
0.323386
0.331394
0.338835
0.345749
0.352173
0.358141
0.363683
0.368828
0.3736
0.378022
0.382115
0.385897
0.389385
0.392593
0.395536
0.398225
0.400672
0.402887
0.40488
0.406659
0.408231
0.409605
0.410787
0.411784
0.4126
0.413242
0.413714
0.414022
0.414169
0.41416
0.413998
0.413687
0.413229
0.412629
0.411888
0.41101
0.409997
0.40885
0.407572
0.406164
0.404628
0.402966
0.401178
0.399266
0.397231
0.395073
0.392794
0.390392
0.38787
0.385226
0.382461
0.379576
0.376568
0.37344
0.370188
0.366815
0.363317
0.359696
0.35595
0.352077
0.348078
0.343951
0.339694
0.335308
0.33079
0.32614
0.321356
0.316439
0.311386
0.306197
0.300872
0.29541
0.289811
0.284075
0.278202
0.272193
0.26605
0.259773
0.253365
0.246828
0.240165
0.233379
0.226474
0.219456
0.212328
0.205098
0.197771
0.190354
0.182855
0.175282
0.167643
0.159947
0.152204
0.144421
0.13661
0.128778
0.120933
0.113084
0.105234
0.0973882
0.0895444
0.0816966
0.0738319
0.0659284
0.057953
0.0498597
0.0415877
0.0330593
0.0241786
0.014833
0.0049118
-0.00560961
-0.0164152
-0.0263157
-0.0326386
-0.0315943
-0.0213486
-0.00713352
0
0
0.00074529
-8.95883e-05
-0.00281147
-0.00650447
-0.0101008
-0.0127825
-0.0139731
-0.0132139
-0.0100972
-0.00429007
0.00438921
0.0159051
0.0299929
0.0462086
0.0640148
0.0828641
0.102259
0.121782
0.141103
0.159972
0.178209
0.19569
0.212332
0.228091
0.242948
0.256902
0.269973
0.282188
0.293583
0.3042
0.314083
0.323276
0.331823
0.339768
0.34715
0.354009
0.360378
0.366291
0.371776
0.376861
0.381571
0.385926
0.389949
0.393656
0.397065
0.400191
0.403046
0.405644
0.407997
0.410114
0.412005
0.413679
0.415144
0.416408
0.417477
0.418359
0.419058
0.419581
0.419933
0.420118
0.420141
0.420005
0.419715
0.419275
0.418686
0.417954
0.417079
0.416065
0.414914
0.413628
0.412209
0.410658
0.408979
0.40717
0.405235
0.403173
0.400986
0.398675
0.39624
0.393681
0.391
0.388195
0.385267
0.382217
0.379043
0.375746
0.372325
0.36878
0.36511
0.361315
0.357394
0.353347
0.349172
0.344869
0.340438
0.335877
0.331186
0.326365
0.321412
0.316328
0.311113
0.305766
0.300287
0.294677
0.288936
0.283065
0.277066
0.27094
0.264688
0.258313
0.251818
0.245206
0.238479
0.231643
0.224701
0.217658
0.210519
0.20329
0.195977
0.188586
0.181124
0.173596
0.166011
0.158374
0.150693
0.142973
0.135221
0.127441
0.119637
0.111811
0.103962
0.0960855
0.0881712
0.0802033
0.0721569
0.0639969
0.055676
0.0471327
0.0382901
0.0290535
0.0193102
0.00894087
-0.00211536
-0.0136305
-0.0245424
-0.0322039
-0.032468
-0.0226983
-0.00776556
0
0
0.00011446
-0.00202858
-0.00616027
-0.0110746
-0.0156344
-0.0190664
-0.0208736
-0.0206702
-0.0180996
-0.0128518
-0.00473584
0.00624992
0.0198921
0.0357955
0.0534548
0.0723342
0.0919286
0.111801
0.131595
0.151034
0.169914
0.188086
0.205451
0.22195
0.237549
0.252241
0.266034
0.27895
0.291022
0.302286
0.312783
0.322558
0.331653
0.34011
0.347971
0.355275
0.362057
0.368351
0.374189
0.3796
0.384608
0.389238
0.393512
0.39745
0.40107
0.404387
0.407418
0.410176
0.412674
0.414923
0.416933
0.418715
0.420277
0.421629
0.422776
0.423727
0.424489
0.425066
0.425465
0.42569
0.425748
0.425641
0.425375
0.424953
0.424379
0.423655
0.422785
0.421772
0.420618
0.419326
0.417897
0.416333
0.414637
0.41281
0.410852
0.408766
0.406553
0.404213
0.401746
0.399155
0.396439
0.393598
0.390633
0.387545
0.384332
0.380996
0.377536
0.373952
0.370243
0.36641
0.362453
0.35837
0.354162
0.349828
0.345368
0.340783
0.33607
0.331232
0.326267
0.321176
0.31596
0.310617
0.30515
0.299559
0.293845
0.28801
0.282055
0.275981
0.269791
0.263488
0.257074
0.250552
0.243926
0.237198
0.230374
0.223458
0.216453
0.209364
0.202196
0.194953
0.187641
0.180264
0.172827
0.165333
0.157787
0.150192
0.14255
0.134863
0.127129
0.119348
0.111513
0.103616
0.0956425
0.087573
0.0793789
0.0710221
0.0624531
0.0536092
0.0444132
0.0347716
0.0245727
0.0136918
0.00203833
-0.0102446
-0.0222386
-0.0313672
-0.0331587
-0.0240885
-0.00846732
0
0
-0.000734398
-0.00445201
-0.0101774
-0.0164174
-0.0219934
-0.0261953
-0.0286108
-0.0289264
-0.0268384
-0.0220666
-0.0144232
-0.00388421
0.00937663
0.0250067
0.0425333
0.0614364
0.0812099
0.101403
0.121638
0.141616
0.161107
0.179944
0.198009
0.215226
0.231551
0.246965
0.261469
0.27508
0.287822
0.29973
0.310842
0.3212
0.330845
0.33982
0.348166
0.355922
0.363126
0.369811
0.376011
0.381755
0.387072
0.391986
0.396521
0.400699
0.404538
0.408056
0.411271
0.414197
0.416847
0.419235
0.421371
0.423267
0.424933
0.426377
0.427607
0.428633
0.42946
0.430095
0.430545
0.430815
0.430911
0.430836
0.430597
0.430196
0.429638
0.428926
0.428064
0.427054
0.4259
0.424604
0.423168
0.421595
0.419886
0.418043
0.416068
0.413962
0.411726
0.409362
0.406871
0.404253
0.40151
0.398641
0.395648
0.392531
0.389291
0.385927
0.38244
0.378831
0.375098
0.371244
0.367267
0.363167
0.358946
0.354603
0.350138
0.345552
0.340845
0.336017
0.331069
0.326001
0.320815
0.315512
0.310092
0.304556
0.298907
0.293146
0.287274
0.281294
0.275209
0.26902
0.26273
0.256343
0.249861
0.243288
0.236627
0.229881
0.223054
0.216149
0.209169
0.202118
0.194998
0.187811
0.180561
0.173248
0.165873
0.158436
0.150936
0.143369
0.135732
0.128017
0.120215
0.112311
0.104287
0.0961182
0.0877716
0.0792051
0.0703659
0.0611888
0.0515954
0.0414926
0.0307698
0.0192999
0.00696965
-0.0061567
-0.0193168
-0.030054
-0.0336183
-0.0255167
-0.00925878
0
0
-0.00183401
-0.00740049
-0.0148948
-0.0225568
-0.0291997
-0.034194
-0.0372145
-0.038018
-0.0363533
-0.0319759
-0.0247125
-0.0145304
-0.0015762
0.0138321
0.0312526
0.0501834
0.0701232
0.0906127
0.111259
0.131742
0.151812
0.171282
0.190018
0.207928
0.224956
0.241074
0.256274
0.270564
0.283967
0.296511
0.308233
0.319171
0.329366
0.338859
0.347693
0.355905
0.363534
0.370616
0.377184
0.38327
0.388902
0.394107
0.398911
0.403335
0.407401
0.411128
0.414534
0.417634
0.420443
0.422976
0.425245
0.427261
0.429035
0.430577
0.431896
0.433
0.433898
0.434596
0.435101
0.43542
0.435557
0.435519
0.43531
0.434935
0.434397
0.433702
0.432852
0.43185
0.430701
0.429406
0.427969
0.426391
0.424676
0.422825
0.420839
0.418721
0.416473
0.414095
0.41159
0.408957
0.406199
0.403316
0.400309
0.397179
0.393927
0.390554
0.38706
0.383445
0.379711
0.375858
0.371886
0.367796
0.36359
0.359266
0.354827
0.350272
0.345603
0.340821
0.335926
0.330921
0.325805
0.32058
0.315249
0.309811
0.304271
0.298628
0.292886
0.287046
0.281112
0.275085
0.268967
0.262762
0.256473
0.250101
0.24365
0.237121
0.230518
0.223842
0.217095
0.210278
0.203392
0.196437
0.189413
0.182319
0.175151
0.167906
0.160579
0.153163
0.145648
0.138023
0.130273
0.122377
0.114312
0.106047
0.0975441
0.0887548
0.0796219
0.0700764
0.060037
0.0494093
0.0380833
0.0259315
0.0128246
-0.00124272
-0.015672
-0.0281766
-0.033791
-0.0269832
-0.0101714
0
0
-0.00321628
-0.0109071
-0.0203327
-0.0295036
-0.0372621
-0.0430739
-0.0467009
-0.0479658
-0.0466697
-0.0426081
-0.0356322
-0.0257134
-0.0129839
0.00226429
0.0196159
0.0385886
0.058689
0.0794557
0.100484
0.12144
0.142054
0.162123
0.181497
0.20007
0.217774
0.234571
0.250444
0.265397
0.279445
0.292613
0.304933
0.316444
0.327183
0.337191
0.34651
0.355178
0.363234
0.370714
0.377654
0.384085
0.390037
0.395539
0.400616
0.405293
0.409591
0.413532
0.417134
0.420415
0.423389
0.426073
0.428479
0.430621
0.432509
0.434154
0.435567
0.436756
0.43773
0.438496
0.439062
0.439435
0.43962
0.439624
0.439451
0.439108
0.438598
0.437926
0.437095
0.43611
0.434974
0.433691
0.432262
0.430691
0.428981
0.427133
0.42515
0.423035
0.420789
0.418413
0.41591
0.413281
0.410528
0.407651
0.404653
0.401534
0.398295
0.394938
0.391464
0.387874
0.384168
0.380348
0.376415
0.37237
0.368214
0.363948
0.359574
0.355091
0.350503
0.345809
0.341012
0.336113
0.331114
0.326016
0.320821
0.315531
0.310148
0.304675
0.299112
0.293463
0.28773
0.281915
0.276021
0.270048
0.264
0.257879
0.251686
0.245422
0.239089
0.232687
0.226217
0.219677
0.213067
0.206385
0.199626
0.192787
0.185862
0.178843
0.171722
0.164485
0.15712
0.149609
0.14193
0.134059
0.125964
0.117607
0.108943
0.0999178
0.0904673
0.0805161
0.0699778
0.0587545
0.046735
0.0337918
0.0197856
0.00465251
-0.0111741
-0.0256283
-0.0336098
-0.0284912
-0.0112534
0
0
-0.00491074
-0.0149949
-0.0264961
-0.0372519
-0.0461716
-0.0528275
-0.0570657
-0.0587703
-0.0577932
-0.0539737
-0.0471958
-0.0374467
-0.0248559
-0.00969935
0.00762924
0.0266663
0.0469295
0.0679588
0.0893444
0.110739
0.131862
0.152493
0.172468
0.191669
0.210017
0.227463
0.243984
0.259575
0.274246
0.28802
0.300925
0.312995
0.324268
0.334783
0.344581
0.353701
0.362181
0.370059
0.377369
0.384146
0.390419
0.39622
0.401574
0.406507
0.411042
0.415201
0.419004
0.42247
0.425615
0.428455
0.431004
0.433277
0.435285
0.437041
0.438553
0.439834
0.440891
0.441733
0.442368
0.442803
0.443045
0.4431
0.442975
0.442674
0.442203
0.441566
0.440768
0.439814
0.438706
0.437449
0.436045
0.434499
0.432812
0.430989
0.429031
0.42694
0.42472
0.422371
0.419898
0.4173
0.414581
0.411741
0.408783
0.405708
0.402518
0.399214
0.395797
0.39227
0.388634
0.38489
0.381039
0.377083
0.373023
0.368862
0.3646
0.360239
0.35578
0.351227
0.346579
0.341839
0.337009
0.332091
0.327087
0.321998
0.316828
0.311577
0.306248
0.300843
0.295365
0.289814
0.284194
0.278505
0.272748
0.266926
0.261038
0.255086
0.249069
0.242985
0.236834
0.230614
0.224319
0.217947
0.211491
0.204943
0.198295
0.191535
0.184649
0.177622
0.170433
0.163059
0.155473
0.147643
0.139528
0.131085
0.122259
0.112986
0.103194
0.0927987
0.0817056
0.0698098
0.0569959
0.043135
0.0280817
0.0117262
-0.00565861
-0.0222753
-0.0329895
-0.0300448
-0.0125756
0
0
-0.00694284
-0.0196733
-0.0333705
-0.0457716
-0.0558913
-0.0634164
-0.0682725
-0.0703997
-0.0696989
-0.066056
-0.059394
-0.0497257
-0.0371889
-0.0220529
-0.00469608
0.0144345
0.0348684
0.0561511
0.0778708
0.0996733
0.121267
0.14242
0.162957
0.182747
0.201702
0.219763
0.236899
0.253099
0.268369
0.282725
0.296194
0.308806
0.320598
0.331607
0.341874
0.351437
0.360335
0.368605
0.376283
0.383403
0.389997
0.396096
0.401728
0.406919
0.411694
0.416075
0.420084
0.423739
0.42706
0.430063
0.432763
0.435174
0.437311
0.439185
0.440808
0.44219
0.443342
0.444272
0.444988
0.4455
0.445814
0.445937
0.445876
0.445636
0.445223
0.444642
0.443899
0.442998
0.441942
0.440737
0.439386
0.437892
0.43626
0.434491
0.43259
0.430558
0.428399
0.426115
0.423709
0.421182
0.418538
0.415778
0.412904
0.409918
0.406823
0.40362
0.400311
0.396897
0.393381
0.389765
0.386049
0.382237
0.378329
0.374328
0.370235
0.366053
0.361782
0.357426
0.352986
0.348464
0.343861
0.339181
0.334425
0.329594
0.324692
0.31972
0.31468
0.309573
0.304402
0.299168
0.293873
0.288516
0.283099
0.277623
0.272086
0.266489
0.260829
0.255105
0.249313
0.243449
0.237507
0.23148
0.225361
0.219137
0.212797
0.206325
0.199704
0.192913
0.185925
0.178712
0.17124
0.163467
0.155347
0.146824
0.137834
0.128304
0.118148
0.107271
0.0955652
0.0829158
0.0691977
0.0542769
0.038003
0.0202323
0.00108858
-0.017942
-0.0318146
-0.0316431
-0.0142376
0
0
-0.00933224
-0.0249345
-0.040914
-0.0549968
-0.0663397
-0.0747501
-0.0802284
-0.0827656
-0.0823091
-0.0787913
-0.072178
-0.0625145
-0.0499559
-0.0347736
-0.0173376
0.00191796
0.0225345
0.0440647
0.0660984
0.0882783
0.110306
0.13194
0.152996
0.173333
0.192852
0.211488
0.229203
0.245979
0.261816
0.276726
0.290733
0.303865
0.316157
0.327644
0.338365
0.348359
0.357664
0.366318
0.374358
0.381818
0.388731
0.395128
0.401038
0.40649
0.411507
0.416115
0.420336
0.424189
0.427695
0.43087
0.433732
0.436295
0.438575
0.440583
0.442333
0.443836
0.445101
0.44614
0.446962
0.447574
0.447986
0.448203
0.448235
0.448086
0.447763
0.447272
0.446618
0.445806
0.444841
0.443728
0.44247
0.441072
0.439537
0.437869
0.436071
0.434146
0.432098
0.42993
0.427643
0.425241
0.422727
0.420102
0.41737
0.414531
0.41159
0.408547
0.405405
0.402167
0.398833
0.395407
0.391889
0.388283
0.38459
0.380813
0.376952
0.373011
0.368991
0.364894
0.360723
0.356479
0.352164
0.347781
0.343331
0.338817
0.334239
0.3296
0.324902
0.320146
0.315332
0.310464
0.30554
0.300561
0.295528
0.290439
0.285294
0.28009
0.274825
0.269495
0.264096
0.258621
0.253063
0.247412
0.241657
0.235786
0.229781
0.223624
0.217293
0.210761
0.203998
0.196968
0.189628
0.18193
0.173818
0.165224
0.156073
0.146278
0.135739
0.124344
0.11197
0.0984839
0.0837462
0.0676103
0.0499182
0.0305011
0.00935109
-0.0123913
-0.0299188
-0.0332657
-0.0163697
0
0
-0.0120913
-0.0307476
-0.0490457
-0.0648044
-0.0773605
-0.0866484
-0.0927409
-0.0956763
-0.0954448
-0.0920225
-0.0854171
-0.0757085
-0.0630746
-0.0477961
-0.0302409
-0.0108348
0.0099737
0.0317449
0.0540726
0.0765991
0.099022
0.121095
0.142623
0.163461
0.1835
0.202668
0.220919
0.238232
0.254601
0.270034
0.28455
0.298176
0.310944
0.322889
0.334048
0.344459
0.354161
0.363192
0.371588
0.379385
0.386616
0.393313
0.399506
0.405225
0.410495
0.415341
0.419786
0.423853
0.427561
0.43093
0.433976
0.436715
0.439164
0.441335
0.443242
0.444897
0.446312
0.447497
0.448461
0.449215
0.449766
0.450122
0.450292
0.450282
0.450098
0.449747
0.449235
0.448567
0.447749
0.446784
0.445678
0.444434
0.443058
0.441553
0.439922
0.438169
0.436297
0.434309
0.432209
0.43
0.427683
0.425262
0.42274
0.420118
0.4174
0.414587
0.411682
0.408688
0.405606
0.402438
0.399187
0.395855
0.392445
0.388957
0.385395
0.381759
0.378053
0.374279
0.370438
0.366532
0.362564
0.358534
0.354446
0.3503
0.346099
0.341843
0.337535
0.333175
0.328763
0.324302
0.31979
0.315227
0.310613
0.305947
0.301225
0.296446
0.291605
0.286698
0.281718
0.276657
0.271506
0.266254
0.260887
0.255389
0.24974
0.243918
0.237897
0.231646
0.225126
0.218297
0.211109
0.203503
0.195411
0.186757
0.17745
0.167386
0.156449
0.144506
0.131412
0.11701
0.101137
0.0836236
0.0642961
0.0429647
0.0195103
-0.0052941
-0.0270525
-0.0348451
-0.019128
0
0
-0.0152239
-0.0370507
-0.0576262
-0.0749816
-0.0886739
-0.0987773
-0.10544
-0.108748
-0.10873
-0.1054
-0.0988
-0.0890405
-0.0763215
-0.0609356
-0.0432527
-0.0236944
-0.00270203
0.0192916
0.0418847
0.0647208
0.0874957
0.109959
0.131911
0.153199
0.173709
0.193362
0.212106
0.229915
0.246777
0.262699
0.277694
0.291789
0.305011
0.317396
0.328979
0.339798
0.349891
0.359297
0.368051
0.37619
0.383748
0.390758
0.397252
0.403257
0.408802
0.413913
0.418614
0.422927
0.426874
0.430474
0.433746
0.436706
0.439371
0.441754
0.443871
0.445734
0.447354
0.448743
0.449912
0.450869
0.451624
0.452186
0.452562
0.45276
0.452786
0.452648
0.452351
0.451901
0.451303
0.450563
0.449685
0.448674
0.447534
0.44627
0.444884
0.443381
0.441763
0.440036
0.438201
0.436261
0.43422
0.43208
0.429845
0.427515
0.425096
0.422587
0.419993
0.417315
0.414555
0.411717
0.408801
0.405811
0.402748
0.399614
0.396412
0.393144
0.389811
0.386416
0.38296
0.379446
0.375874
0.372248
0.368568
0.364836
0.361053
0.357221
0.353341
0.349412
0.345437
0.341414
0.337343
0.333224
0.329056
0.324835
0.320559
0.316225
0.311827
0.307359
0.302814
0.298183
0.293454
0.288614
0.283648
0.278536
0.273257
0.267784
0.262087
0.256129
0.249869
0.243256
0.236233
0.228733
0.220677
0.211974
0.202519
0.192189
0.180846
0.168334
0.154479
0.139093
0.121975
0.102923
0.0817336
0.0581903
0.0320829
0.00381268
-0.0228331
-0.0362176
-0.0226748
0
0
-0.0187256
-0.0437392
-0.0664277
-0.0851717
-0.0997975
-0.110543
-0.117646
-0.121247
-0.121413
-0.118184
-0.111627
-0.101869
-0.0891226
-0.073687
-0.0559327
-0.0362771
-0.015156
0.00700344
0.0298033
0.0528886
0.0759544
0.0987472
0.121063
0.142744
0.16367
0.183757
0.202949
0.221212
0.238533
0.254913
0.270365
0.284909
0.298574
0.311392
0.323399
0.334631
0.345126
0.354921
0.364055
0.372564
0.380481
0.387841
0.394675
0.401013
0.406884
0.412314
0.417328
0.421949
0.4262
0.4301
0.433668
0.436923
0.43988
0.442556
0.444963
0.447116
0.449026
0.450706
0.452166
0.453415
0.454464
0.455321
0.455994
0.456492
0.45682
0.456985
0.456995
0.456854
0.456569
0.456144
0.455584
0.454895
0.45408
0.453144
0.45209
0.450922
0.449645
0.44826
0.446772
0.445183
0.443497
0.441715
0.439842
0.43788
0.435831
0.433697
0.431482
0.429187
0.426815
0.424368
0.421848
0.419257
0.416598
0.413873
0.411083
0.40823
0.405317
0.402346
0.399317
0.396234
0.393097
0.389908
0.386669
0.383381
0.380045
0.376662
0.373233
0.369758
0.366237
0.36267
0.359056
0.355394
0.351681
0.347916
0.344094
0.340212
0.336262
0.332239
0.328134
0.323935
0.319631
0.315207
0.310645
0.305923
0.301017
0.295897
0.290529
0.284872
0.278878
0.272492
0.265646
0.258265
0.250259
0.241521
0.23193
0.221343
0.209599
0.19651
0.181869
0.165446
0.146995
0.126261
0.102989
0.0769222
0.0477722
0.0155843
-0.0166733
-0.0370427
-0.0271328
0
0
-0.0225844
-0.0506458
-0.075085
-0.0947896
-0.109922
-0.120925
-0.128157
-0.131831
-0.132057
-0.128896
-0.122423
-0.112763
-0.100122
-0.0847877
-0.0671183
-0.0475197
-0.0264174
-0.00423072
0.0186471
0.0418628
0.0651107
0.0881345
0.110726
0.132721
0.153995
0.174459
0.19405
0.21273
0.230481
0.247301
0.263199
0.278194
0.29231
0.305579
0.318035
0.329713
0.340651
0.350886
0.360456
0.369395
0.377739
0.385522
0.392776
0.399531
0.405814
0.411655
0.417077
0.422104
0.426759
0.431062
0.435032
0.438688
0.442045
0.44512
0.447926
0.450478
0.452788
0.454867
0.456727
0.458376
0.459826
0.461084
0.462159
0.463059
0.463791
0.464361
0.464775
0.465041
0.465162
0.465146
0.464995
0.464716
0.464313
0.463789
0.463149
0.462396
0.461535
0.460567
0.459498
0.458329
0.457065
0.455707
0.454258
0.452721
0.4511
0.449395
0.44761
0.445748
0.443809
0.441797
0.439714
0.437562
0.435343
0.433059
0.430712
0.428304
0.425838
0.423313
0.420734
0.418101
0.415415
0.412679
0.409893
0.407059
0.404177
0.401249
0.398276
0.395256
0.39219
0.389078
0.385917
0.382708
0.379447
0.37613
0.372755
0.369316
0.365806
0.362218
0.358542
0.354766
0.350877
0.346859
0.342692
0.338352
0.333812
0.32904
0.323998
0.318641
0.312915
0.306758
0.300098
0.292846
0.284902
0.276146
0.266438
0.255614
0.243485
0.229832
0.214406
0.196927
0.177087
0.154564
0.129023
0.100137
0.0675355
0.0309478
-0.00767997
-0.0366789
-0.0325011
0
0
-0.0267832
-0.0575059
-0.0830128
-0.102884
-0.117714
-0.12822
-0.134928
-0.138159
-0.138082
-0.134784
-0.128334
-0.118834
-0.106454
-0.091443
-0.0741204
-0.0548584
-0.0340553
-0.0121114
0.0105925
0.0337093
0.0569345
0.0800096
0.102722
0.124901
0.146417
0.167171
0.187097
0.206149
0.224304
0.241554
0.257903
0.273368
0.287969
0.301735
0.314698
0.32689
0.338349
0.349109
0.359206
0.368676
0.377553
0.385869
0.393657
0.400945
0.407762
0.414135
0.420089
0.425646
0.43083
0.43566
0.440156
0.444335
0.448214
0.451808
0.455132
0.458198
0.46102
0.463609
0.465976
0.468131
0.470083
0.471841
0.473413
0.474807
0.476031
0.47709
0.477992
0.478742
0.479345
0.479808
0.480136
0.480332
0.480401
0.480348
0.480177
0.479891
0.479495
0.478991
0.478383
0.477674
0.476868
0.475966
0.474973
0.473891
0.472722
0.471469
0.470135
0.468722
0.467232
0.465668
0.464033
0.462327
0.460554
0.458715
0.456812
0.454849
0.452825
0.450744
0.448607
0.446415
0.444171
0.441875
0.439529
0.437135
0.434692
0.432202
0.429664
0.42708
0.424449
0.421769
0.41904
0.41626
0.413426
0.410535
0.407581
0.404561
0.401466
0.398288
0.395017
0.39164
0.388144
0.38451
0.380716
0.376739
0.372549
0.36811
0.363382
0.358316
0.352853
0.346925
0.340452
0.333339
0.325472
0.316718
0.30692
0.295892
0.283416
0.269239
0.253064
0.234556
0.213331
0.188977
0.16105
0.129112
0.0926767
0.051212
0.00548644
-0.0339933
-0.0385134
0
0
-0.0312987
-0.0638856
-0.0892494
-0.107893
-0.120994
-0.129641
-0.134604
-0.136356
-0.135158
-0.131134
-0.124347
-0.11486
-0.102778
-0.0882745
-0.0715924
-0.0530324
-0.0329332
-0.0116489
0.0104723
0.0331038
0.0559519
0.0787612
0.101317
0.123444
0.145003
0.165888
0.186023
0.205354
0.22385
0.241493
0.258282
0.274226
0.28934
0.303648
0.317176
0.329954
0.342014
0.353389
0.364112
0.374215
0.383731
0.39269
0.401123
0.409056
0.416519
0.423536
0.43013
0.436325
0.442143
0.447601
0.45272
0.457517
0.462007
0.466206
0.470129
0.473787
0.477194
0.48036
0.483298
0.486016
0.488525
0.490833
0.492948
0.494878
0.49663
0.498212
0.49963
0.50089
0.501997
0.502958
0.503777
0.50446
0.50501
0.505433
0.505733
0.505913
0.505978
0.505931
0.505775
0.505515
0.505154
0.504694
0.504138
0.503491
0.502753
0.501929
0.501021
0.500031
0.498962
0.497817
0.496597
0.495306
0.493945
0.492517
0.491024
0.489468
0.487851
0.486174
0.484441
0.482651
0.480808
0.478913
0.476966
0.474969
0.472923
0.470828
0.468686
0.466495
0.464255
0.461966
0.459627
0.457234
0.454786
0.452278
0.449706
0.447064
0.444345
0.44154
0.438637
0.435625
0.432487
0.429204
0.425756
0.422114
0.418248
0.414121
0.409688
0.404898
0.399689
0.393987
0.387704
0.380739
0.372968
0.364245
0.354396
0.343216
0.330458
0.315833
0.298997
0.279553
0.257032
0.230915
0.200611
0.165522
0.124978
0.0782302
0.0248119
-0.0270704
-0.0444011
0
0
-0.0360792
-0.0690073
-0.0921112
-0.107147
-0.116123
-0.120647
-0.121811
-0.120294
-0.116477
-0.110538
-0.102537
-0.0924877
-0.0804104
-0.0663683
-0.0504845
-0.0329427
-0.0139763
0.00614871
0.0271523
0.0487572
0.0707018
0.0927494
0.114693
0.136356
0.157596
0.178297
0.198372
0.217755
0.236403
0.254287
0.271395
0.287724
0.303281
0.318081
0.332141
0.345485
0.358139
0.370129
0.381484
0.392232
0.4024
0.412017
0.42111
0.429704
0.437824
0.445494
0.452736
0.459572
0.466022
0.472105
0.477838
0.483239
0.488323
0.493105
0.497599
0.501819
0.505776
0.509481
0.512947
0.516183
0.519199
0.522004
0.524607
0.527014
0.529235
0.531277
0.533145
0.534848
0.53639
0.537778
0.539017
0.540112
0.541069
0.541892
0.542586
0.543155
0.543603
0.543935
0.544154
0.544264
0.544268
0.544171
0.543974
0.543682
0.543297
0.542823
0.542263
0.541618
0.540893
0.54009
0.53921
0.538258
0.537235
0.536144
0.534986
0.533765
0.532482
0.531139
0.529739
0.528283
0.526773
0.52521
0.523596
0.521932
0.520218
0.518456
0.516646
0.514788
0.512881
0.510925
0.508918
0.506857
0.504741
0.502564
0.500323
0.498011
0.49562
0.493142
0.490564
0.487874
0.485055
0.482088
0.47895
0.475613
0.472044
0.468205
0.46405
0.459523
0.45456
0.449082
0.442999
0.4362
0.428555
0.419906
0.410066
0.398813
0.385874
0.370931
0.353591
0.333397
0.309791
0.282138
0.249669
0.211579
0.166898
0.114659
0.0532338
-0.0127377
-0.0484742
0
0
-0.0409199
-0.0712397
-0.0882682
-0.0956448
-0.0966442
-0.0935707
-0.0878914
-0.0804905
-0.0718511
-0.0621869
-0.0515399
-0.0398577
-0.0270552
-0.0130593
0.00216049
0.0185788
0.0361127
0.0546298
0.0739617
0.0939189
0.114304
0.134926
0.155602
0.176172
0.196495
0.216452
0.235945
0.254899
0.273256
0.290973
0.308023
0.324389
0.340066
0.355054
0.369363
0.383004
0.395994
0.408353
0.4201
0.431259
0.441852
0.451902
0.461433
0.470467
0.479025
0.48713
0.494802
0.502062
0.508927
0.515416
0.521546
0.527334
0.532796
0.537945
0.542796
0.547363
0.551657
0.55569
0.559474
0.56302
0.566337
0.569435
0.572322
0.575008
0.5775
0.579806
0.581934
0.58389
0.585681
0.587313
0.588791
0.590123
0.591313
0.592366
0.593287
0.594081
0.594753
0.595307
0.595746
0.596076
0.596299
0.59642
0.596442
0.596369
0.596203
0.595949
0.595609
0.595186
0.594684
0.594104
0.593451
0.592726
0.591932
0.591071
0.590147
0.589161
0.588116
0.587013
0.585855
0.584644
0.583381
0.582068
0.580706
0.579297
0.577841
0.576339
0.574791
0.573198
0.571559
0.569873
0.568138
0.566352
0.564512
0.562614
0.560653
0.558623
0.556515
0.554321
0.552029
0.549624
0.547091
0.544409
0.541554
0.538499
0.535209
0.531644
0.527758
0.523492
0.518781
0.513543
0.507684
0.501089
0.493622
0.48512
0.475385
0.464181
0.45122
0.436159
0.418567
0.397943
0.373636
0.344914
0.3108
0.270269
0.2219
0.164415
0.0951639
0.0142776
-0.0472538
0
0
-0.0448435
-0.0662816
-0.0698388
-0.0626417
-0.0498506
-0.0344898
-0.0182425
-0.00200705
0.0137958
0.0290438
0.0438029
0.058249
0.0726096
0.0871171
0.101975
0.117336
0.13329
0.149867
0.167039
0.184735
0.202853
0.22127
0.239857
0.258484
0.277028
0.295379
0.313438
0.331123
0.348365
0.365109
0.381315
0.396953
0.412001
0.42645
0.440295
0.453537
0.466183
0.478244
0.489732
0.500664
0.511056
0.520927
0.530295
0.53918
0.547601
0.555577
0.563127
0.570269
0.577022
0.583402
0.589426
0.59511
0.60047
0.605519
0.610273
0.614743
0.618944
0.622886
0.626582
0.630041
0.633275
0.636293
0.639105
0.641719
0.644143
0.646386
0.648455
0.650357
0.652099
0.653687
0.655128
0.656428
0.657591
0.658624
0.659531
0.660318
0.660989
0.661548
0.662
0.662349
0.662598
0.662753
0.662815
0.662789
0.662678
0.662485
0.662214
0.661867
0.661447
0.660958
0.660402
0.659782
0.6591
0.658359
0.65756
0.656708
0.655802
0.654847
0.653843
0.652792
0.651696
0.650557
0.649376
0.648153
0.646891
0.645588
0.644246
0.642865
0.641443
0.639979
0.638473
0.63692
0.63532
0.633666
0.631954
0.630177
0.628328
0.626397
0.624372
0.622238
0.619979
0.617575
0.615001
0.61223
0.609226
0.60595
0.602352
0.598377
0.593956
0.589008
0.583437
0.577127
0.56994
0.561712
0.55224
0.541288
0.528556
0.513696
0.496253
0.475708
0.451344
0.422369
0.387607
0.345849
0.295088
0.233587
0.157533
0.0629607
-0.033345
0
0
-0.0427216
-0.0394389
-0.0145836
0.0179459
0.05157
0.0835727
0.112927
0.139361
0.162964
0.184007
0.202862
0.219944
0.235685
0.250496
0.264747
0.278753
0.292755
0.306926
0.321366
0.336119
0.351178
0.366499
0.382012
0.397632
0.41327
0.428834
0.444237
0.459402
0.474259
0.48875
0.502827
0.516453
0.5296
0.542247
0.554382
0.566
0.577099
0.587684
0.597762
0.607344
0.616441
0.625069
0.633243
0.640979
0.648293
0.655204
0.661728
0.667881
0.67368
0.679142
0.684281
0.689113
0.693652
0.697911
0.701905
0.705646
0.709145
0.712415
0.715465
0.718307
0.720949
0.723402
0.725674
0.727774
0.729708
0.731485
0.733112
0.734595
0.735941
0.737156
0.738245
0.739214
0.740068
0.740813
0.741452
0.74199
0.742431
0.74278
0.74304
0.743215
0.743309
0.743325
0.743266
0.743135
0.742936
0.742672
0.742344
0.741957
0.741512
0.741012
0.74046
0.739857
0.739207
0.73851
0.73777
0.736989
0.736167
0.735307
0.734411
0.73348
0.732516
0.731519
0.73049
0.729431
0.728342
0.727224
0.726075
0.724897
0.723687
0.722445
0.721169
0.719855
0.718502
0.717104
0.715655
0.71415
0.712581
0.710937
0.709207
0.707377
0.70543
0.703347
0.701102
0.698669
0.696014
0.693097
0.689871
0.68628
0.682258
0.677727
0.672592
0.666742
0.660042
0.652335
0.643425
0.633084
0.621022
0.606907
0.590293
0.57068
0.547343
0.5195
0.485861
0.445139
0.394741
0.332447
0.252347
0.149201
0.0105366
0
0
-0.00246502
0.0683108
0.14371
0.209594
0.264773
0.310571
0.348592
0.380254
0.406734
0.429012
0.447913
0.464152
0.478352
0.491054
0.50272
0.51373
0.524386
0.534913
0.545465
0.556137
0.566969
0.577964
0.589095
0.600313
0.611561
0.622773
0.633886
0.644839
0.655575
0.666048
0.676216
0.686047
0.695517
0.704606
0.713304
0.721605
0.729507
0.737013
0.744128
0.750861
0.757222
0.763224
0.768878
0.774199
0.7792
0.783896
0.788301
0.792429
0.796293
0.799906
0.803281
0.806431
0.809366
0.812099
0.81464
0.816998
0.819184
0.821206
0.823072
0.824792
0.826372
0.827819
0.829141
0.830343
0.831431
0.832412
0.83329
0.834071
0.834759
0.835358
0.835873
0.836309
0.836667
0.836953
0.83717
0.83732
0.837408
0.837435
0.837405
0.83732
0.837184
0.836997
0.836763
0.836485
0.836163
0.8358
0.835399
0.834961
0.834487
0.833981
0.833442
0.832874
0.832278
0.831654
0.831005
0.830333
0.829637
0.82892
0.828182
0.827425
0.826648
0.825854
0.825043
0.824214
0.823368
0.822505
0.821624
0.820725
0.819807
0.818867
0.817904
0.816916
0.815898
0.814846
0.813756
0.812621
0.811433
0.810184
0.808862
0.807454
0.805945
0.804317
0.802548
0.800612
0.79848
0.796114
0.793474
0.790508
0.787158
0.783353
0.779009
0.774029
0.768295
0.761666
0.753976
0.745022
0.734564
0.722305
0.707882
0.690842
0.670601
0.646419
0.617211
0.581626
0.537111
0.480828
0.404526
0.302724
0.129765
0
0
0.289689
0.463416
0.567039
0.634216
0.680487
0.713769
0.738488
0.757297
0.771888
0.783397
0.792635
0.800205
0.806573
0.812107
0.817095
0.821757
0.826257
0.83071
0.835188
0.83973
0.844348
0.849036
0.853774
0.858535
0.863285
0.867993
0.872626
0.877157
0.881559
0.885812
0.8899
0.89381
0.897535
0.901069
0.90441
0.90756
0.910521
0.913297
0.915894
0.91832
0.92058
0.922683
0.924637
0.926449
0.928127
0.92968
0.931113
0.932435
0.933652
0.93477
0.935796
0.936735
0.937592
0.938373
0.939083
0.939725
0.940304
0.940823
0.941286
0.941697
0.942058
0.942373
0.942643
0.942873
0.943063
0.943216
0.943334
0.943419
0.943473
0.943498
0.943495
0.943465
0.94341
0.943332
0.943231
0.943109
0.942967
0.942806
0.942628
0.942432
0.94222
0.941993
0.941752
0.941497
0.94123
0.940951
0.940661
0.940361
0.94005
0.939731
0.939403
0.939068
0.938725
0.938376
0.93802
0.937659
0.937293
0.936921
0.936545
0.936164
0.93578
0.935391
0.934998
0.934601
0.934199
0.933792
0.93338
0.932961
0.932535
0.9321
0.931655
0.931197
0.930724
0.930234
0.929721
0.929183
0.928614
0.928007
0.927356
0.926652
0.925885
0.925043
0.924111
0.923074
0.921912
0.920601
0.919116
0.917424
0.915487
0.913262
0.910697
0.90773
0.904291
0.900291
0.895635
0.890195
0.883843
0.876381
0.867643
0.857295
0.845128
0.83048
0.813104
0.791349
0.764889
0.728245
0.680147
0.593983
0.454885
0
