# vtk DataFile Version 2.0
v_velocity
ASCII
DATASET RECTILINEAR_GRID
DIMENSIONS 151 152 1
X_COORDINATES 151 double
0 0.0115165 0.0229206 0.0342135 0.0453965 0.0564709 0.067438 0.0782989 0.089055 0.0997074 0.110257 0.120706 0.131055 0.141305 0.151457 0.161513 0.171473 0.181339 0.191111 0.200792 0.210382 0.219882 0.229293 0.238617 0.247854 0.257005 0.266072 0.275055 0.283956 0.292775 0.301514 0.310173 0.318754 0.327258 0.335684 0.344036 0.352312 0.360515 0.368645 0.376704 0.384691 0.392608 0.400457 0.408237 0.41595 0.423596 0.431177 0.438693 0.446145 0.453534 0.460861 0.468126 0.475331 0.482477 0.489563 0.496592 0.503563 0.510477 0.517336 0.52414 0.53089 0.537587 0.544231 0.550823 0.557364 0.563854 0.570295 0.576687 0.583031 0.589328 0.595578 0.601781 0.60794 0.614053 0.620123 0.62615 0.632134 0.638076 0.643978 0.649838 0.655659 0.66144 0.667184 0.672889 0.678557 0.684188 0.689784 0.695344 0.700869 0.706361 0.711819 0.717244 0.722637 0.727999 0.733329 0.738629 0.7439 0.749141 0.754354 0.759539 0.764697 0.769827 0.774932 0.780011 0.785065 0.790094 0.7951 0.800082 0.805042 0.809979 0.814895 0.819789 0.824663 0.829518 0.834352 0.839168 0.843966 0.848746 0.853509 0.858255 0.862985 0.867699 0.872398 0.877083 0.881754 0.886411 0.891055 0.895687 0.900307 0.904916 0.909514 0.914102 0.91868 0.923248 0.927808 0.93236 0.936904 0.941441 0.945971 0.950495 0.955013 0.959527 0.964035 0.96854 0.973041 0.977539 0.982034 0.986527 0.991019 0.99551 1 
Y_COORDINATES 152 double
0 0.00575827 0.0172186 0.0285671 0.039805 0.0509337 0.0619545 0.0728685 0.083677 0.0943812 0.104982 0.115482 0.125881 0.13618 0.146381 0.156485 0.166493 0.176406 0.186225 0.195952 0.205587 0.215132 0.224588 0.233955 0.243235 0.252429 0.261538 0.270563 0.279505 0.288365 0.297144 0.305844 0.314464 0.323006 0.331471 0.33986 0.348174 0.356414 0.36458 0.372674 0.380697 0.38865 0.396533 0.404347 0.412093 0.419773 0.427386 0.434935 0.442419 0.449839 0.457197 0.464494 0.471729 0.478904 0.48602 0.493077 0.500077 0.50702 0.513907 0.520738 0.527515 0.534239 0.540909 0.547527 0.554093 0.560609 0.567075 0.573491 0.579859 0.58618 0.592453 0.598679 0.60486 0.610997 0.617088 0.623137 0.629142 0.635105 0.641027 0.646908 0.652749 0.65855 0.664312 0.670036 0.675723 0.681372 0.686986 0.692564 0.698106 0.703615 0.70909 0.714531 0.719941 0.725318 0.730664 0.735979 0.741265 0.746521 0.751748 0.756947 0.762118 0.767262 0.77238 0.777471 0.782538 0.787579 0.792597 0.797591 0.802562 0.80751 0.812437 0.817342 0.822226 0.827091 0.831935 0.83676 0.841567 0.846356 0.851127 0.855882 0.86062 0.865342 0.870049 0.874741 0.879418 0.884082 0.888733 0.893371 0.897997 0.902612 0.907215 0.911808 0.916391 0.920964 0.925528 0.930084 0.934632 0.939172 0.943706 0.948233 0.952754 0.95727 0.961781 0.966287 0.97079 0.97529 0.979786 0.984281 0.988773 0.993264 0.997755 1 
Z_COORDINATES 1 double
0.0

CELL_DATA 22650
SCALARS v_velocity double 1
LOOKUP_TABLE default
0
0
0
0
0
0
0
0
0
0
0
0
0
0
0
0
0
0
0
0
0
0
0
0
0
0
0
0
0
0
0
0
0
0
0
0
0
0
0
0
0
0
0
0
0
0
0
0
0
0
0
0
0
0
0
0
0
0
0
0
0
0
0
0
0
0
0
0
0
0
0
0
0
0
0
0
0
0
0
0
0
0
0
0
0
0
0
0
0
0
0
0
0
0
0
0
0
0
0
0
0
0
0
0
0
0
0
0
0
0
0
0
0
0
0
0
0
0
0
0
0
0
0
0
0
0
0
0
0
0
0
0
0
0
0
0
0
0
0
0
0
0
0
0
0
0
0
0
0
0
-4.3898e-06
-0.000221147
-0.000437571
-0.00058533
-0.000649659
-0.000637537
-0.000567394
-0.000462772
-0.000347053
-0.000239582
-0.000153512
-9.52615e-05
-6.51094e-05
-5.84713e-05
-6.75109e-05
-8.28809e-05
-9.53994e-05
-9.74381e-05
-8.37554e-05
-5.16347e-05
-3.70212e-07
6.96287e-05
0.000157742
0.000263752
0.00038804
0.000531416
0.000694775
0.000878733
0.00108335
0.00130799
0.00155121
0.00181079
0.00208375
0.00236637
0.00265427
0.00294252
0.00322573
0.0034983
0.00375455
0.00398894
0.00419612
0.00437108
0.00450915
0.00460609
0.00465811
0.004662
0.00461516
0.00451567
0.00436233
0.00415469
0.00389306
0.00357847
0.00321269
0.0027982
0.00233809
0.00183613
0.00129664
0.000724485
0.000125057
-0.000495815
-0.00113189
-0.00177659
-0.00242305
-0.00306418
-0.00369279
-0.00430164
-0.00488356
-0.00543155
-0.00593889
-0.00639925
-0.00680682
-0.00715641
-0.00744358
-0.00766469
-0.00781703
-0.00789889
-0.00790957
-0.00784944
-0.00771993
-0.00752352
-0.0072637
-0.00694486
-0.00657225
-0.00615186
-0.00569026
-0.00519449
-0.00467189
-0.00412997
-0.00357624
-0.00301807
-0.00246254
-0.00191635
-0.00138564
-0.00087597
-0.000392208
6.1519e-05
0.000481849
0.000866203
0.00121277
0.00152049
0.00178901
0.00201861
0.00221018
0.00236508
0.00248513
0.00257249
0.00262958
0.00265902
0.00266353
0.00264589
0.00260888
0.0025552
0.00248748
0.00240818
0.00231964
0.00222398
0.00212316
0.00201894
0.00191286
0.00180629
0.0017004
0.0015962
0.00149453
0.00139607
0.00130137
0.00121086
0.00112486
0.00104358
0.000967144
0.000895584
0.000828834
0.000766739
0.000709041
0.000655375
0.00060526
0.000558099
0.000513172
0.000469649
0.000426605
0.000383065
0.000338056
0.000290716
0.000240421
0.000187012
0.000131086
7.4441e-05
2.07106e-05
-2.37104e-05
-4.83104e-05
-3.64383e-05
-0.000203921
-0.000879941
-0.0015033
-0.00192668
-0.00210753
-0.00206208
-0.00184115
-0.00151159
-0.00114096
-0.000786191
-0.000486987
-0.000263584
-0.000117804
-3.6357e-05
4.50627e-06
3.36859e-05
7.99995e-05
0.000167861
0.00031466
0.000530264
0.000818415
0.00117918
0.00161141
0.00211424
0.00268755
0.00333128
0.0040444
0.00482387
0.00566384
0.00655529
0.00748601
0.00844077
0.00940178
0.0103492
0.0112621
0.0121187
0.0128979
0.0135796
0.0141458
0.0145815
0.0148748
0.0150172
0.0150039
0.0148328
0.014505
0.0140235
0.0133938
0.0126223
0.0117172
0.0106873
0.00954213
0.00829184
0.00694702
0.00551859
0.00401776
0.00245607
0.00084527
-0.000802589
-0.00247522
-0.00416007
-0.00584439
-0.00751522
-0.00915944
-0.0107639
-0.0123154
-0.0138008
-0.0152074
-0.0165226
-0.0177346
-0.0188321
-0.0198047
-0.020643
-0.0213391
-0.0218861
-0.0222789
-0.0225139
-0.0225893
-0.0225053
-0.0222636
-0.0218683
-0.0213247
-0.0206404
-0.0198243
-0.0188869
-0.01784
-0.0166966
-0.0154703
-0.0141757
-0.0128275
-0.0114408
-0.0100306
-0.00861156
-0.00719781
-0.0058029
-0.00443954
-0.00311944
-0.0018532
-0.000650266
0.000481203
0.00153435
0.00250368
0.00338503
0.00417559
0.00487385
0.0054796
0.00599381
0.00641854
0.00675692
0.00701295
0.00719143
0.00729777
0.0073379
0.00731812
0.00724491
0.00712484
0.00696443
0.00677002
0.00654771
0.00630324
0.00604195
0.00576873
0.005488
0.00520371
0.0049193
0.00463776
0.00436162
0.00409298
0.00383352
0.00358452
0.00334689
0.00312114
0.00290744
0.00270553
0.00251481
0.00233428
0.00216254
0.00199785
0.00183813
0.00168108
0.00152424
0.00136521
0.00120187
0.00103271
0.000857308
0.000676916
0.000495229
0.000319413
0.000161393
3.94874e-05
-1.95866e-05
-0.000585342
-0.00190677
-0.00303235
-0.00377052
-0.00406174
-0.00393955
-0.0034966
-0.00285285
-0.00212863
-0.00142497
-0.000812153
-0.000325481
3.31776e-05
0.000289797
0.000489818
0.000688272
0.00093992
0.00129111
0.00177496
0.00241053
0.00320542
0.00415994
0.00527105
0.00653445
0.00794455
0.00949296
0.0111664
0.0129452
0.014802
0.0167027
0.0186067
0.0204686
0.0222412
0.0238773
0.025333
0.02657
0.0275575
0.0282731
0.0287025
0.0288399
0.0286863
0.0282483
0.0275373
0.0265678
0.0253568
0.0239222
0.0222828
0.0204574
0.0184647
0.0163227
0.0140489
0.0116603
0.00917304
0.00660311
0.00396593
0.0012767
-0.0014495
-0.00419763
-0.00695252
-0.00969885
-0.012421
-0.0151033
-0.0177294
-0.020283
-0.0227477
-0.0251067
-0.0273435
-0.0294418
-0.0313856
-0.0331596
-0.0347494
-0.0361417
-0.0373246
-0.0382878
-0.0390229
-0.0395235
-0.0397856
-0.0398076
-0.0395901
-0.0391367
-0.0384533
-0.0375481
-0.0364321
-0.0351181
-0.0336209
-0.0319573
-0.0301453
-0.0282041
-0.0261536
-0.0240146
-0.0218077
-0.0195538
-0.0172731
-0.0149857
-0.0127107
-0.0104663
-0.00826952
-0.00613643
-0.00408162
-0.00211832
-0.000258294
0.00148821
0.00311254
0.00460763
0.00596808
0.00719013
0.00827173
0.00921241
0.0100134
0.0106774
0.0112085
0.0116125
0.0118959
0.0120666
0.0121332
0.012105
0.0119918
0.0118036
0.0115503
0.0112419
0.010888
0.0104976
0.0100792
0.00964094
0.00918981
0.00873228
0.00827398
0.00781976
0.00737367
0.00693894
0.00651802
0.00611256
0.0057234
0.00535058
0.00499335
0.00465018
0.00431881
0.00399633
0.00367931
0.00336399
0.00304651
0.00272329
0.00239148
0.00204951
0.00169784
0.00133982
0.000982749
0.000639151
0.000328207
7.74402e-05
-0.00110101
-0.0032188
-0.0049056
-0.00595379
-0.00630782
-0.00603536
-0.00528416
-0.00423636
-0.00306953
-0.00192926
-0.000913831
-6.8973e-05
0.000609377
0.0011665
0.00167604
0.00222464
0.00289669
0.00376199
0.00486885
0.00624343
0.00789383
0.00981592
0.0119979
0.0144218
0.0170625
0.0198846
0.0228408
0.0258707
0.0289027
0.0318577
0.0346538
0.037213
0.0394659
0.0413563
0.0428429
0.0439002
0.0445172
0.0446955
0.0444471
0.0437911
0.0427526
0.0413593
0.039641
0.0376276
0.0353482
0.0328309
0.0301022
0.0271864
0.0241062
0.0208828
0.0175353
0.0140818
0.0105393
0.00692374
0.00325063
-0.000464878
-0.0042077
-0.00796265
-0.0117142
-0.0154464
-0.0191427
-0.0227858
-0.0263579
-0.0298402
-0.0332136
-0.0364583
-0.0395542
-0.0424808
-0.0452179
-0.0477456
-0.0500447
-0.0520968
-0.053885
-0.0553942
-0.0566113
-0.0575254
-0.0581287
-0.0584161
-0.0583857
-0.058039
-0.0573808
-0.0564191
-0.0551652
-0.0536337
-0.0518416
-0.0498086
-0.0475563
-0.0451084
-0.0424895
-0.0397252
-0.0368417
-0.033865
-0.0308211
-0.0277353
-0.0246319
-0.0215343
-0.0184648
-0.0154443
-0.012492
-0.00962612
-0.00686305
-0.00421781
-0.00170382
0.000667011
0.0028844
0.00493969
0.00682588
0.00853772
0.0100717
0.0114262
0.0126013
0.0135989
0.014423
0.0150789
0.0155738
0.0159163
0.0161161
0.0161843
0.0161325
0.0159732
0.0157188
0.0153823
0.0149761
0.0145124
0.0140029
0.0134584
0.012889
0.0123038
0.0117107
0.0111168
0.0105276
0.00994781
0.00938056
0.00882787
0.00829043
0.00776768
0.00725783
0.00675799
0.00626427
0.00577202
0.00527612
0.00477138
0.00425296
0.00371706
0.00316154
0.00258682
0.00199682
0.00140007
0.000810936
0.000251012
-0.00171793
-0.00475224
-0.00703397
-0.00835608
-0.00869086
-0.00816353
-0.00699542
-0.0054416
-0.00373975
-0.00207653
-0.000570336
0.000732793
0.00185358
0.00286648
0.00388095
0.00501948
0.00639624
0.00810071
0.0101896
0.0126872
0.0155911
0.018879
0.0225121
0.0264362
0.0305788
0.0348488
0.0391377
0.0433261
0.0472924
0.0509226
0.0541193
0.0568067
0.0589338
0.0604731
0.0614182
0.0617798
0.0615817
0.0608567
0.0596431
0.0579821
0.0559156
0.0534846
0.050728
0.0476821
0.0443804
0.0408532
0.0371278
0.0332288
0.0291781
0.0249955
0.0206991
0.0163051
0.0118289
0.00728476
0.00268676
-0.00195135
-0.00661569
-0.011292
-0.0159653
-0.0206201
-0.0252396
-0.0298061
-0.0343007
-0.0387032
-0.0429925
-0.047146
-0.0511406
-0.0549521
-0.0585559
-0.0619272
-0.0650414
-0.0678744
-0.0704033
-0.0726065
-0.0744645
-0.0759603
-0.07708
-0.0778126
-0.0781514
-0.0780935
-0.07764
-0.0767968
-0.0755738
-0.0739852
-0.0720492
-0.0697876
-0.0672255
-0.0643905
-0.0613125
-0.0580228
-0.0545537
-0.0509379
-0.0472078
-0.0433951
-0.0395306
-0.0356435
-0.0317614
-0.0279101
-0.0241133
-0.0203931
-0.0167695
-0.0132607
-0.00988323
-0.00665186
-0.00357988
-0.00067901
0.00204052
0.00456998
0.00690221
0.00903163
0.0109544
0.0126682
0.014173
0.0154702
0.0165632
0.0174575
0.0181602
0.0186802
0.019028
0.0192152
0.0192548
0.0191606
0.0189468
0.0186281
0.0182189
0.0177336
0.0171859
0.0165889
0.0159545
0.0152937
0.0146161
0.0139297
0.0132412
0.0125555
0.0118758
0.0112035
0.0105383
0.00987823
0.00921975
0.00855788
0.00788654
0.00719892
0.00648786
0.00574645
0.00496865
0.00415003
0.00328861
0.00238578
0.00144736
0.000484773
-0.00242094
-0.00646502
-0.00934709
-0.0108743
-0.0110739
-0.0101576
-0.00844248
-0.00626783
-0.00393204
-0.00165502
0.000437602
0.00231458
0.00402791
0.00569296
0.00746167
0.00949259
0.0119231
0.0148503
0.0183229
0.0223437
0.026877
0.0318551
0.0371812
0.0427313
0.0483574
0.0538953
0.0591772
0.0640469
0.0683717
0.0720511
0.0750195
0.0772439
0.0787199
0.0794656
0.0795151
0.0789134
0.0777116
0.0759636
0.0737231
0.0710419
0.0679692
0.0645502
0.0608261
0.0568341
0.0526075
0.0481756
0.0435644
0.0387967
0.0338927
0.02887
0.0237444
0.0185301
0.0132401
0.00788648
0.00248098
-0.00296485
-0.0084393
-0.0139301
-0.0194244
-0.024908
-0.0303658
-0.0357811
-0.0411356
-0.0464095
-0.0515812
-0.0566271
-0.0615225
-0.0662407
-0.0707538
-0.0750331
-0.079049
-0.0827717
-0.0861717
-0.0892202
-0.09189
-0.0941559
-0.0959952
-0.0973888
-0.0983213
-0.0987821
-0.098765
-0.0982695
-0.0973005
-0.0958684
-0.093989
-0.0916836
-0.0889782
-0.0859031
-0.0824924
-0.0787832
-0.0748145
-0.0706268
-0.0662612
-0.0617581
-0.0571571
-0.0524962
-0.047811
-0.043135
-0.0384985
-0.0339292
-0.029452
-0.0250888
-0.0208592
-0.0167804
-0.0128675
-0.00913356
-0.00559024
-0.00224755
0.000885849
0.00380264
0.00649685
0.00896386
0.0112005
0.0132053
0.0149782
0.0165212
0.0178379
0.018934
0.0198168
0.0204955
0.020981
0.0212857
0.021423
0.0214077
0.0212549
0.0209802
0.0205995
0.0201281
0.019581
0.0189723
0.0183149
0.0176203
0.0168985
0.0161576
0.0154038
0.014641
0.0138711
0.0130936
0.0123058
0.011503
0.0106785
0.00982399
0.00893004
0.0079863
0.00698222
0.00590764
0.00475346
0.0035125
0.00218029
0.000756149
-0.00320524
-0.00832661
-0.01178
-0.013406
-0.0133206
-0.0118559
-0.00944796
-0.00652936
-0.00345519
-0.000465541
0.00232475
0.00491817
0.0074143
0.00997954
0.0128098
0.016091
0.0199664
0.0245159
0.0297515
0.0356222
0.0420237
0.0488068
0.0557856
0.062749
0.0694772
0.0757618
0.0814237
0.0863257
0.0903772
0.0935314
0.0957793
0.0971412
0.0976585
0.0973863
0.0963875
0.0947281
0.0924743
0.0896902
0.0864363
0.0827689
0.0787394
0.0743941
0.0697747
0.0649178
0.0598559
0.0546169
0.0492253
0.0437019
0.0380646
0.0323287
0.0265075
0.0206122
0.0146528
0.00863851
0.0025776
-0.00352169
-0.00965103
-0.0158017
-0.021964
-0.0281275
-0.0342801
-0.0404083
-0.0464966
-0.0525275
-0.0584814
-0.0643363
-0.070068
-0.0756497
-0.0810527
-0.086246
-0.0911971
-0.0958717
-0.100235
-0.104251
-0.107886
-0.111103
-0.113872
-0.116162
-0.117946
-0.119203
-0.119913
-0.120066
-0.119655
-0.118683
-0.117156
-0.115089
-0.112506
-0.109433
-0.105905
-0.101962
-0.0976486
-0.0930111
-0.0880996
-0.082965
-0.077658
-0.0722286
-0.0667244
-0.0611908
-0.0556692
-0.0501976
-0.0448098
-0.0395353
-0.0344
-0.0294256
-0.0246304
-0.02003
-0.015637
-0.0114619
-0.00751346
-0.00379884
-0.000323859
0.00290679
0.00588952
0.00862187
0.0111026
0.0133316
0.0153105
0.0170421
0.0185312
0.0197841
0.0208088
0.0216152
0.0222147
0.0226202
0.0228457
0.0229064
0.022818
0.0225967
0.0222585
0.0218192
0.021294
0.0206966
0.0200398
0.0193343
0.0185888
0.0178098
0.0170013
0.0161644
0.0152976
0.0143966
0.0134546
0.012462
0.0114071
0.0102765
0.00905527
0.00772752
0.00627719
0.00468862
0.00294727
0.00104062
-0.00406847
-0.0103057
-0.0142608
-0.0158391
-0.0152878
-0.0130969
-0.00984281
-0.00605471
-0.00213363
0.00167952
0.00530301
0.00879352
0.012312
0.0160792
0.020325
0.0252406
0.0309423
0.0374549
0.0447127
0.0525709
0.0608217
0.0692128
0.0774698
0.0853223
0.0925298
0.0989012
0.104304
0.108662
0.111952
0.114187
0.115411
0.115686
0.115084
0.113684
0.111566
0.108808
0.105484
0.101665
0.0974144
0.0927923
0.0878513
0.0826386
0.0771956
0.0715585
0.0657582
0.0598211
0.0537691
0.0476205
0.0413905
0.035091
0.0287318
0.0223208
0.015864
0.00936671
0.00283325
-0.00373236
-0.0103261
-0.0169437
-0.0235801
-0.0302292
-0.0368838
-0.043535
-0.050172
-0.0567818
-0.0633489
-0.0698556
-0.0762808
-0.0826009
-0.0887892
-0.0948159
-0.100648
-0.106251
-0.111587
-0.116616
-0.121297
-0.125588
-0.129447
-0.132833
-0.135707
-0.138033
-0.139778
-0.140915
-0.141423
-0.141286
-0.140499
-0.139062
-0.136986
-0.134288
-0.130997
-0.127147
-0.122781
-0.117948
-0.112703
-0.107105
-0.101215
-0.0950954
-0.0888088
-0.0824154
-0.075973
-0.0695353
-0.063151
-0.0568637
-0.0507115
-0.0447266
-0.0389359
-0.033361
-0.0280193
-0.0229238
-0.0180845
-0.0135086
-0.00920097
-0.00516507
-0.00140293
0.00208444
0.00529689
0.00823514
0.0109008
0.0132963
0.0154255
0.0172931
0.0189056
0.0202706
0.0213975
0.022297
0.0229812
0.0234638
0.0237592
0.0238828
0.0238505
0.0236783
0.0233818
0.0229762
0.0224754
0.0218919
0.0212363
0.0205166
0.0197386
0.0189048
0.0180148
0.0170645
0.0160471
0.014952
0.013766
0.0124727
0.0110535
0.00948801
0.00775418
0.0058293
0.0036905
0.00131555
-0.00500479
-0.0123602
-0.0167018
-0.0180464
-0.0168241
-0.0137207
-0.00946853
-0.00468783
0.000193473
0.00495869
0.00958359
0.0141966
0.0190256
0.0243353
0.0303633
0.0372661
0.045087
0.0537485
0.0630658
0.0727712
0.0825458
0.0920543
0.100981
0.109059
0.116091
0.121953
0.126584
0.129982
0.132181
0.133245
0.133254
0.132298
0.130471
0.127868
0.124579
0.120692
0.116289
0.111444
0.106227
0.100698
0.0949108
0.088912
0.0827418
0.0764343
0.0700175
0.0635146
0.0569441
0.0503203
0.0436544
0.0369544
0.030226
0.0234728
0.016697
0.00989965
0.0030809
-0.00375945
-0.0106217
-0.0175061
-0.0244121
-0.0313388
-0.0382838
-0.0452436
-0.0522129
-0.0591844
-0.0661487
-0.0730937
-0.0800044
-0.0868628
-0.0936475
-0.100334
-0.106892
-0.113292
-0.119495
-0.125464
-0.131154
-0.136522
-0.141518
-0.146095
-0.150203
-0.153792
-0.156815
-0.159229
-0.160993
-0.162074
-0.162442
-0.16208
-0.160978
-0.159134
-0.156558
-0.153273
-0.149308
-0.144706
-0.139517
-0.1338
-0.127621
-0.121051
-0.114163
-0.107033
-0.0997365
-0.0923466
-0.0849322
-0.0775574
-0.0702796
-0.0631498
-0.0562112
-0.0494997
-0.0430441
-0.0368664
-0.0309828
-0.0254043
-0.0201375
-0.0151858
-0.01055
-0.00622875
-0.0022196
0.00148097
0.00487715
0.0079737
0.0107759
0.0132898
0.0155219
0.0174799
0.0191722
0.0206087
0.0218
0.0227584
0.0234968
0.0240295
0.0243712
0.0245371
0.0245427
0.024403
0.0241321
0.0237431
0.0232473
0.0226538
0.021969
0.0211964
0.020336
0.0193842
0.0183338
0.0171737
0.0158891
0.014462
0.0128712
0.0110927
0.00910058
0.0068673
0.00436441
0.00156326
-0.00600108
-0.0144313
-0.0189961
-0.0198865
-0.0177742
-0.0135747
-0.00818119
-0.00228919
0.00367372
0.00954359
0.0153756
0.0213785
0.0278376
0.0350323
0.0431627
0.0522974
0.062355
0.0731153
0.0842538
0.0953867
0.10612
0.116095
0.125022
0.132698
0.139003
0.143893
0.147382
0.149525
0.150401
0.150112
0.148763
0.146468
0.143337
0.13948
0.134997
0.129985
0.124531
0.118714
0.112603
0.106258
0.0997325
0.0930687
0.0863031
0.0794651
0.0725779
0.0656595
0.0587234
0.0517791
0.0448328
0.0378882
0.0309467
0.0240081
0.0170706
0.0101318
0.00318825
-0.00376358
-0.0107275
-0.0177073
-0.0247063
-0.0317274
-0.0387728
-0.0458435
-0.0529394
-0.0600589
-0.0671985
-0.0743528
-0.0815138
-0.0886708
-0.0958099
-0.102914
-0.109962
-0.116928
-0.123783
-0.130494
-0.137021
-0.143322
-0.14935
-0.155053
-0.160378
-0.165268
-0.169665
-0.173512
-0.176751
-0.179328
-0.181195
-0.182307
-0.182629
-0.182134
-0.180806
-0.178641
-0.175647
-0.171845
-0.167268
-0.161964
-0.155991
-0.149416
-0.142317
-0.134777
-0.126884
-0.11873
-0.110402
-0.101989
-0.093573
-0.0852303
-0.077029
-0.0690287
-0.0612794
-0.0538218
-0.0466874
-0.0398991
-0.0334724
-0.0274159
-0.021733
-0.0164229
-0.0114815
-0.00690237
-0.00267771
0.00120126
0.00474381
0.0079595
0.0108581
0.0134496
0.0157442
0.0177527
0.0194864
0.0209572
0.0221778
0.0231615
0.0239224
0.0244747
0.0248332
0.025012
0.0250251
0.0248851
0.0246033
0.0241889
0.0236483
0.0229852
0.0221997
0.0212882
0.0202432
0.0190531
0.0177025
0.0161721
0.0144392
0.0124784
0.0102616
0.00775905
0.00493989
0.00177269
-0.00703465
-0.0164406
-0.0210179
-0.021209
-0.0179863
-0.0125194
-0.00585493
0.00126397
0.00844281
0.0155978
0.0228766
0.0305615
0.038965
0.0483326
0.0587678
0.0701965
0.0823734
0.0949233
0.107401
0.119353
0.130379
0.140161
0.148488
0.155244
0.160394
0.163968
0.166036
0.1667
0.166078
0.164299
0.161495
0.1578
0.153341
0.148238
0.142603
0.136535
0.130125
0.123451
0.116578
0.109562
0.10245
0.0952786
0.0880763
0.0808657
0.0736631
0.0664801
0.0593241
0.0521992
0.0451068
0.0380463
0.0310154
0.0240104
0.0170269
0.0100598
0.00310351
-0.00384778
-0.0107999
-0.0177587
-0.0247296
-0.0317181
-0.0387288
-0.0457661
-0.0528334
-0.0599333
-0.0670672
-0.0742353
-0.0814358
-0.0886653
-0.0959178
-0.103185
-0.110454
-0.117711
-0.124935
-0.132103
-0.139185
-0.146148
-0.152952
-0.159551
-0.165896
-0.171931
-0.177594
-0.182824
-0.187552
-0.191712
-0.195236
-0.198058
-0.200117
-0.201359
-0.201735
-0.201211
-0.19976
-0.197373
-0.194052
-0.189817
-0.184702
-0.178758
-0.172049
-0.164653
-0.156658
-0.148161
-0.139266
-0.130078
-0.120704
-0.111247
-0.101805
-0.0924681
-0.0833176
-0.0744228
-0.0658422
-0.0576221
-0.0497975
-0.0423929
-0.0354229
-0.0288942
-0.0228065
-0.0171544
-0.0119285
-0.00711655
-0.00270491
0.00132113
0.00497657
0.00827637
0.0112353
0.0138678
0.0161883
0.0182108
0.0199497
0.0214191
0.0226333
0.0236067
0.0243536
0.0248879
0.0252227
0.0253704
0.0253415
0.0251449
0.0247867
0.0242702
0.0235952
0.022758
0.0217508
0.0205616
0.0191748
0.0175708
0.0157267
0.0136167
0.011213
0.00848602
0.00540517
0.00193974
-0.00807214
-0.0182911
-0.0226278
-0.0218623
-0.0173202
-0.010435
-0.00238402
0.00607793
0.0146237
0.0232695
0.0322537
0.0419037
0.0525093
0.0642191
0.076982
0.0905427
0.104485
0.118305
0.131492
0.143596
0.154269
0.163282
0.170517
0.175947
0.179613
0.181604
0.18204
0.181064
0.178829
0.175494
0.171213
0.166139
0.160412
0.154159
0.147495
0.14052
0.133319
0.125962
0.118508
0.111003
0.103483
0.0959759
0.0885008
0.0810716
0.0736968
0.066381
0.0591258
0.05193
0.044791
0.0377045
0.0306654
0.0236679
0.0167059
0.00977298
0.00286251
-0.00403199
-0.010917
-0.0177988
-0.0246837
-0.0315776
-0.0384861
-0.0454148
-0.0523688
-0.0593527
-0.0663707
-0.0734264
-0.0805224
-0.0876605
-0.094841
-0.102063
-0.109322
-0.116613
-0.123928
-0.131253
-0.138573
-0.145865
-0.153104
-0.160256
-0.167282
-0.174137
-0.180768
-0.187117
-0.193118
-0.198699
-0.203787
-0.208304
-0.212169
-0.215305
-0.217637
-0.219097
-0.219623
-0.219167
-0.217691
-0.215176
-0.211618
-0.207032
-0.20145
-0.194927
-0.187531
-0.17935
-0.170483
-0.161042
-0.151146
-0.14092
-0.130487
-0.119969
-0.109482
-0.099132
-0.0890136
-0.0792084
-0.069784
-0.0607936
-0.0522762
-0.0442577
-0.0367524
-0.0297643
-0.0232894
-0.017317
-0.0118319
-0.00681553
-0.00224774
0.00189263
0.00562678
0.00897549
0.0119588
0.014596
0.0169055
0.0189048
0.0206108
0.0220396
0.0232066
0.0241262
0.0248118
0.0252757
0.0255281
0.0255774
0.0254295
0.0250872
0.0245499
0.0238136
0.0228704
0.0217084
0.020312
0.0186621
0.0167366
0.0145109
0.0119586
0.00905219
0.00576396
0.00206637
-0.00906926
-0.0198698
-0.0236799
-0.0217026
-0.0156547
-0.0072242
0.00231641
0.0122418
0.0223212
0.032677
0.0436151
0.0554597
0.068413
0.0824656
0.0973714
0.112688
0.127861
0.142317
0.155551
0.167174
0.176935
0.184705
0.190459
0.194249
0.19618
0.196397
0.195068
0.192375
0.188506
0.183645
0.177967
0.171634
0.164793
0.157571
0.150078
0.142403
0.134621
0.12679
0.118956
0.11115
0.103399
0.0957163
0.0881131
0.080594
0.0731601
0.0658101
0.0585401
0.0513454
0.04422
0.0371576
0.0301513
0.0231944
0.0162803
0.00940208
0.00255348
-0.00427178
-0.0110797
-0.0178761
-0.0246665
-0.0314565
-0.0382512
-0.0450558
-0.0518754
-0.0587149
-0.0655792
-0.0724729
-0.0794007
-0.0863667
-0.0933749
-0.100428
-0.10753
-0.11468
-0.121879
-0.129125
-0.136412
-0.143731
-0.151071
-0.158414
-0.165737
-0.173011
-0.180199
-0.187256
-0.194131
-0.200761
-0.207078
-0.213006
-0.218461
-0.223356
-0.227598
-0.231096
-0.233761
-0.235507
-0.236257
-0.235947
-0.234526
-0.231961
-0.228239
-0.223367
-0.217377
-0.210322
-0.202276
-0.193335
-0.183611
-0.173231
-0.162333
-0.15106
-0.139556
-0.127964
-0.116417
-0.105041
-0.0939459
-0.0832254
-0.0729576
-0.0632024
-0.0540032
-0.0453872
-0.0373677
-0.0299459
-0.0231128
-0.0168523
-0.0111426
-0.0059582
-0.00127191
0.00294427
0.00671803
0.0100761
0.0130438
0.015645
0.0179019
0.0198348
0.0214626
0.0228022
0.0238689
0.0246761
0.0252346
0.0255534
0.0256382
0.0254918
0.0251138
0.0245001
0.0236428
0.0225305
0.0211482
0.0194779
0.017499
0.0151888
0.0125236
0.00947915
0.00603187
0.00215918
-0.00997141
-0.0210536
-0.0240308
-0.0206029
-0.0128927
-0.00281456
0.0083099
0.0198246
0.0316124
0.043888
0.0569818
0.0711502
0.0864438
0.102651
0.119322
0.135861
0.151634
0.166072
0.178735
0.189334
0.197724
0.203876
0.20785
0.20977
0.209804
0.208151
0.205025
0.200648
0.195233
0.188985
0.182088
0.174707
0.166982
0.15903
0.150945
0.142804
0.134662
0.126561
0.118532
0.110592
0.102754
0.095023
0.0873988
0.0798796
0.0724605
0.0651356
0.0578978
0.0507398
0.0436542
0.0366335
0.0296706
0.0227587
0.0158914
0.00906257
0.00226655
-0.00450201
-0.0112481
-0.0179764
-0.0246915
-0.0313977
-0.038099
-0.0447996
-0.0515036
-0.0582149
-0.0649379
-0.0716768
-0.078436
-0.0852201
-0.0920339
-0.0988824
-0.10577
-0.112702
-0.119683
-0.126717
-0.133805
-0.14095
-0.148151
-0.155403
-0.162699
-0.170027
-0.177369
-0.1847
-0.191986
-0.199188
-0.206253
-0.213121
-0.21972
-0.22597
-0.231779
-0.23705
-0.241681
-0.245564
-0.248593
-0.250666
-0.251687
-0.251575
-0.250261
-0.247696
-0.243856
-0.23874
-0.232374
-0.22481
-0.216129
-0.206434
-0.195852
-0.184525
-0.172612
-0.160277
-0.147688
-0.135008
-0.122393
-0.109988
-0.0979175
-0.0862911
-0.0751961
-0.0646993
-0.0548476
-0.0456689
-0.0371745
-0.0293614
-0.0222155
-0.0157137
-0.00982714
-0.00452289
0.000233724
0.0044777
0.00824317
0.0115626
0.0144663
0.0169819
0.0191346
0.0209465
0.0224372
0.0236232
0.0245181
0.0251324
0.0254732
0.0255443
0.025346
0.0248748
0.0241236
0.0230819
0.0217357
0.0200686
0.0180618
0.0156952
0.0129481
0.00980008
0.00623224
0.00222762
-0.0107153
-0.0217153
-0.0235487
-0.0184598
-0.00896484
0.00284114
0.0156374
0.0288688
0.0425318
0.0568992
0.0722652
0.0887525
0.10621
0.124209
0.142128
0.159274
0.175006
0.188821
0.200379
0.209508
0.216166
0.22042
0.222409
0.222328
0.220409
0.216903
0.212067
0.206148
0.199382
0.191976
0.184114
0.175947
0.1676
0.159172
0.150735
0.142344
0.134037
0.125837
0.117758
0.109807
0.101983
0.0942837
0.0867023
0.0792314
0.0718628
0.0645878
0.0573979
0.0502848
0.0432409
0.0362587
0.0293318
0.0224539
0.0156194
0.00882324
0.00206078
-0.00467225
-0.0113797
-0.0180652
-0.0247319
-0.0313831
-0.0380216
-0.0446503
-0.051272
-0.0578895
-0.0645059
-0.0711243
-0.0777481
-0.0843809
-0.0910268
-0.0976904
-0.104376
-0.111091
-0.117838
-0.124626
-0.13146
-0.138346
-0.14529
-0.152297
-0.15937
-0.166509
-0.173713
-0.180975
-0.188281
-0.195613
-0.202943
-0.210234
-0.217438
-0.224495
-0.231333
-0.237867
-0.244003
-0.249632
-0.254639
-0.258904
-0.262303
-0.264715
-0.266025
-0.266129
-0.26494
-0.262394
-0.25845
-0.253096
-0.246354
-0.238276
-0.228945
-0.218477
-0.207011
-0.194712
-0.181757
-0.168337
-0.154642
-0.140863
-0.127177
-0.113748
-0.10072
-0.0882144
-0.0763285
-0.0651348
-0.0546822
-0.0449976
-0.0360889
-0.0279479
-0.0205534
-0.0138749
-0.00787544
-0.00251417
0.0022511
0.00646225
0.0101595
0.0133803
0.016159
0.0185261
0.0205083
0.0221282
0.0234044
0.0243515
0.0249798
0.0252957
0.0253015
0.0249955
0.0243722
0.0234226
0.0221344
0.020493
0.0184817
0.016083
0.0132792
0.0100538
0.00639199
0.00228242
-0.0112314
-0.0217317
-0.0221209
-0.0151978
-0.00383018
0.00976476
0.0243145
0.0393824
0.0550582
0.071621
0.0892624
0.107916
0.127205
0.146507
0.165081
0.182209
0.197308
0.209976
0.219994
0.227305
0.23197
0.234144
0.23405
0.231953
0.228144
0.222917
0.216561
0.209339
0.201487
0.193206
0.18466
0.17598
0.167266
0.158591
0.150004
0.141538
0.133211
0.12503
0.116997
0.109106
0.101351
0.0937212
0.0862079
0.0788005
0.0714891
0.0642644
0.0571178
0.0500414
0.0430281
0.0360716
0.029166
0.0223063
0.0154878
0.00870664
0.00195904
-0.00475817
-0.0114479
-0.0181127
-0.0247549
-0.0313766
-0.0379797
-0.0445661
-0.0511375
-0.0576955
-0.0642421
-0.0707791
-0.0773086
-0.0838331
-0.0903552
-0.0968782
-0.103406
-0.109943
-0.116494
-0.123064
-0.129662
-0.136293
-0.142966
-0.149689
-0.15647
-0.163317
-0.170238
-0.177237
-0.184317
-0.191477
-0.19871
-0.206003
-0.213333
-0.220669
-0.227966
-0.235168
-0.242201
-0.248981
-0.255406
-0.26136
-0.266718
-0.271343
-0.275093
-0.277829
-0.279412
-0.279719
-0.278641
-0.276093
-0.272021
-0.2664
-0.259246
-0.25061
-0.240582
-0.22929
-0.216891
-0.20357
-0.189531
-0.174992
-0.16017
-0.145282
-0.13053
-0.116098
-0.102147
-0.0888111
-0.0761945
-0.0643737
-0.0533972
-0.043289
-0.0340512
-0.0256682
-0.0181108
-0.0113395
-0.00530889
3.00419e-05
0.00472685
0.00882977
0.0123842
0.0154316
0.0180088
0.0201478
0.0218751
0.0232123
0.0241755
0.024776
0.02502
0.0249092
0.0244408
0.0236083
0.0224019
0.020809
0.0188153
0.0164056
0.0135648
0.0102792
0.00653804
0.0023342
-0.0114477
-0.020991
-0.0196607
-0.0107722
0.00252399
0.0179525
0.0343273
0.0513298
0.0691047
0.0878747
0.107669
0.128197
0.148869
0.168914
0.187539
0.204069
0.21802
0.229114
0.237257
0.242503
0.245016
0.245043
0.242883
0.23887
0.23334
0.226621
0.219013
0.210779
0.202138
0.19327
0.184311
0.175363
0.166495
0.157753
0.149164
0.14074
0.132482
0.124386
0.116444
0.108643
0.100972
0.0934191
0.0859728
0.0786222
0.0713577
0.0641707
0.0570534
0.0499991
0.0430018
0.0360561
0.0291575
0.0223019
0.0154857
0.00870569
0.00195921
-0.00475623
-0.0114428
-0.0181022
-0.0247363
-0.0313463
-0.0379335
-0.0444991
-0.0510438
-0.0575688
-0.0640747
-0.0705627
-0.0770336
-0.0834888
-0.0899296
-0.0963578
-0.102776
-0.109187
-0.115593
-0.122001
-0.128414
-0.134838
-0.141282
-0.147753
-0.154261
-0.160815
-0.167427
-0.174107
-0.180865
-0.187712
-0.194654
-0.201695
-0.208834
-0.216063
-0.223367
-0.230717
-0.238075
-0.245386
-0.252579
-0.259567
-0.266243
-0.272486
-0.278156
-0.283104
-0.287168
-0.290188
-0.292004
-0.292468
-0.29145
-0.288844
-0.284578
-0.278619
-0.270975
-0.2617
-0.250892
-0.238692
-0.225282
-0.21087
-0.19569
-0.17999
-0.164019
-0.14802
-0.132221
-0.116826
-0.102011
-0.0879186
-0.0746597
-0.0623102
-0.0509156
-0.0404932
-0.031037
-0.022522
-0.014909
-0.00814891
-0.00218722
0.00303299
0.00756804
0.0114715
0.0147927
0.0175754
0.0198576
0.0216708
0.02304
0.0239841
0.0245157
0.024642
0.0243649
0.0236814
0.022585
0.0210658
0.0191119
0.0167099
0.0138469
0.0105113
0.00669439
0.00239242
-0.0112935
-0.0193997
-0.0161104
-0.00516848
0.0100832
0.027374
0.0456284
0.0646267
0.0845165
0.105402
0.127106
0.14911
0.170645
0.190856
0.208967
0.224393
0.236774
0.245967
0.252001
0.255042
0.255356
0.253278
0.249181
0.243449
0.236453
0.228531
0.219976
0.211031
0.201889
0.192694
0.183548
0.174521
0.165654
0.156966
0.148463
0.140143
0.131996
0.124008
0.116165
0.108454
0.10086
0.0933707
0.0859759
0.0786656
0.0714312
0.0642655
0.057162
0.0501154
0.0431208
0.0361741
0.0292718
0.0224105
0.0155876
0.00880056
0.00204723
-0.00467427
-0.0113656
-0.0180281
-0.024663
-0.0312714
-0.037854
-0.0444115
-0.0509444
-0.057453
-0.0639378
-0.070399
-0.0768369
-0.0832517
-0.0896441
-0.0960145
-0.102364
-0.108694
-0.115007
-0.121304
-0.12759
-0.133868
-0.140144
-0.146424
-0.152717
-0.159031
-0.165376
-0.171765
-0.178209
-0.184724
-0.191322
-0.198016
-0.204818
-0.211736
-0.218775
-0.225933
-0.233197
-0.240548
-0.247948
-0.255346
-0.262673
-0.269839
-0.276734
-0.283227
-0.289168
-0.294391
-0.298717
-0.301961
-0.303943
-0.304487
-0.303443
-0.300683
-0.296119
-0.289708
-0.281455
-0.271418
-0.259708
-0.246487
-0.23196
-0.21637
-0.199982
-0.183079
-0.165943
-0.148845
-0.132038
-0.115745
-0.100152
-0.0854108
-0.0716298
-0.0588819
-0.0472049
-0.036606
-0.027068
-0.0185541
-0.0110137
-0.00438773
0.0013876
0.00637647
0.0106408
0.0142382
0.01722
0.0196307
0.0215075
0.0228798
0.0237697
0.0241923
0.024156
0.0236636
0.0227128
0.0212971
0.0194071
0.0170314
0.0141583
0.010777
0.00687992
0.00246455
-0.0107038
-0.0168876
-0.0114437
0.00159811
0.0188069
0.0379717
0.0581342
0.079139
0.101078
0.123887
0.147158
0.170169
0.192026
0.211856
0.228953
0.242857
0.253346
0.260411
0.264206
0.265009
0.263184
0.259148
0.25333
0.24615
0.237987
0.22917
0.219969
0.210592
0.201193
0.191877
0.182713
0.173736
0.164963
0.156393
0.148017
0.139821
0.131788
0.123902
0.116147
0.108507
0.10097
0.0935253
0.0861626
0.0788743
0.0716534
0.0644941
0.0573917
0.0503418
0.0433408
0.0363855
0.029473
0.022601
0.015767
0.00896932
0.002206
-0.00452447
-0.0112234
-0.0178921
-0.0245314
-0.0311421
-0.037725
-0.0442804
-0.0508087
-0.0573101
-0.0637845
-0.070232
-0.0766523
-0.0830453
-0.0894109
-0.095749
-0.102059
-0.108343
-0.114599
-0.12083
-0.127037
-0.133223
-0.139389
-0.145542
-0.151685
-0.157826
-0.163973
-0.170136
-0.176327
-0.182558
-0.188845
-0.195204
-0.20165
-0.2082
-0.214871
-0.221674
-0.22862
-0.23571
-0.242938
-0.250286
-0.257724
-0.2652
-0.272647
-0.279971
-0.287058
-0.293767
-0.299934
-0.305378
-0.309899
-0.313291
-0.315345
-0.315864
-0.314672
-0.311622
-0.306613
-0.299593
-0.290568
-0.279606
-0.266838
-0.25245
-0.236682
-0.219813
-0.202148
-0.184007
-0.165705
-0.147545
-0.1298
-0.112707
-0.0964607
-0.0812118
-0.0670647
-0.0540819
-0.0422886
-0.0316781
-0.0222186
-0.0138599
-0.00653896
-0.000186201
0.00527035
0.00990108
0.0137719
0.0169423
0.019464
0.02138
0.0227248
0.0235243
0.0237961
0.0235505
0.0227911
0.021516
0.0197188
0.01739
0.0145185
0.0110935
0.00710685
0.00255556
-0.0096241
-0.0134118
-0.00566507
0.00948551
0.0286307
0.0496608
0.0717253
0.0946876
0.11853
0.142979
0.167408
0.190928
0.212583
0.231541
0.24721
0.259268
0.26764
0.272452
0.27398
0.272613
0.268805
0.263036
0.255774
0.247448
0.238427
0.229011
0.219429
0.209848
0.200379
0.19109
0.182013
0.173159
0.164523
0.156091
0.147845
0.139765
0.131831
0.124026
0.116335
0.108744
0.101243
0.0938216
0.0864732
0.0791913
0.0719708
0.0648073
0.0576973
0.0506374
0.0436248
0.0366572
0.0297321
0.0228477
0.0160019
0.00919315
0.00241989
-0.00431928
-0.0110256
-0.0177001
-0.0243437
-0.0309572
-0.0375412
-0.0440961
-0.0506222
-0.0571196
-0.0635883
-0.0700281
-0.0764388
-0.0828199
-0.089171
-0.0954917
-0.101781
-0.108039
-0.114266
-0.120461
-0.126624
-0.132757
-0.13886
-0.144936
-0.150988
-0.157019
-0.163036
-0.169046
-0.175056
-0.181079
-0.187126
-0.193212
-0.199354
-0.205569
-0.211878
-0.218301
-0.224856
-0.23156
-0.238427
-0.245463
-0.252668
-0.260026
-0.267508
-0.275066
-0.282628
-0.2901
-0.297357
-0.304249
-0.310598
-0.316203
-0.320841
-0.324281
-0.32629
-0.326645
-0.325146
-0.321631
-0.315985
-0.308154
-0.298152
-0.286064
-0.272048
-0.256327
-0.23918
-0.22093
-0.201928
-0.182533
-0.163095
-0.143943
-0.125369
-0.107618
-0.090884
-0.0753109
-0.0609904
-0.0479691
-0.0362541
-0.0258209
-0.0166206
-0.00858793
-0.00164755
0.00427995
0.00927341
0.0134074
0.0167496
0.019359
0.0212851
0.0225673
0.0232352
0.023309
0.0228003
0.021713
0.0200447
0.0177882
0.0149327
0.0114666
0.00737994
0.00266754
-0.00801353
-0.00895793
0.00119237
0.0184275
0.0394676
0.0623308
0.0862503
0.111059
0.136582
0.162328
0.187468
0.211004
0.23198
0.249652
0.263565
0.273549
0.279676
0.282205
0.281535
0.278154
0.272589
0.265362
0.256957
0.247789
0.238196
0.228434
0.218685
0.209071
0.199659
0.190482
0.181547
0.172843
0.164351
0.15605
0.147917
0.139929
0.132069
0.12432
0.116669
0.109105
0.101619
0.0942053
0.0868574
0.0795711
0.0723424
0.0651683
0.058046
0.0509731
0.0439472
0.0369664
0.0300289
0.0231327
0.0162762
0.00945802
0.00267659
-0.00406938
-0.0107811
-0.0174596
-0.0241058
-0.0307205
-0.0373044
-0.0438579
-0.0503814
-0.0568751
-0.063339
-0.069773
-0.0761768
-0.0825501
-0.0888923
-0.0952029
-0.101481
-0.107726
-0.113937
-0.120114
-0.126256
-0.132362
-0.138433
-0.14447
-0.150473
-0.156444
-0.162386
-0.168303
-0.174202
-0.180089
-0.185973
-0.191866
-0.197782
-0.203737
-0.20975
-0.21584
-0.22203
-0.228344
-0.234803
-0.24143
-0.248241
-0.255248
-0.26245
-0.269838
-0.277382
-0.285033
-0.292717
-0.300332
-0.307744
-0.314789
-0.32127
-0.326964
-0.331624
-0.334993
-0.33681
-0.336826
-0.334821
-0.330617
-0.324096
-0.315208
-0.303983
-0.290535
-0.275059
-0.257824
-0.23916
-0.219443
-0.199069
-0.17844
-0.15794
-0.137918
-0.118675
-0.100456
-0.0834473
-0.0677747
-0.0535096
-0.0406759
-0.0292578
-0.0192096
-0.0104638
-0.00293998
0.00344873
0.0087896
0.0131659
0.0166535
0.0193187
0.0212171
0.0223927
0.0228782
0.0226952
0.0218557
0.0203624
0.0182109
0.0153913
0.0118908
0.00769652
0.00279983
-0.00584812
-0.00353985
0.00906987
0.0283374
0.0512113
0.0758486
0.101533
0.128017
0.154942
0.181598
0.207
0.230094
0.249978
0.26603
0.27795
0.285723
0.289567
0.289873
0.287152
0.281976
0.274923
0.266536
0.257284
0.247551
0.237628
0.227721
0.217961
0.208425
0.199143
0.190119
0.18134
0.172782
0.164419
0.156225
0.148177
0.140255
0.132442
0.124725
0.117093
0.109538
0.102054
0.0946359
0.0872798
0.0799825
0.0727412
0.0655535
0.0584175
0.051331
0.0442922
0.0372993
0.0303507
0.0234447
0.0165798
0.00975442
0.00296723
-0.00378309
-0.0104977
-0.0171778
-0.0238243
-0.0304381
-0.0370199
-0.0435702
-0.0500896
-0.0565784
-0.0630366
-0.0694643
-0.0758615
-0.0822277
-0.0885626
-0.0948657
-0.101136
-0.107373
-0.113576
-0.119744
-0.125876
-0.131971
-0.138029
-0.144049
-0.15003
-0.155973
-0.16188
-0.167751
-0.17359
-0.179401
-0.18519
-0.190963
-0.196733
-0.202509
-0.208308
-0.214148
-0.220048
-0.226031
-0.232124
-0.238352
-0.244742
-0.251318
-0.258102
-0.265107
-0.272337
-0.279783
-0.287414
-0.295178
-0.302995
-0.310753
-0.318305
-0.325468
-0.332023
-0.337721
-0.342288
-0.345436
-0.346876
-0.346336
-0.343579
-0.338417
-0.330734
-0.320499
-0.307769
-0.292701
-0.275541
-0.256616
-0.236318
-0.215079
-0.193346
-0.17156
-0.150131
-0.12942
-0.109729
-0.0912894
-0.0742659
-0.0587581
-0.0448086
-0.0324123
-0.0215269
-0.0120836
-0.00399653
0.0028285
0.00848729
0.0130717
0.0166656
0.019342
0.0211619
0.0221726
0.0224086
0.0218916
0.0206313
0.0186277
0.0158721
0.0123506
0.00804745
0.00294927
-0.00312235
0.002802
0.017887
0.0391116
0.0637392
0.0900636
0.117379
0.145321
0.173327
0.200494
0.225727
0.247974
0.266426
0.28061
0.290385
0.295894
0.297498
0.295715
0.29115
0.284437
0.276183
0.266922
0.257091
0.247027
0.236966
0.227058
0.217388
0.20799
0.198868
0.190004
0.18137
0.172937
0.164676
0.156561
0.148571
0.140688
0.132899
0.125195
0.117566
0.110008
0.102516
0.0950872
0.0877181
0.0804069
0.0731514
0.0659499
0.0588005
0.0517016
0.0446514
0.0376484
0.030691
0.0237775
0.0169065
0.0100764
0.00328584
-0.00346647
-0.0101818
-0.0168613
-0.023506
-0.0301168
-0.0366945
-0.0432399
-0.0497534
-0.0562356
-0.0626868
-0.069107
-0.0754964
-0.0818548
-0.088182
-0.0944776
-0.100741
-0.106972
-0.113169
-0.119332
-0.125459
-0.13155
-0.137603
-0.143617
-0.149593
-0.155528
-0.161423
-0.167277
-0.173092
-0.17887
-0.184612
-0.190324
-0.196012
-0.201683
-0.207348
-0.21302
-0.218717
-0.224457
-0.230263
-0.236161
-0.242179
-0.248348
-0.254696
-0.261254
-0.268044
-0.275083
-0.282378
-0.289916
-0.297665
-0.305568
-0.313533
-0.321435
-0.329107
-0.336344
-0.342899
-0.348492
-0.352817
-0.355555
-0.35639
-0.355027
-0.351216
-0.344773
-0.335596
-0.323683
-0.30914
-0.292182
-0.273121
-0.252358
-0.230351
-0.207594
-0.184584
-0.161793
-0.139646
-0.118504
-0.0986498
-0.0802905
-0.0635567
-0.0485114
-0.035161
-0.0234672
-0.0133596
-0.00474703
0.00247246
0.00840314
0.0131452
0.0167898
0.0194159
0.0210881
0.0218556
0.0217523
0.0207973
0.0189962
0.016343
0.0128235
0.00841879
0.00311096
0.0001504
0.0100038
0.0275461
0.0506334
0.0769172
0.104814
0.133591
0.162735
0.191481
0.218768
0.243441
0.264497
0.281255
0.2934
0.300958
0.304227
0.303705
0.300019
0.293853
0.285878
0.276701
0.266826
0.256644
0.246432
0.236368
0.226552
0.217025
0.207791
0.198829
0.190109
0.181596
0.17326
0.165071
0.157006
0.149049
0.141184
0.133403
0.125697
0.118061
0.110493
0.102988
0.0955446
0.0881609
0.0808353
0.073566
0.0663516
0.0591905
0.052081
0.0450216
0.0380107
0.0310467
0.0241279
0.017253
0.0104203
0.00362845
-0.00312388
-0.009838
-0.0165151
-0.0231563
-0.0297625
-0.0363347
-0.0428736
-0.04938
-0.0558543
-0.062297
-0.0687085
-0.0750889
-0.0814384
-0.0877568
-0.094044
-0.1003
-0.106523
-0.112714
-0.118872
-0.124996
-0.131084
-0.137136
-0.143151
-0.149127
-0.155064
-0.160959
-0.166814
-0.172626
-0.178396
-0.184125
-0.189815
-0.195467
-0.201088
-0.206683
-0.21226
-0.217833
-0.223414
-0.229023
-0.23468
-0.240412
-0.246247
-0.252217
-0.258355
-0.264695
-0.27127
-0.278106
-0.285222
-0.292622
-0.300293
-0.308197
-0.316265
-0.324392
-0.332433
-0.340195
-0.347442
-0.353897
-0.359241
-0.363134
-0.365222
-0.365164
-0.36265
-0.357427
-0.349325
-0.338275
-0.324327
-0.307653
-0.288545
-0.267404
-0.244709
-0.220994
-0.196813
-0.172702
-0.149152
-0.126586
-0.105344
-0.0856776
-0.0677494
-0.051645
-0.0373824
-0.0249275
-0.0142078
-0.00512613
0.00242721
0.00856493
0.013395
0.0170148
0.0195075
0.0209394
0.0213591
0.0207968
0.0192662
0.0167658
0.013282
0.00879396
0.0032791
0.00393855
0.0179822
0.0379365
0.0627778
0.0906036
0.119933
0.149972
0.18004
0.209185
0.236226
0.259998
0.279588
0.29446
0.304472
0.309812
0.310928
0.308443
0.303079
0.295569
0.286599
0.276752
0.266485
0.25613
0.245902
0.235925
0.226251
0.216887
0.207813
0.198993
0.190391
0.181971
0.173701
0.165557
0.15752
0.149576
0.141714
0.133927
0.126211
0.118563
0.11098
0.10346
0.0960016
0.0886036
0.0812645
0.0739829
0.0667575
0.0595865
0.0524686
0.045402
0.0383852
0.0314166
0.0244946
0.0176175
0.0107839
0.00399241
-0.00275847
-0.00947002
-0.0161435
-0.0227799
-0.0293805
-0.0359461
-0.0424776
-0.0489758
-0.0554414
-0.0618748
-0.0682766
-0.0746471
-0.0809866
-0.0872952
-0.0935729
-0.0998196
-0.106035
-0.112219
-0.118371
-0.12449
-0.130575
-0.136626
-0.142642
-0.148621
-0.154562
-0.160464
-0.166325
-0.172145
-0.177922
-0.183656
-0.189347
-0.194995
-0.200602
-0.206171
-0.211708
-0.217218
-0.222712
-0.228203
-0.233706
-0.239242
-0.244835
-0.250513
-0.25631
-0.26226
-0.268401
-0.274771
-0.281406
-0.288334
-0.295573
-0.303128
-0.310977
-0.319073
-0.327332
-0.335628
-0.343787
-0.351587
-0.358753
-0.364966
-0.369867
-0.373077
-0.37421
-0.372903
-0.36884
-0.361782
-0.351592
-0.338259
-0.321908
-0.302802
-0.281334
-0.258002
-0.233376
-0.208065
-0.182669
-0.157748
-0.133792
-0.111198
-0.0902639
-0.0711884
-0.0540786
-0.0389646
-0.0258152
-0.0145552
-0.00508109
0.00272494
0.00898372
0.01381
0.0173058
0.0195563
0.0206267
0.0205614
0.0193842
0.0171
0.0136978
0.00915584
0.00344785
0.00819416
0.0266387
0.0489391
0.0754147
0.104654
0.135257
0.166338
0.197043
0.226258
0.252725
0.275313
0.293226
0.306094
0.313942
0.317122
0.316222
0.311975
0.305171
0.296574
0.286854
0.276553
0.266071
0.255675
0.245519
0.235677
0.226163
0.216958
0.208025
0.199321
0.190808
0.182451
0.174222
0.1661
0.158072
0.150126
0.142256
0.134458
0.126727
0.119063
0.111464
0.103929
0.0964567
0.0890456
0.0816948
0.0744028
0.0671682
0.0599895
0.052865
0.0457931
0.0387723
0.0318007
0.0248768
0.0179991
0.0111659
0.00437583
-0.00237257
-0.00908063
-0.0157496
-0.0223807
-0.028975
-0.0355334
-0.042057
-0.0485466
-0.0550029
-0.0614266
-0.0678182
-0.0741783
-0.0805073
-0.0868053
-0.0930727
-0.0993095
-0.105516
-0.111691
-0.117836
-0.123949
-0.13003
-0.136079
-0.142094
-0.148074
-0.15402
-0.159928
-0.165799
-0.17163
-0.177419
-0.183167
-0.188871
-0.194531
-0.200147
-0.20572
-0.21125
-0.216742
-0.222201
-0.227635
-0.233055
-0.238475
-0.243913
-0.249392
-0.25494
-0.260588
-0.266375
-0.272338
-0.278521
-0.284965
-0.291708
-0.29878
-0.306198
-0.313959
-0.322034
-0.330358
-0.338826
-0.347282
-0.355519
-0.363269
-0.370215
-0.375987
-0.380182
-0.382381
-0.382171
-0.379176
-0.373093
-0.363717
-0.350975
-0.334938
-0.31584
-0.294059
-0.270108
-0.244593
-0.218175
-0.19152
-0.165258
-0.139948
-0.116046
-0.0938983
-0.0737385
-0.0556956
-0.0398104
-0.0260538
-0.0143467
-0.00457862
0.00337655
0.00964693
0.0143526
0.017598
0.0194671
0.0200207
0.0192954
0.0173049
0.014043
0.00948824
0.00361199
0.0128555
0.0358637
0.0604306
0.0884133
0.118927
0.150629
0.182521
0.213581
0.242563
0.268173
0.289351
0.305442
0.316246
0.321959
0.323085
0.32034
0.314548
0.306545
0.297097
0.286842
0.276265
0.2657
0.255351
0.245318
0.235631
0.226273
0.217208
0.20839
0.199773
0.19132
0.183
0.17479
0.166675
0.158642
0.150686
0.142802
0.134987
0.12724
0.11956
0.111946
0.104396
0.0969111
0.0894887
0.0821279
0.0748273
0.0675855
0.0604007
0.0532713
0.0461957
0.0391722
0.032199
0.0252744
0.018397
0.0115651
0.00477723
-0.00196804
-0.00867207
-0.0153361
-0.0219615
-0.0285492
-0.0351003
-0.0416159
-0.0480967
-0.0545437
-0.0609576
-0.067339
-0.0736885
-0.0800067
-0.0862939
-0.0925506
-0.098777
-0.104973
-0.111139
-0.117276
-0.123381
-0.129457
-0.135501
-0.141514
-0.147495
-0.153442
-0.159356
-0.165234
-0.171076
-0.176879
-0.182643
-0.188365
-0.194044
-0.19968
-0.20527
-0.210816
-0.216317
-0.221776
-0.227196
-0.232585
-0.23795
-0.243305
-0.248665
-0.254052
-0.259492
-0.265017
-0.270663
-0.276472
-0.282488
-0.288758
-0.295327
-0.302235
-0.309512
-0.317168
-0.325192
-0.333538
-0.342118
-0.350797
-0.359379
-0.36761
-0.375172
-0.38169
-0.386743
-0.389879
-0.390643
-0.388606
-0.383399
-0.374754
-0.362534
-0.346761
-0.327632
-0.305514
-0.280929
-0.254518
-0.226996
-0.199096
-0.17152
-0.144895
-0.119738
-0.0964447
-0.0752812
-0.0563974
-0.0398427
-0.0255885
-0.0135505
-0.00361034
0.00436587
0.0105124
0.0149524
0.0177895
0.0191031
0.0189453
0.0173412
0.0142912
0.00977655
0.00376711
0.0178502
0.0455412
0.0722868
0.101645
0.133287
0.165905
0.198376
0.229524
0.258002
0.282522
0.302121
0.316302
0.325037
0.328687
0.327901
0.323504
0.316389
0.307414
0.297325
0.286712
0.275995
0.265442
0.255195
0.245306
0.235771
0.226553
0.217603
0.20887
0.200313
0.191896
0.183593
0.175386
0.167264
0.159219
0.151247
0.143345
0.135513
0.127749
0.120053
0.112425
0.104863
0.0973668
0.0899348
0.0825659
0.0752584
0.0680109
0.0608215
0.0536886
0.0466105
0.0395853
0.0326113
0.025687
0.0188106
0.0119805
0.00519534
-0.00154642
-0.00824614
-0.0149051
-0.0215246
-0.0281057
-0.0346496
-0.0411572
-0.0476295
-0.0540674
-0.0604716
-0.066843
-0.0731822
-0.0794898
-0.0857663
-0.0920123
-0.0982281
-0.104414
-0.110571
-0.116698
-0.122795
-0.128863
-0.134902
-0.140911
-0.14689
-0.152838
-0.158754
-0.164638
-0.170487
-0.176302
-0.182081
-0.187821
-0.193521
-0.199179
-0.204794
-0.210365
-0.21589
-0.221368
-0.226803
-0.232195
-0.237549
-0.242873
-0.248178
-0.253477
-0.258791
-0.264143
-0.269566
-0.275093
-0.280769
-0.28664
-0.292756
-0.299167
-0.305923
-0.313063
-0.320611
-0.32857
-0.336912
-0.345566
-0.354414
-0.363274
-0.371903
-0.379985
-0.387142
-0.392934
-0.396884
-0.398496
-0.397289
-0.392837
-0.384809
-0.373008
-0.357407
-0.338169
-0.315648
-0.290378
-0.263037
-0.234394
-0.20525
-0.176383
-0.148486
-0.12214
-0.0977843
-0.0757177
-0.0561072
-0.0390083
-0.0243903
-0.0121622
-0.00219752
0.00564474
0.0115029
0.0155002
0.0177356
0.018279
0.0171697
0.0144173
0.0100074
0.00390951
0.0230987
0.0555526
0.0843859
0.114988
0.147606
0.180954
0.213782
0.244772
0.272515
0.295759
0.313664
0.325897
0.332603
0.334299
0.331764
0.325915
0.317691
0.30795
0.2974
0.286571
0.275814
0.265331
0.255213
0.245471
0.236074
0.226971
0.218108
0.209435
0.200913
0.192511
0.18421
0.175995
0.167858
0.159796
0.151805
0.143885
0.136035
0.128256
0.120546
0.112905
0.105332
0.0978261
0.0903862
0.0830106
0.0756976
0.0684456
0.0612528
0.0541174
0.0470376
0.0400115
0.0330375
0.0261139
0.019239
0.0124112
0.00562898
-0.00110909
-0.0078044
-0.0144583
-0.021072
-0.0276466
-0.0341834
-0.0406834
-0.0471474
-0.0535766
-0.0599716
-0.0663334
-0.0726627
-0.0789601
-0.0852263
-0.0914619
-0.0976674
-0.103843
-0.10999
-0.116107
-0.122196
-0.128257
-0.134289
-0.140293
-0.146268
-0.152214
-0.15813
-0.164017
-0.169872
-0.175696
-0.181486
-0.187242
-0.192961
-0.198642
-0.204282
-0.20988
-0.215435
-0.220943
-0.226406
-0.231822
-0.237193
-0.242522
-0.247815
-0.253081
-0.258333
-0.263589
-0.268871
-0.274209
-0.279639
-0.285203
-0.290949
-0.296931
-0.303204
-0.309823
-0.316837
-0.324282
-0.332175
-0.340502
-0.34921
-0.358192
-0.367283
-0.376247
-0.384773
-0.392476
-0.398904
-0.40355
-0.405882
-0.405371
-0.401535
-0.393985
-0.382468
-0.366911
-0.347445
-0.324417
-0.298378
-0.270044
-0.240242
-0.209847
-0.179709
-0.150592
-0.123134
-0.0978188
-0.0749719
-0.0547734
-0.0372813
-0.0224595
-0.0102091
-0.000395471
0.00712793
0.0125005
0.0158412
0.0172394
0.0167505
0.014396
0.0101675
0.0040357
0.0285173
0.0657798
0.0966112
0.128328
0.16177
0.195667
0.22864
0.259256
0.286071
0.307901
0.324044
0.334336
0.339086
0.338961
0.334854
0.327752
0.318619
0.308291
0.297427
0.286487
0.275758
0.265381
0.255399
0.245792
0.236511
0.227498
0.218696
0.210059
0.201552
0.193151
0.184839
0.176608
0.168453
0.16037
0.15236
0.144422
0.136556
0.128761
0.121038
0.113387
0.105804
0.0982908
0.0908443
0.0834633
0.076146
0.0688905
0.0616951
0.0545579
0.047477
0.0404507
0.0334771
0.0265546
0.0196815
0.0128561
0.00607702
-0.000657273
-0.00734817
-0.013997
-0.0206051
-0.0271735
-0.0337035
-0.0401961
-0.0466524
-0.0530732
-0.0594596
-0.0658123
-0.0721322
-0.07842
-0.0846765
-0.0909022
-0.0970978
-0.103264
-0.109401
-0.115509
-0.12159
-0.127642
-0.133667
-0.139664
-0.145634
-0.151577
-0.157492
-0.163379
-0.169238
-0.175067
-0.180867
-0.186634
-0.192369
-0.198069
-0.203733
-0.209358
-0.214943
-0.220484
-0.225981
-0.231431
-0.236833
-0.242189
-0.2475
-0.25277
-0.258008
-0.263223
-0.268433
-0.273659
-0.278929
-0.284278
-0.289748
-0.29539
-0.301257
-0.307411
-0.313913
-0.320818
-0.328173
-0.336008
-0.344321
-0.353072
-0.362171
-0.371463
-0.380719
-0.389629
-0.397803
-0.404773
-0.410005
-0.412931
-0.412975
-0.409603
-0.40237
-0.390972
-0.375295
-0.355448
-0.331775
-0.30485
-0.275434
-0.244421
-0.212759
-0.181373
-0.151097
-0.122623
-0.096473
-0.072994
-0.0523736
-0.0346669
-0.0198301
-0.00775473
0.00170121
0.0086869
0.0133385
0.0157652
0.0160406
0.0141998
0.0102427
0.00414187
0.0340216
0.0761082
0.108853
0.141559
0.175678
0.209951
0.242876
0.272931
0.298666
0.318988
0.333342
0.341733
0.34463
0.342833
0.337332
0.329166
0.319301
0.308538
0.297475
0.286504
0.275844
0.265586
0.255734
0.246244
0.237056
0.228106
0.219342
0.210721
0.202215
0.193803
0.185474
0.177223
0.169046
0.160943
0.152913
0.144957
0.137076
0.129268
0.121534
0.113873
0.106283
0.0987623
0.0913103
0.0839248
0.0766039
0.0693457
0.0621483
0.0550099
0.0479284
0.0409022
0.0339293
0.0270082
0.020137
0.0133143
0.00653838
-0.000192133
-0.00687868
-0.0135226
-0.0201252
-0.0266876
-0.0332112
-0.0396968
-0.0461457
-0.0525588
-0.058937
-0.0652812
-0.0715923
-0.0778712
-0.0841184
-0.0903349
-0.0965212
-0.102678
-0.108806
-0.114906
-0.120977
-0.127022
-0.133039
-0.13903
-0.144995
-0.150933
-0.156846
-0.162732
-0.168591
-0.174424
-0.180229
-0.186006
-0.191753
-0.197469
-0.203153
-0.208802
-0.214414
-0.219987
-0.225518
-0.231005
-0.236446
-0.241839
-0.247184
-0.252482
-0.257736
-0.262952
-0.26814
-0.273314
-0.278496
-0.283711
-0.288994
-0.294387
-0.299941
-0.305714
-0.311769
-0.318173
-0.324988
-0.332271
-0.340062
-0.348371
-0.35717
-0.366381
-0.375858
-0.385376
-0.394627
-0.40321
-0.410639
-0.416355
-0.41975
-0.420203
-0.417128
-0.41003
-0.39856
-0.38257
-0.362154
-0.337665
-0.309708
-0.279103
-0.246812
-0.213865
-0.181262
-0.149904
-0.120532
-0.0936987
-0.0697649
-0.0489185
-0.0312068
-0.0165749
-0.00490453
0.0039516
0.0101411
0.0137908
0.014993
0.0137984
0.0102166
0.00422342
0.0395295
0.0864292
0.121011
0.154587
0.189242
0.223729
0.256437
0.285776
0.310319
0.329076
0.34165
0.348209
0.349371
0.346058
0.339338
0.330282
0.31984
0.308765
0.29759
0.286639
0.276073
0.265934
0.256197
0.246802
0.237682
0.228774
0.220028
0.211409
0.202891
0.194461
0.186111
0.177836
0.169637
0.161513
0.153465
0.145493
0.137598
0.129778
0.122034
0.114365
0.106767
0.0992414
0.0917846
0.0843953
0.0770714
0.069811
0.0626121
0.0554728
0.0483911
0.0413653
0.0343934
0.0274738
0.0206048
0.0137847
0.00701201
0.00028526
-0.006397
-0.0130361
-0.0196334
-0.0261901
-0.0327075
-0.0391865
-0.0456284
-0.0520341
-0.0584047
-0.064741
-0.071044
-0.0773144
-0.0835532
-0.0897611
-0.0959388
-0.102087
-0.108207
-0.114298
-0.120362
-0.126398
-0.132409
-0.138393
-0.144352
-0.150286
-0.156195
-0.162078
-0.167937
-0.173772
-0.17958
-0.185363
-0.19112
-0.196848
-0.202548
-0.208217
-0.213853
-0.219454
-0.225017
-0.23054
-0.23602
-0.241455
-0.246842
-0.252179
-0.257468
-0.26271
-0.267911
-0.273078
-0.278225
-0.283371
-0.288542
-0.293772
-0.299103
-0.304587
-0.310284
-0.31626
-0.322586
-0.329333
-0.336565
-0.344331
-0.352653
-0.361514
-0.370843
-0.3805
-0.390266
-0.399825
-0.408766
-0.416582
-0.422682
-0.42642
-0.427128
-0.424171
-0.417006
-0.405246
-0.388719
-0.367515
-0.342009
-0.312855
-0.280935
-0.247297
-0.213052
-0.179278
-0.146938
-0.116814
-0.0894804
-0.0653016
-0.0444584
-0.0269848
-0.0128124
-0.0018141
0.00615872
0.0112457
0.0135564
0.0131578
0.0100706
0.00427478
0.0449627
0.0966416
0.132992
0.16733
0.202389
0.236944
0.269289
0.297789
0.32106
0.338232
0.349062
0.353877
0.353436
0.348764
0.34099
0.331198
0.320309
0.309021
0.297798
0.2869
0.276434
0.266406
0.256766
0.247444
0.23837
0.229484
0.220741
0.212111
0.203575
0.195121
0.186746
0.178448
0.170226
0.162083
0.154017
0.146031
0.138123
0.130293
0.12254
0.114863
0.107259
0.0997281
0.0922673
0.0848747
0.0775483
0.070286
0.063086
0.0559461
0.0488644
0.0418391
0.0348684
0.0279505
0.0210836
0.0142663
0.0074969
0.000773902
-0.00590413
-0.0125386
-0.0191307
-0.0256819
-0.0321933
-0.0386661
-0.0451013
-0.0515001
-0.0578635
-0.0641924
-0.0704877
-0.0767504
-0.0829813
-0.0891812
-0.095351
-0.101491
-0.107603
-0.113687
-0.119743
-0.125773
-0.131776
-0.137755
-0.143708
-0.149637
-0.155541
-0.161422
-0.16728
-0.173114
-0.178925
-0.184712
-0.190475
-0.196213
-0.201925
-0.20761
-0.213266
-0.218891
-0.224483
-0.230039
-0.235556
-0.241031
-0.246462
-0.251844
-0.257178
-0.262461
-0.267695
-0.272884
-0.278035
-0.283161
-0.28828
-0.293416
-0.298604
-0.303886
-0.309314
-0.314951
-0.320867
-0.327137
-0.33384
-0.341046
-0.348812
-0.35717
-0.366112
-0.375574
-0.385419
-0.395425
-0.405271
-0.414528
-0.422662
-0.429049
-0.432999
-0.433798
-0.430763
-0.423307
-0.411012
-0.393694
-0.371456
-0.34471
-0.314173
-0.28081
-0.245758
-0.210218
-0.175343
-0.142151
-0.111456
-0.0838408
-0.0596638
-0.0390898
-0.0221344
-0.0087153
0.00130061
0.00805668
0.0116759
0.0122405
0.00978332
0.0042893
0.0502495
0.106653
0.144716
0.179718
0.215059
0.249553
0.281414
0.308981
0.330933
0.346526
0.355672
0.358848
0.356939
0.351059
0.342383
0.33199
0.320763
0.309336
0.298109
0.287282
0.276914
0.266982
0.257419
0.248149
0.239102
0.230222
0.22147
0.212821
0.204261
0.195781
0.187381
0.179058
0.170815
0.162653
0.154571
0.146571
0.138652
0.130812
0.123051
0.115367
0.107758
0.100223
0.092758
0.0853624
0.0780338
0.07077
0.063569
0.0564288
0.0493473
0.0423228
0.0353534
0.0284373
0.0215728
0.0147582
0.00799211
0.00127286
-0.00540098
-0.0120308
-0.018618
-0.0251638
-0.0316694
-0.0381362
-0.0445651
-0.0509573
-0.0573138
-0.0636357
-0.0699239
-0.0761794
-0.082403
-0.0885955
-0.094758
-0.100891
-0.106995
-0.113072
-0.119122
-0.125145
-0.131142
-0.137115
-0.143063
-0.148987
-0.154888
-0.160766
-0.166621
-0.172455
-0.178266
-0.184055
-0.189823
-0.195568
-0.20129
-0.206987
-0.21266
-0.218305
-0.223921
-0.229506
-0.235057
-0.24057
-0.246042
-0.25147
-0.25685
-0.262181
-0.267461
-0.27269
-0.277871
-0.28301
-0.28812
-0.293217
-0.298327
-0.303482
-0.308726
-0.314112
-0.319706
-0.325581
-0.331818
-0.3385
-0.345706
-0.353501
-0.361925
-0.370974
-0.380591
-0.390639
-0.400889
-0.411006
-0.42054
-0.428926
-0.435499
-0.439523
-0.440234
-0.436902
-0.428904
-0.415801
-0.397412
-0.373868
-0.345641
-0.313528
-0.278595
-0.242079
-0.205273
-0.169402
-0.135529
-0.104485
-0.0768489
-0.0529615
-0.032963
-0.0168478
-0.00452113
0.00414995
0.00929424
0.0110067
0.00933147
0.00425947
0.0553253
0.11638
0.156111
0.191691
0.227206
0.261527
0.292806
0.319376
0.339989
0.354033
0.361571
0.36322
0.359979
0.353037
0.343595
0.332717
0.321237
0.309728
0.298525
0.287774
0.277497
0.267644
0.258139
0.248902
0.239865
0.230979
0.222209
0.213535
0.204947
0.19644
0.188014
0.179668
0.171405
0.163224
0.155128
0.147115
0.139185
0.131336
0.123568
0.115878
0.108264
0.100724
0.0932561
0.0858579
0.0785274
0.0712622
0.0640605
0.0569201
0.049839
0.0428154
0.0358474
0.0289332
0.0220712
0.0152595
0.00849674
0.00178126
-0.0048884
-0.0115137
-0.0180959
-0.0246364
-0.0311365
-0.0375974
-0.0440202
-0.0504061
-0.0567561
-0.0630714
-0.0693528
-0.0756015
-0.0818182
-0.088004
-0.0941596
-0.100286
-0.106384
-0.112454
-0.118497
-0.124515
-0.130506
-0.136473
-0.142416
-0.148336
-0.154233
-0.160108
-0.165962
-0.171794
-0.177606
-0.183397
-0.189167
-0.194917
-0.200646
-0.206354
-0.21204
-0.217702
-0.223338
-0.228948
-0.234527
-0.240074
-0.245584
-0.251055
-0.256482
-0.261863
-0.267193
-0.272471
-0.277697
-0.282872
-0.288004
-0.293101
-0.298182
-0.303271
-0.308401
-0.313617
-0.318974
-0.324541
-0.330394
-0.336619
-0.343307
-0.350543
-0.3584
-0.366922
-0.376113
-0.385914
-0.396185
-0.406686
-0.417064
-0.426838
-0.435405
-0.442054
-0.445998
-0.446422
-0.442551
-0.433733
-0.419519
-0.399749
-0.374607
-0.344646
-0.310769
-0.274155
-0.236153
-0.19815
-0.161434
-0.127098
-0.0959764
-0.0686283
-0.0453635
-0.0262921
-0.011387
-0.000545807
0.00635426
0.00941498
0.00869043
0.00417712
0.0601341
0.12575
0.167114
0.203199
0.238794
0.27285
0.303472
0.329003
0.348281
0.360826
0.366844
0.367084
0.362644
0.354773
0.344684
0.333417
0.321754
0.310203
0.29904
0.288364
0.278165
0.268375
0.258909
0.249688
0.240648
0.231746
0.222952
0.21425
0.205632
0.197097
0.188645
0.180277
0.171994
0.163798
0.155687
0.147662
0.139722
0.131866
0.12409
0.116394
0.108776
0.101232
0.0937609
0.0863603
0.079028
0.0717617
0.0645594
0.057419
0.0503385
0.043316
0.0363496
0.0294375
0.022578
0.0157693
0.00900995
0.0022983
-0.00436714
-0.0109878
-0.0175651
-0.0241004
-0.030595
-0.0370502
-0.0434671
-0.0498468
-0.0561906
-0.0624995
-0.0687746
-0.0750167
-0.081227
-0.0874063
-0.0935556
-0.0996757
-0.105767
-0.111832
-0.117869
-0.123881
-0.129868
-0.13583
-0.141769
-0.147685
-0.153578
-0.159451
-0.165302
-0.171133
-0.176944
-0.182736
-0.188509
-0.194263
-0.199998
-0.205714
-0.21141
-0.217085
-0.222739
-0.228369
-0.233973
-0.239549
-0.245094
-0.250604
-0.256075
-0.261503
-0.266884
-0.272215
-0.277493
-0.282718
-0.28789
-0.293015
-0.298103
-0.303172
-0.308245
-0.313357
-0.318555
-0.323896
-0.32945
-0.335301
-0.34154
-0.348261
-0.35556
-0.363513
-0.372173
-0.381542
-0.391562
-0.402082
-0.412846
-0.423473
-0.433445
-0.442115
-0.448716
-0.452406
-0.452317
-0.447633
-0.437681
-0.422023
-0.400539
-0.373492
-0.341546
-0.305729
-0.267355
-0.227892
-0.188813
-0.151461
-0.11694
-0.0860669
-0.0593663
-0.037107
-0.0193654
-0.00609623
0.00280059
0.00742432
0.0078349
0.00403361
0.0646285
0.134699
0.177674
0.214204
0.249799
0.283513
0.313425
0.337899
0.355866
0.366974
0.371569
0.370517
0.365005
0.356326
0.345696
0.334121
0.322325
0.31076
0.299644
0.289038
0.278902
0.269157
0.259715
0.250497
0.241445
0.232519
0.223696
0.214963
0.206316
0.197753
0.189276
0.180886
0.172585
0.164373
0.156249
0.148213
0.140264
0.132399
0.124617
0.116916
0.109293
0.101745
0.0942715
0.0868687
0.0795349
0.0722677
0.065065
0.0579248
0.050845
0.0438237
0.0368591
0.0299492
0.0230923
0.0162868
0.00953098
0.00282326
-0.0038379
-0.010454
-0.0170263
-0.0235564
-0.0300456
-0.0364951
-0.0429061
-0.0492799
-0.0556176
-0.0619203
-0.0681891
-0.0744251
-0.0806292
-0.0868025
-0.0929457
-0.09906
-0.105146
-0.111205
-0.117237
-0.123244
-0.129226
-0.135184
-0.141119
-0.147031
-0.152922
-0.158792
-0.164641
-0.170471
-0.176282
-0.182075
-0.187849
-0.193606
-0.199346
-0.205068
-0.210773
-0.21646
-0.222127
-0.227775
-0.2334
-0.239002
-0.244576
-0.250121
-0.255631
-0.261104
-0.266535
-0.271918
-0.277251
-0.28253
-0.287754
-0.292924
-0.298044
-0.303126
-0.308185
-0.313248
-0.31835
-0.323538
-0.328875
-0.334433
-0.340302
-0.346579
-0.353366
-0.360762
-0.368853
-0.377693
-0.387284
-0.39756
-0.408358
-0.419396
-0.430257
-0.440378
-0.449056
-0.455463
-0.458694
-0.457831
-0.452023
-0.440589
-0.423121
-0.399569
-0.370307
-0.336135
-0.298238
-0.258075
-0.217235
-0.177272
-0.139561
-0.105197
-0.0749608
-0.0493241
-0.0285085
-0.012558
-0.00141794
0.00499489
0.00673962
0.00382003
0.0687698
0.143172
0.187746
0.224676
0.260204
0.293518
0.322685
0.346103
0.362797
0.372544
0.375816
0.373589
0.367124
0.357745
0.346664
0.334844
0.322956
0.311394
0.300327
0.28978
0.279694
0.269979
0.260546
0.25132
0.242247
0.233293
0.224438
0.215674
0.206996
0.198406
0.189906
0.181495
0.173177
0.164949
0.156813
0.148767
0.140809
0.132937
0.125149
0.117442
0.109815
0.102264
0.0947871
0.0873823
0.080047
0.072779
0.0655762
0.0584364
0.0513575
0.0443377
0.037375
0.0304675
0.0236135
0.0168113
0.0100591
0.00335544
-0.00330132
-0.00991267
-0.0164801
-0.0230049
-0.0294886
-0.0359324
-0.0423376
-0.0487055
-0.0550372
-0.0613339
-0.0675966
-0.0738266
-0.0800247
-0.0861921
-0.0923296
-0.0984383
-0.104519
-0.110573
-0.1166
-0.122603
-0.12858
-0.134535
-0.140466
-0.146375
-0.152263
-0.158131
-0.163979
-0.169808
-0.175619
-0.181412
-0.187188
-0.192948
-0.198691
-0.204419
-0.210131
-0.215827
-0.221506
-0.227169
-0.232812
-0.238435
-0.244036
-0.249611
-0.255157
-0.26067
-0.266146
-0.271579
-0.276966
-0.282302
-0.287583
-0.292807
-0.297976
-0.303093
-0.30817
-0.313223
-0.31828
-0.323377
-0.328565
-0.33391
-0.33949
-0.345399
-0.351742
-0.358628
-0.366163
-0.374436
-0.383503
-0.393364
-0.403938
-0.415042
-0.426361
-0.437433
-0.447638
-0.456206
-0.462241
-0.464773
-0.462833
-0.455545
-0.442242
-0.42257
-0.396586
-0.364804
-0.3282
-0.288132
-0.246221
-0.20417
-0.163595
-0.125882
-0.0920912
-0.0629431
-0.0388474
-0.0199754
-0.00634604
0.0020897
0.00538015
0.00352744
0.0725281
0.151125
0.197295
0.234592
0.27
0.302871
0.331276
0.353655
0.369129
0.377596
0.379648
0.376358
0.369048
0.359067
0.347609
0.335597
0.323647
0.312097
0.301075
0.290577
0.280527
0.270829
0.261394
0.252151
0.243051
0.234066
0.225177
0.216381
0.207674
0.199058
0.190534
0.182104
0.173769
0.165527
0.157379
0.149323
0.141356
0.133477
0.125683
0.117972
0.11034
0.102786
0.0953066
0.0879
0.0805635
0.073295
0.0660922
0.058953
0.0518753
0.0448571
0.0378965
0.0309917
0.0241407
0.017342
0.0105937
0.00389423
-0.00275799
-0.0093645
-0.0159268
-0.0224463
-0.0289244
-0.0353625
-0.0417619
-0.0481239
-0.0544496
-0.0607403
-0.066997
-0.073221
-0.0794133
-0.085575
-0.091707
-0.0978103
-0.103886
-0.109935
-0.115958
-0.121956
-0.12793
-0.13388
-0.139808
-0.145715
-0.151601
-0.157467
-0.163313
-0.169142
-0.174952
-0.180746
-0.186524
-0.192286
-0.198033
-0.203766
-0.209484
-0.215188
-0.220878
-0.226552
-0.232211
-0.237853
-0.243476
-0.249078
-0.254655
-0.260204
-0.265721
-0.271201
-0.27664
-0.282031
-0.28737
-0.292653
-0.297878
-0.303046
-0.308162
-0.313235
-0.318285
-0.32334
-0.328439
-0.333637
-0.339003
-0.344624
-0.350598
-0.357038
-0.364061
-0.371779
-0.380284
-0.389632
-0.399812
-0.410728
-0.422164
-0.433764
-0.445009
-0.455209
-0.463517
-0.468963
-0.470508
-0.467137
-0.457968
-0.442369
-0.420079
-0.391295
-0.356718
-0.317525
-0.275274
-0.231745
-0.188745
-0.147927
-0.110655
-0.0779281
-0.0503891
-0.0283777
-0.0120198
-0.00132401
0.00373355
0.00314701
0.0758814
0.158522
0.206292
0.243937
0.279185
0.311585
0.339225
0.360596
0.37491
0.382184
0.383118
0.378871
0.370817
0.360319
0.348549
0.336385
0.324392
0.312859
0.301877
0.291417
0.28139
0.271697
0.262251
0.252984
0.243854
0.234834
0.225912
0.217083
0.208348
0.199706
0.19116
0.182712
0.174361
0.166106
0.157946
0.14988
0.141906
0.13402
0.12622
0.118503
0.110868
0.103311
0.0958292
0.088421
0.0810836
0.0738147
0.0666122
0.0594738
0.0523975
0.0453812
0.038423
0.031521
0.0246734
0.0178783
0.0111341
0.00443904
-0.00220845
-0.00880995
-0.015367
-0.021881
-0.0283535
-0.0347858
-0.0411793
-0.0475352
-0.0538549
-0.0601395
-0.0663903
-0.0726084
-0.0787949
-0.0849509
-0.0910774
-0.0971755
-0.103246
-0.10929
-0.115309
-0.121303
-0.127273
-0.13322
-0.139146
-0.14505
-0.150934
-0.156798
-0.162644
-0.168472
-0.174282
-0.180077
-0.185856
-0.191621
-0.197371
-0.203108
-0.208832
-0.214543
-0.220242
-0.225927
-0.2316
-0.237258
-0.2429
-0.248525
-0.25413
-0.259711
-0.265266
-0.270788
-0.276274
-0.281718
-0.287114
-0.292457
-0.297743
-0.302969
-0.308137
-0.31325
-0.318322
-0.323371
-0.328429
-0.333537
-0.338756
-0.344159
-0.349841
-0.355907
-0.36248
-0.369683
-0.377635
-0.386428
-0.396113
-0.406667
-0.417966
-0.429755
-0.441623
-0.452978
-0.463052
-0.470909
-0.475495
-0.475707
-0.470497
-0.458995
-0.44064
-0.415304
-0.383374
-0.345774
-0.303919
-0.259573
-0.214669
-0.171094
-0.130505
-0.094207
-0.0631139
-0.0377762
-0.0184647
-0.00527338
0.00177924
0.00267035
0.0788153
0.165333
0.214715
0.2527
0.287763
0.319674
0.346561
0.366963
0.380187
0.386357
0.386273
0.38117
0.372463
0.361521
0.349491
0.337208
0.325186
0.313671
0.302722
0.292288
0.282273
0.272576
0.263111
0.253816
0.244652
0.235597
0.226641
0.217781
0.209017
0.200351
0.191785
0.183318
0.174952
0.166684
0.158514
0.150438
0.142456
0.134563
0.126758
0.119037
0.111398
0.103838
0.096354
0.0889443
0.0816062
0.0743373
0.0671353
0.059998
0.0529234
0.0459093
0.0389538
0.0320549
0.0252108
0.0184197
0.0116797
0.00498935
-0.00165319
-0.00824947
-0.014801
-0.0213094
-0.0277761
-0.0342024
-0.0405898
-0.0469397
-0.0532532
-0.0595318
-0.0657765
-0.0719886
-0.0781693
-0.0843196
-0.0904406
-0.0965335
-0.102599
-0.108639
-0.114653
-0.120643
-0.126609
-0.132554
-0.138476
-0.144378
-0.15026
-0.156123
-0.161968
-0.167796
-0.173607
-0.179403
-0.185184
-0.190951
-0.196704
-0.202445
-0.208175
-0.213892
-0.219599
-0.225294
-0.230978
-0.236651
-0.24231
-0.247956
-0.253585
-0.259194
-0.264782
-0.270343
-0.275872
-0.281365
-0.286815
-0.292216
-0.297563
-0.302852
-0.308079
-0.313247
-0.31836
-0.323431
-0.328482
-0.333547
-0.338673
-0.343925
-0.349384
-0.355151
-0.361343
-0.368089
-0.375522
-0.383763
-0.392906
-0.40299
-0.413971
-0.425691
-0.437842
-0.449942
-0.461316
-0.471098
-0.478257
-0.481651
-0.480119
-0.472598
-0.458262
-0.436667
-0.407867
-0.372487
-0.33172
-0.287235
-0.24101
-0.195106
-0.151454
-0.111672
-0.0769738
-0.0481627
-0.0256936
-0.00977856
-0.00050026
0.0020897
0.0813224
0.171537
0.222548
0.260878
0.295738
0.327158
0.353312
0.372795
0.385002
0.390159
0.389153
0.383287
0.374009
0.362687
0.350441
0.338063
0.326021
0.314523
0.303598
0.293181
0.283168
0.273458
0.263969
0.254642
0.245443
0.236353
0.227363
0.218473
0.209682
0.200993
0.192406
0.183922
0.175541
0.167261
0.15908
0.150996
0.143006
0.135107
0.127296
0.119571
0.111928
0.104365
0.09688
0.0894692
0.0821306
0.0748619
0.0676608
0.0605249
0.0534522
0.0464406
0.0394881
0.0325926
0.0257523
0.0189655
0.0122301
0.00554465
-0.00109268
-0.00768349
-0.0142294
-0.0207319
-0.0271925
-0.0336127
-0.0399939
-0.0463374
-0.0526447
-0.0589169
-0.0651555
-0.0713615
-0.0775362
-0.0836808
-0.0897963
-0.0958839
-0.101945
-0.107979
-0.113989
-0.119975
-0.125938
-0.131879
-0.137799
-0.143699
-0.14958
-0.155442
-0.161286
-0.167114
-0.172925
-0.178722
-0.184505
-0.190274
-0.196031
-0.201776
-0.20751
-0.213234
-0.218948
-0.224653
-0.230347
-0.236033
-0.241707
-0.247371
-0.253021
-0.258656
-0.264273
-0.269869
-0.275438
-0.280975
-0.286476
-0.291933
-0.29734
-0.302691
-0.307982
-0.31321
-0.318377
-0.32349
-0.328562
-0.333619
-0.338698
-0.343851
-0.34915
-0.354686
-0.360567
-0.366922
-0.37389
-0.381608
-0.390203
-0.399762
-0.41031
-0.421771
-0.43394
-0.446443
-0.45871
-0.469966
-0.479235
-0.48538
-0.487175
-0.483415
-0.473049
-0.455341
-0.430015
-0.397367
-0.358312
-0.314346
-0.267408
-0.219669
-0.173286
-0.130184
-0.091894
-0.0595082
-0.0337057
-0.0148516
-0.00311854
0.00139824
0.0834011
0.177118
0.229778
0.268468
0.303122
0.334054
0.359506
0.378126
0.389394
0.393626
0.391792
0.38525
0.375474
0.363828
0.351401
0.338947
0.32689
0.315404
0.304496
0.294087
0.284068
0.274339
0.264822
0.255461
0.246226
0.2371
0.228078
0.219158
0.210341
0.201629
0.193023
0.184523
0.176128
0.167836
0.159645
0.151552
0.143555
0.13565
0.127834
0.120104
0.112459
0.104893
0.0974064
0.0899947
0.082656
0.0753879
0.0681878
0.0610537
0.0539833
0.0469745
0.0400253
0.0331336
0.0262975
0.0195152
0.0127847
0.00610448
-0.000527335
-0.00711239
-0.0136523
-0.0201487
-0.026603
-0.0330168
-0.0393915
-0.0457285
-0.0520293
-0.0582951
-0.0645273
-0.070727
-0.0768957
-0.0830343
-0.0891441
-0.0952263
-0.101282
-0.107312
-0.113317
-0.119299
-0.125259
-0.131197
-0.137114
-0.143012
-0.148891
-0.154752
-0.160595
-0.166423
-0.172235
-0.178033
-0.183818
-0.18959
-0.19535
-0.201099
-0.206838
-0.212568
-0.218289
-0.224001
-0.229706
-0.235403
-0.241091
-0.246771
-0.252441
-0.258098
-0.263742
-0.269368
-0.274973
-0.280552
-0.286098
-0.291607
-0.297071
-0.302484
-0.307839
-0.313132
-0.318361
-0.323527
-0.32864
-0.333715
-0.338782
-0.343882
-0.349075
-0.35444
-0.360078
-0.366109
-0.372673
-0.379916
-0.387985
-0.397004
-0.407052
-0.418128
-0.430116
-0.442747
-0.455563
-0.46789
-0.478833
-0.487295
-0.492029
-0.491733
-0.485182
-0.471382
-0.449741
-0.420215
-0.383405
-0.340567
-0.293524
-0.24448
-0.195764
-0.149576
-0.107774
-0.0717634
-0.0424856
-0.0204955
-0.00608467
0.000590339
0.0850553
0.182069
0.236398
0.275473
0.309926
0.340385
0.365171
0.382989
0.393396
0.396792
0.394218
0.387079
0.376871
0.364947
0.352371
0.339853
0.327784
0.316307
0.305408
0.294999
0.284967
0.275215
0.265665
0.256269
0.246998
0.237838
0.228784
0.219835
0.210993
0.20226
0.193636
0.18512
0.176711
0.168408
0.160207
0.152106
0.144101
0.13619
0.12837
0.120637
0.112988
0.105421
0.0979323
0.0905201
0.0831817
0.0759143
0.0687158
0.0615838
0.0545161
0.0475104
0.0405648
0.0336772
0.0268457
0.0200683
0.0133431
0.00666841
4.24344e-05
-0.00653654
-0.0130702
-0.0195601
-0.0260078
-0.0324149
-0.0387829
-0.0451131
-0.0514072
-0.0576663
-0.0638918
-0.0700851
-0.0762474
-0.0823799
-0.0884838
-0.0945604
-0.100611
-0.106636
-0.112637
-0.118615
-0.12457
-0.130505
-0.13642
-0.142315
-0.148192
-0.154052
-0.159895
-0.165723
-0.171536
-0.177335
-0.183122
-0.188896
-0.194659
-0.200413
-0.206156
-0.211892
-0.217619
-0.22334
-0.229054
-0.234761
-0.240462
-0.246157
-0.251844
-0.257522
-0.263189
-0.268843
-0.27448
-0.280096
-0.285686
-0.291243
-0.29676
-0.302232
-0.30765
-0.313008
-0.318302
-0.32353
-0.328696
-0.33381
-0.338891
-0.343973
-0.349105
-0.354353
-0.359807
-0.365579
-0.371801
-0.378626
-0.386209
-0.394702
-0.404224
-0.414836
-0.426502
-0.439051
-0.452132
-0.465183
-0.477404
-0.487765
-0.495037
-0.497867
-0.494898
-0.484921
-0.467056
-0.440924
-0.406789
-0.365619
-0.319053
-0.269248
-0.21864
-0.169664
-0.124492
-0.08486
-0.0520034
-0.0267039
-0.00940268
-0.000338234
0.0862933
0.186383
0.242403
0.281898
0.316164
0.346171
0.370334
0.387414
0.39704
0.399685
0.396454
0.388793
0.37821
0.36605
0.353347
0.340777
0.328697
0.317223
0.306327
0.29591
0.28586
0.27608
0.266498
0.257066
0.247759
0.238565
0.22948
0.220504
0.211638
0.202884
0.194242
0.185711
0.17729
0.168975
0.160765
0.152656
0.144645
0.136728
0.128903
0.121166
0.113515
0.105946
0.0984569
0.0910446
0.0837067
0.0764406
0.069244
0.0621144
0.0550497
0.0480477
0.0411061
0.0342231
0.0273964
0.0206243
0.0139048
0.00723602
0.00061625
-0.00595628
-0.0124833
-0.0189664
-0.0254072
-0.0318072
-0.0381681
-0.0444913
-0.0507783
-0.0570304
-0.063249
-0.0694355
-0.0755912
-0.0817173
-0.0878151
-0.0938858
-0.0999306
-0.10595
-0.111947
-0.11792
-0.123872
-0.129803
-0.135715
-0.141608
-0.147483
-0.153342
-0.159185
-0.165012
-0.170826
-0.176626
-0.182415
-0.188191
-0.193958
-0.199715
-0.205463
-0.211204
-0.216938
-0.222666
-0.228389
-0.234106
-0.239819
-0.245527
-0.25123
-0.256926
-0.262615
-0.268295
-0.273961
-0.279611
-0.285239
-0.29084
-0.296408
-0.301935
-0.307413
-0.312836
-0.318197
-0.323491
-0.328718
-0.333883
-0.338999
-0.344091
-0.349196
-0.354371
-0.359694
-0.365265
-0.37121
-0.377675
-0.384824
-0.392822
-0.401821
-0.41193
-0.423182
-0.435493
-0.448616
-0.462097
-0.475247
-0.487121
-0.496537
-0.502132
-0.502461
-0.496143
-0.482043
-0.459467
-0.428334
-0.389291
-0.343734
-0.293703
-0.241671
-0.190253
-0.14191
-0.0987126
-0.0622155
-0.0334608
-0.0130713
-0.00139011
0.0871274
0.190062
0.247793
0.287749
0.32185
0.351432
0.37502
0.391428
0.400351
0.402328
0.398519
0.390403
0.379499
0.367138
0.354328
0.341713
0.329621
0.318146
0.307245
0.296816
0.286744
0.276934
0.267317
0.257849
0.248506
0.239279
0.230165
0.221163
0.212275
0.203501
0.194842
0.186297
0.177863
0.169538
0.161318
0.153202
0.145184
0.137262
0.129433
0.121693
0.11404
0.106469
0.0989795
0.0915674
0.0842305
0.076966
0.0697717
0.062645
0.0555838
0.0485857
0.0416487
0.0347705
0.0279492
0.0211828
0.0144693
0.0078069
0.00119375
-0.00537194
-0.0118919
-0.0183678
-0.0248013
-0.031194
-0.0375474
-0.0438632
-0.0501427
-0.0563874
-0.0625988
-0.0687782
-0.074927
-0.0810464
-0.0871378
-0.0932023
-0.0992412
-0.105256
-0.111247
-0.117216
-0.123163
-0.129091
-0.134999
-0.14089
-0.146763
-0.15262
-0.158462
-0.164289
-0.170103
-0.175905
-0.181695
-0.187474
-0.193244
-0.199005
-0.204758
-0.210504
-0.216244
-0.221979
-0.22771
-0.233437
-0.23916
-0.244881
-0.250598
-0.256312
-0.262021
-0.267723
-0.273416
-0.279097
-0.284761
-0.290403
-0.296017
-0.301595
-0.307131
-0.312616
-0.318042
-0.323404
-0.328697
-0.333922
-0.339087
-0.344208
-0.349315
-0.354454
-0.35969
-0.365112
-0.370836
-0.377002
-0.383772
-0.391319
-0.399818
-0.409414
-0.420199
-0.432163
-0.445154
-0.458829
-0.472608
-0.485646
-0.496835
-0.504832
-0.508144
-0.505263
-0.494837
-0.475882
-0.447978
-0.411434
-0.367357
-0.317607
-0.264624
-0.211145
-0.159879
-0.113222
-0.0730655
-0.0407408
-0.0170837
-0.00256619
0.0875728
0.19311
0.252569
0.293034
0.326999
0.356189
0.379251
0.395055
0.403353
0.404743
0.40043
0.39192
0.380741
0.368209
0.355309
0.342655
0.330549
0.319068
0.308158
0.297711
0.287614
0.277772
0.26812
0.258616
0.24924
0.239981
0.230838
0.221811
0.212902
0.204109
0.195434
0.186875
0.178429
0.170094
0.161866
0.153742
0.145718
0.137792
0.129959
0.122216
0.11456
0.106989
0.0994993
0.0920878
0.0847522
0.0774899
0.0702983
0.0631749
0.0561176
0.049124
0.0421918
0.035319
0.0285035
0.0217433
0.0150363
0.00838068
0.00177458
-0.00478382
-0.0112963
-0.0177646
-0.0241903
-0.0305752
-0.0369208
-0.0432287
-0.0495004
-0.0557375
-0.0619412
-0.0681131
-0.0742546
-0.0803669
-0.0864514
-0.0925094
-0.0985421
-0.104551
-0.110536
-0.1165
-0.122443
-0.128367
-0.134272
-0.14016
-0.146031
-0.151886
-0.157727
-0.163554
-0.169368
-0.17517
-0.180962
-0.186743
-0.192516
-0.19828
-0.204037
-0.209789
-0.215535
-0.221277
-0.227015
-0.232751
-0.238485
-0.244218
-0.249949
-0.255678
-0.261405
-0.267128
-0.272845
-0.278554
-0.284251
-0.28993
-0.295587
-0.301214
-0.306804
-0.312348
-0.317838
-0.323267
-0.328628
-0.333918
-0.339141
-0.344307
-0.349437
-0.354568
-0.359753
-0.365072
-0.370627
-0.37655
-0.382996
-0.390143
-0.398176
-0.407272
-0.417565
-0.429112
-0.441846
-0.455526
-0.469682
-0.48358
-0.496198
-0.506244
-0.512214
-0.51251
-0.505606
-0.490255
-0.465718
-0.431958
-0.389763
-0.340761
-0.287291
-0.232147
-0.178244
-0.12828
-0.0844867
-0.0485101
-0.021428
-0.00386559
0.0876474
0.195534
0.256733
0.297761
0.331627
0.360462
0.38305
0.398318
0.406068
0.406946
0.402198
0.393353
0.38194
0.369264
0.356286
0.343597
0.331477
0.319985
0.309061
0.298593
0.288467
0.278593
0.268906
0.259368
0.249958
0.24067
0.2315
0.222449
0.213518
0.204708
0.196018
0.187445
0.178988
0.170643
0.162407
0.154276
0.146246
0.138315
0.130479
0.122734
0.115077
0.107505
0.100015
0.0926051
0.0852713
0.0780115
0.0708231
0.0637036
0.0566506
0.0496619
0.0427351
0.0358682
0.0290589
0.0223053
0.0156053
0.00895698
0.00235841
-0.00419224
-0.0106968
-0.017157
-0.0235746
-0.0299512
-0.0362885
-0.0425881
-0.0488516
-0.0550804
-0.0612761
-0.06744
-0.0735738
-0.0796786
-0.0857559
-0.0918069
-0.097833
-0.103835
-0.109815
-0.115774
-0.121712
-0.127631
-0.133532
-0.139417
-0.145285
-0.151138
-0.156977
-0.162803
-0.168618
-0.17442
-0.180213
-0.185997
-0.191772
-0.19754
-0.203301
-0.209057
-0.214809
-0.220558
-0.226304
-0.232048
-0.237792
-0.243536
-0.249279
-0.255023
-0.260767
-0.266509
-0.272249
-0.277984
-0.28371
-0.289424
-0.29512
-0.300792
-0.306432
-0.312032
-0.317583
-0.323077
-0.328506
-0.333865
-0.339152
-0.344372
-0.349541
-0.354686
-0.359852
-0.365105
-0.370536
-0.376265
-0.382442
-0.38924
-0.396853
-0.405474
-0.415273
-0.426364
-0.438753
-0.452292
-0.466621
-0.481116
-0.494856
-0.50662
-0.514924
-0.518116
-0.514535
-0.502709
-0.481599
-0.450826
-0.410842
-0.363002
-0.309485
-0.253081
-0.196851
-0.14377
-0.096404
-0.0567273
-0.026087
-0.00528566
0.0873708
0.197345
0.260291
0.301941
0.335749
0.364268
0.386437
0.401236
0.408511
0.408952
0.403835
0.394707
0.383097
0.370301
0.357257
0.344536
0.332398
0.320892
0.30995
0.299457
0.289302
0.279394
0.269673
0.260101
0.25066
0.241343
0.232147
0.223074
0.214124
0.205296
0.196591
0.188006
0.179538
0.171184
0.16294
0.154802
0.146768
0.138833
0.130993
0.123246
0.115588
0.108016
0.100527
0.0931186
0.0857871
0.0785303
0.0713455
0.0642303
0.0571822
0.0501989
0.0432781
0.0364175
0.029615
0.0228685
0.016176
0.00953544
0.00294491
-0.0035975
-0.0100936
-0.0165452
-0.0229541
-0.029322
-0.0356505
-0.0419413
-0.048196
-0.0544162
-0.0606033
-0.0667589
-0.0728844
-0.0789813
-0.0850509
-0.0910945
-0.0971135
-0.103109
-0.109083
-0.115035
-0.120968
-0.126883
-0.13278
-0.13866
-0.144525
-0.150376
-0.156213
-0.162038
-0.167852
-0.173655
-0.179449
-0.185234
-0.191011
-0.196782
-0.202547
-0.208308
-0.214065
-0.21982
-0.225573
-0.231326
-0.237079
-0.242833
-0.248589
-0.254346
-0.260106
-0.265866
-0.271627
-0.277385
-0.283139
-0.288885
-0.294617
-0.30033
-0.306017
-0.311669
-0.317279
-0.322835
-0.328331
-0.333758
-0.339112
-0.344395
-0.349614
-0.354791
-0.35996
-0.365177
-0.370523
-0.376104
-0.382061
-0.388562
-0.3958
-0.403982
-0.413303
-0.423921
-0.435907
-0.449199
-0.463536
-0.478408
-0.493
-0.506177
-0.516502
-0.522303
-0.521817
-0.513386
-0.495698
-0.468044
-0.430532
-0.38421
-0.331053
-0.273782
-0.215554
-0.159577
-0.108737
-0.0653451
-0.0310392
-0.00682203
0.0867644
0.198556
0.263249
0.305581
0.33938
0.367627
0.389431
0.403827
0.4107
0.410774
0.405348
0.395986
0.384215
0.371318
0.358218
0.345466
0.333309
0.321786
0.310822
0.300303
0.290116
0.280176
0.270421
0.260817
0.251346
0.242001
0.232781
0.223686
0.214717
0.205874
0.197154
0.188557
0.180078
0.171715
0.163464
0.155321
0.147282
0.139343
0.131501
0.123752
0.116094
0.108522
0.101034
0.0936276
0.0862989
0.0790456
0.071865
0.0647546
0.0577119
0.0507345
0.0438201
0.0369664
0.0301713
0.0234325
0.016748
0.0101157
0.00353375
-0.00299986
-0.00948701
-0.0159295
-0.0223292
-0.0286878
-0.035007
-0.0412885
-0.0475339
-0.0537449
-0.059923
-0.0660697
-0.0721865
-0.0782748
-0.0843362
-0.0903719
-0.0963833
-0.102372
-0.108339
-0.114285
-0.120212
-0.126121
-0.132013
-0.137889
-0.143751
-0.149598
-0.155433
-0.161257
-0.167069
-0.172872
-0.178666
-0.184453
-0.190232
-0.196006
-0.201775
-0.20754
-0.213302
-0.219063
-0.224823
-0.230583
-0.236345
-0.242109
-0.247876
-0.253646
-0.25942
-0.265197
-0.270977
-0.276757
-0.282536
-0.288311
-0.294077
-0.299828
-0.305559
-0.31126
-0.316924
-0.322541
-0.328101
-0.333596
-0.339018
-0.344366
-0.349644
-0.354864
-0.360056
-0.365263
-0.370555
-0.376028
-0.38181
-0.388061
-0.394973
-0.402755
-0.411625
-0.421772
-0.433323
-0.44629
-0.460509
-0.475574
-0.490784
-0.505102
-0.517153
-0.525277
-0.527645
-0.522443
-0.508119
-0.483651
-0.448804
-0.404302
-0.351869
-0.294108
-0.234215
-0.175585
-0.121401
-0.0743114
-0.0362593
-0.00846875
0.0858505
0.199181
0.265615
0.308693
0.342533
0.370554
0.392047
0.406107
0.412648
0.41242
0.406745
0.397193
0.385291
0.372313
0.359165
0.346384
0.334206
0.322662
0.311674
0.301126
0.290909
0.280935
0.271148
0.261513
0.252013
0.242642
0.233399
0.224284
0.215297
0.206438
0.197706
0.189097
0.180609
0.172237
0.163979
0.15583
0.147787
0.139845
0.132001
0.124251
0.116593
0.109022
0.101536
0.0941315
0.0868061
0.0795568
0.072381
0.0652759
0.0582391
0.0512682
0.0443608
0.0375146
0.0307273
0.0239967
0.0173208
0.0106974
0.00412461
-0.00239964
-0.00887724
-0.0153101
-0.0217
-0.0280487
-0.034358
-0.0406297
-0.0468653
-0.0530665
-0.059235
-0.0653722
-0.0714797
-0.077559
-0.0836116
-0.0896388
-0.0956421
-0.101623
-0.107582
-0.113522
-0.119442
-0.125345
-0.131232
-0.137103
-0.142961
-0.148805
-0.154637
-0.160458
-0.16627
-0.172072
-0.177866
-0.183653
-0.189434
-0.19521
-0.200982
-0.20675
-0.212517
-0.218283
-0.22405
-0.229817
-0.235587
-0.241361
-0.247138
-0.252921
-0.258708
-0.264501
-0.270298
-0.276099
-0.281902
-0.287704
-0.2935
-0.299287
-0.305058
-0.310805
-0.31652
-0.322194
-0.327816
-0.333376
-0.338867
-0.344282
-0.349623
-0.354896
-0.360123
-0.36534
-0.370605
-0.376003
-0.38165
-0.387696
-0.394326
-0.401753
-0.410204
-0.419894
-0.430998
-0.44359
-0.457593
-0.472705
-0.488335
-0.50355
-0.517057
-0.527228
-0.5322
-0.530037
-0.518978
-0.497711
-0.465665
-0.423226
-0.371839
-0.31394
-0.25271
-0.191684
-0.134312
-0.0835711
-0.0417191
-0.0102185
0.0846519
0.199238
0.267396
0.311285
0.345223
0.373064
0.394303
0.408088
0.414364
0.4139
0.40803
0.398331
0.386327
0.373284
0.360095
0.347287
0.335086
0.323518
0.312503
0.301926
0.291677
0.281672
0.271853
0.262188
0.252661
0.243266
0.234001
0.224867
0.215864
0.20699
0.198245
0.189625
0.181128
0.172749
0.164484
0.15633
0.148283
0.140338
0.132493
0.124742
0.117084
0.109515
0.102031
0.0946297
0.0873081
0.0800634
0.0728928
0.0657936
0.0587634
0.0517995
0.0448997
0.0380615
0.0312826
0.0245609
0.0178942
0.0112803
0.00471718
-0.00179711
-0.00826457
-0.0146871
-0.0210666
-0.0274049
-0.0337038
-0.0399649
-0.0461901
-0.052381
-0.0585392
-0.0646664
-0.0707641
-0.0768337
-0.0828769
-0.0888951
-0.0948896
-0.100862
-0.106813
-0.112745
-0.118659
-0.124556
-0.130436
-0.136302
-0.142155
-0.147995
-0.153824
-0.159642
-0.165451
-0.171252
-0.177045
-0.182833
-0.188615
-0.194392
-0.200167
-0.205939
-0.21171
-0.217481
-0.223253
-0.229028
-0.234805
-0.240587
-0.246375
-0.252169
-0.257969
-0.263776
-0.26959
-0.27541
-0.281234
-0.287061
-0.292886
-0.298706
-0.304514
-0.310304
-0.316067
-0.321794
-0.327474
-0.333098
-0.338656
-0.344139
-0.349545
-0.354878
-0.36015
-0.365392
-0.370651
-0.376002
-0.381548
-0.387429
-0.393822
-0.400935
-0.409003
-0.418261
-0.428917
-0.441105
-0.454822
-0.469864
-0.485747
-0.501648
-0.516364
-0.528323
-0.535651
-0.536324
-0.528401
-0.510307
-0.481145
-0.44096
-0.390895
-0.33318
-0.270929
-0.207771
-0.147388
-0.0930681
-0.047388
-0.0120628
0.0831919
0.198746
0.268601
0.313367
0.347462
0.375174
0.39621
0.409785
0.41586
0.41522
0.409207
0.3994
0.387322
0.374228
0.361006
0.348171
0.335946
0.324352
0.313309
0.302702
0.292422
0.282385
0.272536
0.262843
0.253291
0.243873
0.234587
0.225435
0.216416
0.207528
0.198771
0.190141
0.181635
0.173249
0.164978
0.15682
0.148769
0.140822
0.132975
0.125225
0.117568
0.11
0.102519
0.0951215
0.0878044
0.0805648
0.0734
0.0663073
0.0592841
0.0523279
0.0454362
0.0386067
0.0318369
0.0251246
0.0184677
0.0118639
0.00531115
-0.00119256
-0.00764925
-0.0140609
-0.0204294
-0.0267566
-0.0330443
-0.0392944
-0.0455085
-0.0516884
-0.0578358
-0.0639522
-0.0700394
-0.0760988
-0.082132
-0.0881404
-0.0941256
-0.100089
-0.106032
-0.111956
-0.117862
-0.123751
-0.129625
-0.135485
-0.141332
-0.147167
-0.152992
-0.158807
-0.164613
-0.170412
-0.176205
-0.181991
-0.187774
-0.193553
-0.199329
-0.205104
-0.210879
-0.216654
-0.222431
-0.228212
-0.233997
-0.239787
-0.245584
-0.251388
-0.2572
-0.263021
-0.268851
-0.274688
-0.280533
-0.286382
-0.292234
-0.298084
-0.303927
-0.309756
-0.315564
-0.321341
-0.327077
-0.332762
-0.338384
-0.343934
-0.349407
-0.354802
-0.360128
-0.365406
-0.370676
-0.376002
-0.381477
-0.387229
-0.393423
-0.400264
-0.407987
-0.416841
-0.427062
-0.438831
-0.452214
-0.467094
-0.483094
-0.499498
-0.515204
-0.528709
-0.538152
-0.541452
-0.536516
-0.521531
-0.495293
-0.457506
-0.408995
-0.351751
-0.28878
-0.223755
-0.16055
-0.102746
-0.0532343
-0.0139922
0.0814939
0.197725
0.269242
0.314947
0.349263
0.376895
0.397783
0.411206
0.417144
0.416386
0.410279
0.400402
0.388275
0.375145
0.361895
0.349036
0.336785
0.325163
0.31409
0.303452
0.29314
0.283073
0.273196
0.263477
0.2539
0.24446
0.235156
0.225986
0.216952
0.208052
0.199283
0.190644
0.182129
0.173736
0.165461
0.157298
0.149244
0.141296
0.133449
0.125699
0.118043
0.110478
0.103
0.0956064
0.0882942
0.0810603
0.0739019
0.0668163
0.0598009
0.0528529
0.04597
0.0391497
0.0323896
0.0256874
0.0190409
0.0124479
0.00590619
-0.000586276
-0.00703154
-0.0134316
-0.0197884
-0.0261038
-0.0323798
-0.0386181
-0.0448205
-0.0509887
-0.0571246
-0.0632297
-0.0693056
-0.0753541
-0.0813766
-0.0873747
-0.0933498
-0.0993034
-0.105237
-0.111152
-0.11705
-0.122931
-0.128798
-0.134651
-0.140492
-0.146322
-0.152142
-0.157953
-0.163756
-0.169552
-0.175342
-0.181128
-0.18691
-0.192689
-0.198467
-0.204244
-0.210022
-0.215801
-0.221583
-0.227369
-0.233161
-0.238958
-0.244764
-0.250578
-0.256401
-0.262234
-0.268078
-0.273932
-0.279795
-0.285666
-0.291543
-0.297421
-0.303296
-0.309162
-0.315012
-0.320836
-0.326624
-0.332366
-0.33805
-0.343665
-0.349204
-0.354664
-0.360047
-0.365371
-0.370666
-0.375986
-0.381414
-0.387066
-0.393098
-0.399705
-0.407121
-0.415603
-0.425408
-0.436757
-0.449774
-0.464425
-0.480429
-0.497181
-0.513683
-0.528512
-0.539843
-0.545558
-0.543446
-0.531481
-0.508169
-0.472882
-0.426117
-0.369599
-0.306185
-0.239553
-0.173726
-0.11255
-0.0592258
-0.0159967
0.0795812
0.196195
0.269327
0.316034
0.350635
0.378241
0.399033
0.412362
0.418221
0.417402
0.411248
0.401338
0.389184
0.376033
0.362761
0.349878
0.3376
0.325949
0.314845
0.304175
0.293833
0.283737
0.273832
0.264088
0.254489
0.245029
0.235706
0.226521
0.217473
0.20856
0.199781
0.191132
0.182611
0.174211
0.165931
0.157765
0.149709
0.141759
0.133911
0.126163
0.118509
0.110947
0.103473
0.0960838
0.0887771
0.0815496
0.0743982
0.0673203
0.0603131
0.053374
0.0465006
0.0396902
0.0329404
0.026249
0.0196136
0.013032
0.00650199
2.14504e-05
-0.00641169
-0.0127995
-0.0191439
-0.0254469
-0.0317104
-0.0379362
-0.0441261
-0.0502821
-0.0564057
-0.0624987
-0.0685628
-0.0745996
-0.0806106
-0.0865976
-0.092562
-0.0985052
-0.104429
-0.110334
-0.116223
-0.122096
-0.127954
-0.1338
-0.139634
-0.145458
-0.151272
-0.157078
-0.162877
-0.16867
-0.174458
-0.180242
-0.186022
-0.191802
-0.19758
-0.203358
-0.209138
-0.214921
-0.220707
-0.226498
-0.232295
-0.2381
-0.243913
-0.249736
-0.255569
-0.261414
-0.267271
-0.27314
-0.279021
-0.284912
-0.290811
-0.296715
-0.30262
-0.308521
-0.314409
-0.320277
-0.326114
-0.33191
-0.337653
-0.343331
-0.348936
-0.35446
-0.359904
-0.365279
-0.370608
-0.375938
-0.381339
-0.386918
-0.392818
-0.399227
-0.406373
-0.414516
-0.423929
-0.434864
-0.447499
-0.461871
-0.477791
-0.49476
-0.511887
-0.527839
-0.540843
-0.548769
-0.549311
-0.540257
-0.519846
-0.487124
-0.442256
-0.386685
-0.323085
-0.255093
-0.186847
-0.122428
-0.0653303
-0.0180658
0.0774767
0.19418
0.268868
0.316636
0.35159
0.379222
0.39997
0.41326
0.419099
0.418271
0.412116
0.402206
0.39005
0.37689
0.363602
0.350696
0.338391
0.326709
0.315573
0.304872
0.2945
0.284375
0.274445
0.264677
0.255057
0.245578
0.236238
0.227038
0.217977
0.209053
0.200264
0.191607
0.183078
0.174673
0.166388
0.158219
0.150161
0.142211
0.134364
0.126616
0.118965
0.111406
0.103937
0.0965532
0.0892526
0.0820319
0.0748882
0.0678186
0.0608204
0.0538908
0.0470274
0.0402276
0.0334889
0.0268089
0.0201853
0.0136158
0.00709822
0.000630326
-0.00578999
-0.0121648
-0.0184961
-0.0247859
-0.0310362
-0.0372488
-0.0434256
-0.0495684
-0.0556791
-0.0617592
-0.0678107
-0.0738351
-0.079834
-0.0858091
-0.091762
-0.097694
-0.103607
-0.109502
-0.115381
-0.121244
-0.127094
-0.132932
-0.138758
-0.144575
-0.150383
-0.156183
-0.161977
-0.167766
-0.17355
-0.179331
-0.18511
-0.190888
-0.196666
-0.202445
-0.208227
-0.214012
-0.219801
-0.225596
-0.231398
-0.237209
-0.243029
-0.24886
-0.254703
-0.260559
-0.266429
-0.272312
-0.278208
-0.284118
-0.290038
-0.295966
-0.301899
-0.307831
-0.313755
-0.319664
-0.325547
-0.331394
-0.337193
-0.342931
-0.348599
-0.354188
-0.359694
-0.365123
-0.370494
-0.375845
-0.381237
-0.386764
-0.392561
-0.398803
-0.405712
-0.413549
-0.422598
-0.433134
-0.44538
-0.459437
-0.475203
-0.492281
-0.509886
-0.526782
-0.54126
-0.551199
-0.554221
-0.547957
-0.530396
-0.500275
-0.457424
-0.402988
-0.339433
-0.270318
-0.199856
-0.132332
-0.071517
-0.020189
0.0752029
0.191703
0.267876
0.31676
0.352136
0.37985
0.400602
0.413909
0.419781
0.418997
0.412884
0.403007
0.39087
0.377714
0.364417
0.35149
0.339156
0.327443
0.316275
0.305541
0.295139
0.284988
0.275033
0.265243
0.255603
0.246107
0.236752
0.227537
0.218464
0.209529
0.200731
0.192066
0.18353
0.175121
0.166832
0.15866
0.150601
0.14265
0.134804
0.127059
0.119411
0.111856
0.104392
0.0970139
0.0897201
0.0825069
0.0753714
0.0683108
0.0613221
0.0544028
0.0475502
0.0407616
0.0340346
0.0273668
0.0207557
0.0141991
0.00769458
0.00124005
-0.00516669
-0.0115278
-0.0178452
-0.0241211
-0.0303574
-0.036556
-0.0427189
-0.0488479
-0.0549448
-0.0610114
-0.0670494
-0.0730606
-0.0790466
-0.0850091
-0.0909496
-0.0968697
-0.102771
-0.108655
-0.114523
-0.120376
-0.126217
-0.132045
-0.137863
-0.143672
-0.149473
-0.155266
-0.161055
-0.166838
-0.172618
-0.178396
-0.184172
-0.189949
-0.195726
-0.201505
-0.207287
-0.213073
-0.218865
-0.224663
-0.23047
-0.236286
-0.242112
-0.247951
-0.253802
-0.259668
-0.265548
-0.271444
-0.277356
-0.283282
-0.289222
-0.295172
-0.301131
-0.307092
-0.313049
-0.318996
-0.324922
-0.330817
-0.336668
-0.342465
-0.348193
-0.353844
-0.359412
-0.364899
-0.370317
-0.375697
-0.381093
-0.386588
-0.392305
-0.398408
-0.405113
-0.412676
-0.421388
-0.431544
-0.443402
-0.457123
-0.472682
-0.489778
-0.507734
-0.525414
-0.541183
-0.552947
-0.55828
-0.554676
-0.539898
-0.512386
-0.471641
-0.4185
-0.355195
-0.285178
-0.2127
-0.142216
-0.0777562
-0.0223558
0.0727818
0.188787
0.266364
0.316414
0.352282
0.380132
0.40094
0.414313
0.420272
0.41958
0.413551
0.403739
0.391644
0.378506
0.365204
0.352259
0.339897
0.32815
0.316949
0.306184
0.295752
0.285575
0.275597
0.265786
0.256128
0.246615
0.237245
0.228018
0.218933
0.209988
0.201181
0.192509
0.183968
0.175554
0.167262
0.159088
0.151028
0.143078
0.135233
0.12749
0.119846
0.112296
0.104837
0.0974655
0.090179
0.082974
0.0758474
0.0687963
0.061818
0.0549096
0.0480683
0.0412917
0.0345772
0.0279222
0.0213244
0.0147813
0.00829073
0.00185033
-0.00454208
-0.0108886
-0.0171915
-0.0234527
-0.0296742
-0.0358581
-0.0420062
-0.0481205
-0.0542029
-0.0602551
-0.0662789
-0.0722761
-0.0782483
-0.0841973
-0.0901247
-0.096032
-0.101921
-0.107793
-0.113649
-0.119492
-0.125322
-0.13114
-0.136949
-0.142749
-0.148542
-0.154328
-0.160109
-0.165887
-0.171662
-0.177435
-0.183208
-0.188982
-0.194757
-0.200535
-0.206317
-0.212104
-0.217897
-0.223698
-0.229508
-0.235328
-0.24116
-0.247005
-0.252864
-0.258738
-0.264629
-0.270537
-0.276462
-0.282404
-0.288361
-0.294332
-0.300314
-0.306302
-0.312291
-0.318273
-0.324239
-0.330178
-0.33608
-0.34193
-0.347717
-0.353428
-0.359057
-0.364602
-0.370071
-0.375487
-0.380897
-0.386375
-0.392032
-0.398022
-0.404551
-0.411871
-0.420274
-0.43007
-0.44155
-0.454921
-0.470233
-0.487276
-0.505475
-0.523796
-0.540691
-0.554104
-0.561581
-0.560503
-0.548427
-0.523513
-0.484938
-0.433222
-0.37035
-0.299637
-0.225334
-0.152042
-0.0840203
-0.024556
0.0702346
0.185459
0.264344
0.315603
0.352034
0.380078
0.400989
0.414479
0.420575
0.420022
0.414118
0.404403
0.39237
0.379263
0.365964
0.353002
0.340611
0.328831
0.317595
0.306798
0.296339
0.286136
0.276136
0.266306
0.256631
0.247103
0.237719
0.22848
0.219384
0.21043
0.201615
0.192936
0.18439
0.175971
0.167677
0.159501
0.151441
0.143492
0.135649
0.127909
0.120269
0.112724
0.105271
0.0979075
0.0906289
0.0834326
0.0763156
0.0692748
0.0623074
0.0554106
0.0485815
0.0418176
0.0351162
0.0284749
0.021891
0.0153623
0.00888634
0.00246085
-0.00391644
-0.0102477
-0.0165351
-0.0227808
-0.0289868
-0.0351551
-0.0412876
-0.0473865
-0.0534534
-0.0594904
-0.0654991
-0.0714815
-0.0774391
-0.0833738
-0.0892872
-0.0951809
-0.101057
-0.106916
-0.11276
-0.11859
-0.124409
-0.130216
-0.136015
-0.141805
-0.147589
-0.153367
-0.159141
-0.164912
-0.170681
-0.176449
-0.182217
-0.187987
-0.193759
-0.199535
-0.205316
-0.211102
-0.216896
-0.222699
-0.228511
-0.234335
-0.240171
-0.246022
-0.251887
-0.25777
-0.26367
-0.269588
-0.275525
-0.281481
-0.287455
-0.293445
-0.299449
-0.305462
-0.311479
-0.317493
-0.323496
-0.329477
-0.335425
-0.341327
-0.347169
-0.352939
-0.358627
-0.36423
-0.369751
-0.375208
-0.380641
-0.386114
-0.391728
-0.397627
-0.404005
-0.41111
-0.419232
-0.428692
-0.439805
-0.452823
-0.467859
-0.484789
-0.503139
-0.521979
-0.53985
-0.554747
-0.564208
-0.56552
-0.556057
-0.533713
-0.497348
-0.447167
-0.384887
-0.313664
-0.237723
-0.161772
-0.0902838
-0.0267798
0.0675818
0.181743
0.26183
0.314335
0.3514
0.379694
0.400757
0.41441
0.420691
0.420324
0.414584
0.404996
0.393049
0.379984
0.366696
0.353719
0.3413
0.329486
0.318215
0.307386
0.296898
0.286671
0.27665
0.266803
0.257111
0.247569
0.238173
0.228923
0.219817
0.210854
0.202032
0.193347
0.184796
0.176374
0.168077
0.1599
0.15184
0.143892
0.136052
0.128316
0.120681
0.113142
0.105696
0.0983392
0.0910693
0.0838824
0.0767756
0.0697458
0.06279
0.0559054
0.0490892
0.0423387
0.0356513
0.0290243
0.0224552
0.0159416
0.00948109
0.00307129
-0.00329006
-0.00960523
-0.0158764
-0.0221057
-0.0282953
-0.0344472
-0.0405634
-0.0466459
-0.0526966
-0.0587174
-0.0647102
-0.0706769
-0.076619
-0.0825385
-0.088437
-0.0943162
-0.100178
-0.106023
-0.111854
-0.117671
-0.123478
-0.129274
-0.135061
-0.140841
-0.146614
-0.152383
-0.158149
-0.163912
-0.169673
-0.175435
-0.181198
-0.186963
-0.192731
-0.198504
-0.204283
-0.210068
-0.215862
-0.221665
-0.227479
-0.233305
-0.239145
-0.245
-0.250871
-0.25676
-0.262668
-0.268596
-0.274544
-0.280513
-0.286502
-0.292509
-0.298533
-0.304569
-0.310612
-0.316657
-0.322694
-0.328714
-0.334705
-0.340654
-0.346548
-0.352374
-0.35812
-0.36378
-0.369354
-0.374855
-0.380316
-0.385794
-0.391379
-0.397206
-0.403457
-0.410372
-0.41824
-0.427388
-0.438149
-0.450815
-0.465557
-0.482328
-0.500752
-0.520002
-0.538713
-0.554943
-0.566235
-0.569804
-0.562859
-0.543043
-0.508913
-0.460352
-0.398804
-0.327241
-0.249837
-0.171378
-0.0965238
-0.0290181
0.0648431
0.177667
0.258835
0.312616
0.350384
0.378987
0.400249
0.414111
0.420623
0.420486
0.414948
0.405518
0.393677
0.38067
0.367398
0.35441
0.341964
0.330115
0.318809
0.307948
0.297432
0.287181
0.27714
0.267275
0.25757
0.248014
0.238607
0.229346
0.220231
0.21126
0.202431
0.19374
0.185185
0.17676
0.168461
0.160284
0.152225
0.144279
0.136442
0.12871
0.12108
0.113547
0.106108
0.0987603
0.0914996
0.0843228
0.0772269
0.0702087
0.0632652
0.0563937
0.0495911
0.0428547
0.036182
0.0295701
0.0230166
0.0165189
0.0100746
0.00368136
-0.00266325
-0.00896147
-0.0152155
-0.0214277
-0.0276
-0.0337346
-0.0398335
-0.0458988
-0.0519324
-0.0579362
-0.0639122
-0.0698622
-0.075788
-0.0816914
-0.087574
-0.0934377
-0.0992841
-0.105115
-0.110931
-0.116735
-0.122528
-0.128311
-0.134086
-0.139855
-0.145617
-0.151376
-0.157132
-0.162886
-0.16864
-0.174394
-0.18015
-0.18591
-0.191673
-0.197442
-0.203217
-0.209001
-0.214793
-0.220596
-0.22641
-0.232238
-0.23808
-0.243938
-0.249814
-0.255709
-0.261624
-0.26756
-0.273518
-0.279498
-0.285501
-0.291523
-0.297565
-0.303622
-0.30969
-0.315762
-0.32183
-0.327886
-0.333917
-0.339911
-0.345855
-0.351733
-0.357534
-0.363249
-0.368876
-0.374424
-0.379918
-0.385408
-0.390976
-0.396746
-0.402891
-0.40964
-0.417279
-0.426137
-0.436565
-0.448884
-0.463319
-0.479896
-0.49833
-0.517896
-0.537326
-0.55475
-0.567729
-0.573424
-0.568898
-0.551561
-0.519673
-0.4728
-0.412103
-0.340355
-0.261651
-0.180833
-0.10272
-0.0312624
0.0620375
0.173257
0.255375
0.310451
0.348992
0.377964
0.39947
0.413585
0.420372
0.420507
0.415209
0.405967
0.394254
0.381319
0.368072
0.355076
0.342603
0.330719
0.319377
0.308483
0.297939
0.287665
0.277605
0.267725
0.258005
0.248438
0.23902
0.229749
0.220626
0.211647
0.202812
0.194116
0.185557
0.177129
0.168829
0.160652
0.152594
0.14465
0.136817
0.12909
0.121466
0.11394
0.106509
0.0991703
0.0919194
0.0847533
0.0776689
0.0706631
0.0637327
0.0568748
0.0500866
0.0433652
0.0367079
0.0301119
0.0235748
0.0170938
0.0106666
0.00429071
-0.00203629
-0.00831671
-0.0145528
-0.0207469
-0.026901
-0.0330175
-0.0390982
-0.0451454
-0.051161
-0.0571469
-0.0631051
-0.0690376
-0.074946
-0.0808323
-0.0866983
-0.0925455
-0.0983758
-0.104191
-0.109992
-0.115781
-0.12156
-0.127329
-0.133091
-0.138847
-0.144598
-0.150345
-0.15609
-0.161835
-0.167579
-0.173325
-0.179074
-0.184826
-0.190584
-0.196348
-0.202119
-0.207899
-0.213688
-0.21949
-0.225303
-0.231131
-0.236975
-0.242835
-0.248715
-0.254614
-0.260535
-0.266478
-0.272445
-0.278435
-0.284449
-0.290486
-0.296544
-0.30262
-0.30871
-0.314807
-0.320905
-0.326994
-0.333062
-0.339098
-0.345087
-0.351015
-0.356869
-0.362637
-0.368316
-0.37391
-0.37944
-0.384949
-0.39051
-0.396236
-0.402292
-0.408897
-0.416329
-0.424921
-0.435034
-0.447016
-0.461138
-0.477494
-0.495885
-0.515686
-0.535728
-0.554218
-0.56875
-0.576444
-0.574237
-0.559322
-0.529672
-0.484539
-0.424795
-0.353
-0.273151
-0.190116
-0.108854
-0.033505
0.0591827
0.168541
0.251465
0.307847
0.347227
0.376627
0.398425
0.412834
0.419938
0.420386
0.415364
0.406341
0.394779
0.381929
0.368716
0.355717
0.343218
0.331299
0.319921
0.308994
0.298422
0.288125
0.278046
0.26815
0.258418
0.248839
0.239411
0.230132
0.221001
0.212016
0.203175
0.194475
0.185912
0.177482
0.169181
0.161005
0.152948
0.145007
0.137178
0.129456
0.121838
0.11432
0.106898
0.0995685
0.0923281
0.0851735
0.0781013
0.0711085
0.0641919
0.0573485
0.0505754
0.0438697
0.0372286
0.0306494
0.0241294
0.017666
0.0112567
0.00489901
-0.00140952
-0.00767127
-0.0138885
-0.0200636
-0.0261988
-0.0322961
-0.0383578
-0.0443859
-0.0503825
-0.0563496
-0.0622891
-0.068203
-0.0740932
-0.0799615
-0.0858097
-0.0916395
-0.0974528
-0.103251
-0.109036
-0.11481
-0.120573
-0.126328
-0.132075
-0.137817
-0.143555
-0.14929
-0.155024
-0.160757
-0.166491
-0.172228
-0.177968
-0.183712
-0.189463
-0.19522
-0.200986
-0.206761
-0.212548
-0.218346
-0.224158
-0.229985
-0.235829
-0.241691
-0.247572
-0.253475
-0.2594
-0.265349
-0.271323
-0.277323
-0.283347
-0.289397
-0.29547
-0.301563
-0.307672
-0.313793
-0.319917
-0.326036
-0.332139
-0.338214
-0.344245
-0.350219
-0.356122
-0.361942
-0.367671
-0.373312
-0.378879
-0.384411
-0.389972
-0.395667
-0.401649
-0.408128
-0.415376
-0.423723
-0.43354
-0.445197
-0.459005
-0.47512
-0.493424
-0.513391
-0.533949
-0.553389
-0.569347
-0.578919
-0.578932
-0.566377
-0.538951
-0.495597
-0.436893
-0.365175
-0.284322
-0.19921
-0.114911
-0.0357387
0.0562959
0.163547
0.247122
0.304809
0.345092
0.374982
0.397117
0.411861
0.419322
0.420122
0.415413
0.406637
0.395249
0.382502
0.369331
0.356333
0.34381
0.331855
0.32044
0.309479
0.298879
0.28856
0.278463
0.268553
0.258808
0.249219
0.239782
0.230495
0.221356
0.212365
0.203519
0.194814
0.186249
0.177817
0.169516
0.16134
0.153286
0.145349
0.137524
0.129808
0.122197
0.114687
0.107274
0.0999547
0.0927254
0.0855828
0.0785236
0.0715445
0.0646424
0.0578142
0.051057
0.0443678
0.0377437
0.031182
0.0246801
0.0182351
0.0118446
0.00550595
-0.000783241
-0.00702542
-0.013223
-0.0193782
-0.0254933
-0.0315706
-0.0376123
-0.0436204
-0.0495971
-0.0555444
-0.0614643
-0.0673587
-0.0732296
-0.0790788
-0.0849083
-0.0907197
-0.0965149
-0.102296
-0.108063
-0.11382
-0.119567
-0.125306
-0.131038
-0.136766
-0.142489
-0.148211
-0.153932
-0.159653
-0.165375
-0.171101
-0.176831
-0.182567
-0.188309
-0.194059
-0.199818
-0.205588
-0.211369
-0.217164
-0.222973
-0.228798
-0.234641
-0.240503
-0.246385
-0.25229
-0.258219
-0.264173
-0.270153
-0.276159
-0.282193
-0.288254
-0.29434
-0.300448
-0.306576
-0.312717
-0.318866
-0.325013
-0.331147
-0.337257
-0.343328
-0.349345
-0.355295
-0.361162
-0.36694
-0.372626
-0.378233
-0.38379
-0.389357
-0.39503
-0.400951
-0.407321
-0.414404
-0.422528
-0.432067
-0.443412
-0.456908
-0.472768
-0.490951
-0.511024
-0.532013
-0.552298
-0.569567
-0.580902
-0.583036
-0.572776
-0.547553
-0.506005
-0.448415
-0.376884
-0.295159
-0.208102
-0.120878
-0.0379576
0.053393
0.158305
0.242365
0.301344
0.342591
0.373031
0.395548
0.410666
0.418523
0.419713
0.415353
0.406855
0.395663
0.383034
0.369916
0.356924
0.344379
0.33239
0.320937
0.309942
0.299313
0.28897
0.278856
0.268932
0.259176
0.249577
0.240131
0.230836
0.221691
0.212694
0.203843
0.195136
0.186567
0.178135
0.169833
0.161659
0.153607
0.145674
0.137854
0.130145
0.122541
0.11504
0.107637
0.100328
0.0931107
0.0859809
0.0789353
0.0719706
0.0650838
0.0582716
0.051531
0.044859
0.0382528
0.0317095
0.0252264
0.0188007
0.0124298
0.00611116
-0.000157783
-0.00637948
-0.0125564
-0.0186908
-0.024785
-0.0308414
-0.036862
-0.0428492
-0.048805
-0.0547315
-0.0606307
-0.0665046
-0.0723552
-0.0781844
-0.0839941
-0.0897861
-0.0955622
-0.101324
-0.107074
-0.112812
-0.118542
-0.124264
-0.12998
-0.135691
-0.1414
-0.147107
-0.152814
-0.158521
-0.164232
-0.169946
-0.175665
-0.18139
-0.187123
-0.192864
-0.198615
-0.204378
-0.210154
-0.215943
-0.221748
-0.22757
-0.23341
-0.239271
-0.245154
-0.251059
-0.25699
-0.262947
-0.268932
-0.274945
-0.280986
-0.287056
-0.293153
-0.299275
-0.305419
-0.311579
-0.31775
-0.323922
-0.330085
-0.336227
-0.342335
-0.348392
-0.354385
-0.360298
-0.366121
-0.371852
-0.377497
-0.383082
-0.38866
-0.394318
-0.400189
-0.406465
-0.413401
-0.421321
-0.430602
-0.441649
-0.454839
-0.470435
-0.488468
-0.508595
-0.529942
-0.550977
-0.569447
-0.582436
-0.586598
-0.578565
-0.555519
-0.515795
-0.45938
-0.388134
-0.305658
-0.216781
-0.126744
-0.0401561
0.050489
0.152843
0.237211
0.297459
0.339725
0.370777
0.393723
0.409251
0.417541
0.419158
0.41518
0.40699
0.396019
0.383525
0.370471
0.357492
0.344927
0.332903
0.321412
0.310381
0.299723
0.289358
0.279225
0.269287
0.25952
0.249913
0.240459
0.231157
0.222006
0.213004
0.204149
0.195438
0.186867
0.178434
0.170133
0.161961
0.153912
0.145983
0.138169
0.130466
0.122871
0.115379
0.107986
0.100689
0.0934836
0.0863672
0.0793359
0.0723864
0.0655156
0.0587201
0.0519969
0.0453431
0.0387555
0.0322315
0.025768
0.0193625
0.0130121
0.00671431
0.000466523
-0.00573378
-0.0118891
-0.0180017
-0.0240741
-0.0301085
-0.0361072
-0.0420724
-0.0480063
-0.053911
-0.0597885
-0.0656409
-0.0714702
-0.0772784
-0.0830672
-0.0888387
-0.0945946
-0.100337
-0.106067
-0.111786
-0.117498
-0.123202
-0.1289
-0.134595
-0.140287
-0.145978
-0.151669
-0.157363
-0.163059
-0.16876
-0.174467
-0.180181
-0.185903
-0.191634
-0.197377
-0.203131
-0.208899
-0.214683
-0.220482
-0.2263
-0.232136
-0.237995
-0.243876
-0.249781
-0.255713
-0.261672
-0.267659
-0.273677
-0.279725
-0.285803
-0.29191
-0.298043
-0.304201
-0.310378
-0.316568
-0.322763
-0.328952
-0.335124
-0.341265
-0.347359
-0.353392
-0.359347
-0.365214
-0.370987
-0.37667
-0.382284
-0.387876
-0.393525
-0.399356
-0.40555
-0.412356
-0.420089
-0.429129
-0.439893
-0.452785
-0.468112
-0.485974
-0.506113
-0.527752
-0.54945
-0.569022
-0.583563
-0.589659
-0.583788
-0.562887
-0.524998
-0.46981
-0.398935
-0.315818
-0.225241
-0.132501
-0.0423297
0.0475981
0.14719
0.231681
0.293159
0.336496
0.368221
0.391641
0.407617
0.416374
0.418453
0.414892
0.407041
0.396314
0.383974
0.370996
0.358035
0.345454
0.333396
0.321866
0.310799
0.300111
0.289722
0.279572
0.26962
0.259843
0.250226
0.240765
0.231457
0.2223
0.213293
0.204434
0.195721
0.187149
0.178715
0.170415
0.162244
0.154199
0.146275
0.138467
0.130772
0.123185
0.115702
0.108321
0.101035
0.0938436
0.0867412
0.079725
0.0727914
0.0659373
0.0591593
0.0524544
0.0458194
0.0392514
0.0327474
0.0263045
0.01992
0.0135911
0.00731504
0.00108934
-0.00508862
-0.0112213
-0.0173113
-0.0233608
-0.0293723
-0.0353481
-0.0412903
-0.0472013
-0.0530831
-0.0589379
-0.0647678
-0.0705747
-0.0763607
-0.0821277
-0.0878776
-0.0936122
-0.0993334
-0.105043
-0.110743
-0.116434
-0.122119
-0.127799
-0.133475
-0.13915
-0.144824
-0.150499
-0.156177
-0.161858
-0.167545
-0.173238
-0.178939
-0.184649
-0.190369
-0.196102
-0.201847
-0.207606
-0.213382
-0.219174
-0.224986
-0.230818
-0.236673
-0.242551
-0.248455
-0.254385
-0.260345
-0.266335
-0.272356
-0.278408
-0.284492
-0.290607
-0.296751
-0.302921
-0.309113
-0.31532
-0.321535
-0.327748
-0.333946
-0.340117
-0.346246
-0.352315
-0.35831
-0.364218
-0.370031
-0.37575
-0.381394
-0.387002
-0.392646
-0.398445
-0.404569
-0.411258
-0.418821
-0.427639
-0.438135
-0.450736
-0.465793
-0.483467
-0.503581
-0.525454
-0.547739
-0.56832
-0.584317
-0.592261
-0.588484
-0.569695
-0.533645
-0.479727
-0.409301
-0.325644
-0.233478
-0.138142
-0.0444744
0.0447331
0.141378
0.225797
0.288455
0.332905
0.365363
0.389305
0.405764
0.415021
0.417597
0.414485
0.407003
0.396547
0.384379
0.37149
0.358556
0.345962
0.333871
0.322301
0.311197
0.300478
0.290064
0.279896
0.26993
0.260142
0.250518
0.24105
0.231736
0.222574
0.213562
0.2047
0.195984
0.187411
0.178977
0.170678
0.16251
0.154468
0.146549
0.138748
0.131061
0.123483
0.116011
0.108641
0.101368
0.0941901
0.0871026
0.080102
0.0731851
0.0663485
0.0595889
0.052903
0.0462877
0.03974
0.0332569
0.0268355
0.0204729
0.0141663
0.007913
0.00171032
-0.00444435
-0.0105536
-0.0166198
-0.0226455
-0.0286331
-0.0345849
-0.0405032
-0.0463902
-0.0522481
-0.0580792
-0.0638854
-0.0696689
-0.0754316
-0.0811756
-0.0869028
-0.092615
-0.0983142
-0.104002
-0.10968
-0.115351
-0.121015
-0.126675
-0.132333
-0.137988
-0.143644
-0.149302
-0.154963
-0.160628
-0.166299
-0.171978
-0.177664
-0.183361
-0.189069
-0.19479
-0.200524
-0.206274
-0.21204
-0.217825
-0.223629
-0.229455
-0.235304
-0.241178
-0.247079
-0.253008
-0.258967
-0.264957
-0.27098
-0.277036
-0.283125
-0.289246
-0.295398
-0.301579
-0.307783
-0.314005
-0.320238
-0.326471
-0.332694
-0.338892
-0.345051
-0.351154
-0.357185
-0.363131
-0.368981
-0.374736
-0.380408
-0.386033
-0.391678
-0.39745
-0.403514
-0.410099
-0.417508
-0.426118
-0.436361
-0.448683
-0.463471
-0.480944
-0.501003
-0.52306
-0.545862
-0.567368
-0.58473
-0.594437
-0.59269
-0.575977
-0.541767
-0.489154
-0.419244
-0.33514
-0.241491
-0.143662
-0.046587
0.0419059
0.135434
0.219581
0.283353
0.328953
0.362204
0.386714
0.403692
0.413481
0.416586
0.413957
0.406873
0.396713
0.384738
0.371952
0.359053
0.34645
0.334328
0.322718
0.311576
0.300824
0.290385
0.280198
0.270218
0.26042
0.250787
0.241313
0.231993
0.222826
0.213811
0.204945
0.196227
0.187653
0.179219
0.170922
0.162757
0.15472
0.146806
0.139012
0.131333
0.123765
0.116304
0.108946
0.101687
0.0945229
0.0874507
0.0804667
0.0735672
0.0667488
0.0600082
0.0533422
0.0467475
0.040221
0.0337597
0.0273606
0.0210208
0.0147375
0.00850781
0.0023291
-0.0038013
-0.00988601
-0.0159276
-0.0219284
-0.0278911
-0.0338179
-0.0397111
-0.0455731
-0.0514062
-0.0572124
-0.0629939
-0.0687528
-0.0744912
-0.0802111
-0.0859145
-0.0916032
-0.0972791
-0.102944
-0.1086
-0.114249
-0.119892
-0.125531
-0.131167
-0.136803
-0.14244
-0.148078
-0.153721
-0.159369
-0.165023
-0.170685
-0.176357
-0.182039
-0.187733
-0.19344
-0.199163
-0.204901
-0.210657
-0.216432
-0.222228
-0.228047
-0.233889
-0.239758
-0.245654
-0.25158
-0.257536
-0.263526
-0.269549
-0.275606
-0.281698
-0.287824
-0.293983
-0.300172
-0.306387
-0.312622
-0.318871
-0.325122
-0.331366
-0.337589
-0.343775
-0.349909
-0.355973
-0.361953
-0.367838
-0.373626
-0.379326
-0.384969
-0.390616
-0.396368
-0.402379
-0.408871
-0.41614
-0.424558
-0.434563
-0.446616
-0.461138
-0.478401
-0.49838
-0.520576
-0.543832
-0.566187
-0.58483
-0.59622
-0.59644
-0.581766
-0.549391
-0.498114
-0.428781
-0.344313
-0.24928
-0.149058
-0.0486649
0.0391276
0.129391
0.213059
0.277864
0.324642
0.358744
0.383869
0.4014
0.411752
0.415417
0.413302
0.406648
0.39681
0.385048
0.37238
0.359527
0.346921
0.334768
0.323119
0.311937
0.301151
0.290685
0.280478
0.270484
0.260675
0.251034
0.241553
0.232228
0.223057
0.214038
0.20517
0.19645
0.187875
0.179442
0.171147
0.162985
0.154952
0.147045
0.139258
0.131588
0.12403
0.116581
0.109235
0.10199
0.0948413
0.0877853
0.0808184
0.073937
0.0671376
0.0604169
0.0537716
0.0471983
0.0406938
0.0342552
0.0278794
0.0215633
0.0153042
0.00909911
0.00294535
-0.00315982
-0.00921903
-0.0152349
-0.0212099
-0.0271466
-0.0330473
-0.0389145
-0.0447505
-0.0505575
-0.0563377
-0.0620934
-0.0678267
-0.0735397
-0.0792343
-0.0849127
-0.0905767
-0.0962283
-0.101869
-0.107502
-0.113127
-0.118747
-0.124364
-0.129979
-0.135593
-0.141209
-0.146828
-0.152451
-0.15808
-0.163716
-0.169361
-0.175016
-0.180682
-0.186361
-0.192054
-0.197762
-0.203488
-0.209232
-0.214997
-0.220783
-0.226592
-0.232427
-0.238288
-0.244179
-0.250099
-0.256053
-0.262039
-0.268061
-0.274119
-0.280212
-0.286342
-0.292506
-0.298701
-0.304925
-0.311171
-0.317432
-0.3237
-0.329962
-0.336206
-0.342417
-0.348578
-0.354672
-0.360684
-0.366601
-0.372419
-0.378146
-0.383807
-0.389458
-0.395193
-0.401159
-0.407568
-0.414709
-0.42295
-0.43273
-0.444526
-0.458787
-0.475835
-0.495713
-0.51801
-0.541664
-0.564796
-0.584641
-0.597639
-0.599765
-0.587093
-0.556547
-0.506631
-0.437927
-0.353172
-0.256846
-0.154329
-0.050706
0.0364078
0.123276
0.206256
0.271998
0.319973
0.35498
0.380768
0.398887
0.409831
0.414086
0.412517
0.406322
0.396834
0.385308
0.372775
0.359977
0.347374
0.335194
0.323505
0.312282
0.30146
0.290966
0.280738
0.270729
0.260909
0.25126
0.241772
0.232442
0.223267
0.214244
0.205374
0.196652
0.188077
0.179645
0.171351
0.163193
0.155166
0.147265
0.139486
0.131826
0.124278
0.116841
0.109509
0.102278
0.0951449
0.0881057
0.0811567
0.0742942
0.0675146
0.0608146
0.0541907
0.0476397
0.0411582
0.0347431
0.0283914
0.0221001
0.015866
0.00968653
0.00355868
-0.00252025
-0.00855297
-0.0145421
-0.0204902
-0.0263999
-0.0322735
-0.0381136
-0.0439224
-0.0497023
-0.0554555
-0.0611843
-0.0668908
-0.0725772
-0.0782454
-0.0838977
-0.0895358
-0.0951619
-0.100778
-0.106385
-0.111986
-0.117582
-0.123176
-0.128767
-0.134359
-0.139953
-0.145551
-0.151153
-0.156762
-0.162378
-0.168004
-0.173641
-0.17929
-0.184952
-0.190629
-0.196323
-0.202034
-0.207765
-0.213517
-0.219292
-0.225091
-0.230916
-0.236769
-0.242652
-0.248567
-0.254515
-0.260498
-0.266517
-0.272573
-0.278667
-0.284798
-0.290964
-0.297165
-0.303395
-0.30965
-0.315922
-0.322203
-0.328482
-0.334744
-0.340976
-0.347161
-0.353282
-0.359322
-0.365268
-0.371115
-0.376866
-0.382545
-0.388201
-0.393923
-0.399849
-0.406184
-0.413208
-0.421285
-0.430855
-0.442405
-0.456411
-0.473239
-0.493
-0.515365
-0.539367
-0.563211
-0.584186
-0.59872
-0.602692
-0.591986
-0.563261
-0.514726
-0.446699
-0.361727
-0.264194
-0.159473
-0.0527088
0.0337554
0.11712
0.199198
0.265768
0.314947
0.350913
0.377412
0.396152
0.407716
0.41259
0.411596
0.405892
0.396781
0.385514
0.373133
0.360403
0.347809
0.335605
0.323876
0.312612
0.301753
0.291229
0.280978
0.270952
0.26112
0.251463
0.241969
0.232634
0.223454
0.214429
0.205556
0.196833
0.188258
0.179827
0.171536
0.163382
0.15536
0.147466
0.139696
0.132045
0.124509
0.117084
0.109765
0.10255
0.0954332
0.0884115
0.0814811
0.0746382
0.0678793
0.0612008
0.0545992
0.0480712
0.0416136
0.035223
0.0288964
0.0226306
0.0164227
0.0102697
0.00416873
-0.00188297
-0.00788817
-0.0138496
-0.0197698
-0.0256513
-0.0314968
-0.0373086
-0.0430892
-0.0488409
-0.0545659
-0.0602667
-0.0659453
-0.0716039
-0.0772446
-0.0828695
-0.0884806
-0.0940799
-0.0996694
-0.105251
-0.110826
-0.116397
-0.121965
-0.127533
-0.133101
-0.138672
-0.144246
-0.149826
-0.155414
-0.161009
-0.166615
-0.172232
-0.177862
-0.183506
-0.189166
-0.194844
-0.200539
-0.206256
-0.211994
-0.217756
-0.223543
-0.229357
-0.2352
-0.241075
-0.246981
-0.252923
-0.2589
-0.264915
-0.270968
-0.27706
-0.283191
-0.289359
-0.295562
-0.301797
-0.308059
-0.31434
-0.320632
-0.326924
-0.333202
-0.339453
-0.345658
-0.351802
-0.357867
-0.36384
-0.369712
-0.375486
-0.381181
-0.386843
-0.392554
-0.398446
-0.404714
-0.411632
-0.419557
-0.428929
-0.440245
-0.454004
-0.470611
-0.49024
-0.512645
-0.536949
-0.561447
-0.583482
-0.599485
-0.605247
-0.596472
-0.569557
-0.522421
-0.455115
-0.369989
-0.271328
-0.164491
-0.0546722
0.0311783
0.110951
0.191916
0.259188
0.309565
0.346539
0.373796
0.393193
0.405405
0.410925
0.410536
0.405351
0.396647
0.385663
0.373454
0.360804
0.348228
0.336003
0.324235
0.312928
0.30203
0.291474
0.281198
0.271155
0.261311
0.251644
0.242144
0.232803
0.22362
0.214592
0.205717
0.196993
0.188418
0.179988
0.1717
0.16355
0.155534
0.147647
0.139886
0.132245
0.124721
0.117309
0.110005
0.102805
0.0957057
0.0887023
0.0817912
0.0749687
0.0682312
0.0615749
0.0549965
0.0484925
0.0420596
0.0356944
0.0293937
0.0231545
0.0169737
0.0108482
0.00477514
-0.00124832
-0.00722498
-0.0131576
-0.0190488
-0.0249012
-0.0307174
-0.0364999
-0.0422512
-0.0479735
-0.0536693
-0.0593408
-0.0649903
-0.07062
-0.076232
-0.0818284
-0.0874112
-0.0929826
-0.0985444
-0.104099
-0.109647
-0.115191
-0.120733
-0.126275
-0.131818
-0.137364
-0.142915
-0.148471
-0.154036
-0.159609
-0.165193
-0.170789
-0.176399
-0.182024
-0.187665
-0.193324
-0.199003
-0.204703
-0.210426
-0.216174
-0.221947
-0.227749
-0.233581
-0.239445
-0.245342
-0.251276
-0.257246
-0.263255
-0.269304
-0.275393
-0.281521
-0.287689
-0.293893
-0.300131
-0.306397
-0.312685
-0.318985
-0.325288
-0.331579
-0.337845
-0.344069
-0.350233
-0.35632
-0.362315
-0.36821
-0.374004
-0.379715
-0.385383
-0.391085
-0.396945
-0.403153
-0.409974
-0.417759
-0.426946
-0.43804
-0.451558
-0.467945
-0.487433
-0.509852
-0.534418
-0.559514
-0.582548
-0.599956
-0.607454
-0.600574
-0.57546
-0.529739
-0.46319
-0.37797
-0.278254
-0.169384
-0.0565957
0.0286831
0.104798
0.184439
0.252273
0.303832
0.341856
0.36992
0.390007
0.402894
0.409086
0.409331
0.404696
0.396426
0.385751
0.373733
0.361179
0.348629
0.336388
0.324583
0.313231
0.302292
0.291702
0.281401
0.271339
0.26148
0.251804
0.242297
0.232951
0.223764
0.214732
0.205855
0.197131
0.188556
0.180128
0.171843
0.163698
0.155688
0.147809
0.140056
0.132426
0.124914
0.117516
0.110227
0.103044
0.095962
0.0889775
0.0820865
0.0752851
0.0685698
0.0619366
0.0553823
0.0489031
0.0424957
0.0361568
0.0298831
0.0236714
0.0175186
0.0114216
0.0053775
-0.000616676
-0.00656375
-0.0124665
-0.0183277
-0.0241499
-0.0299357
-0.0356878
-0.0414086
-0.0471004
-0.0527658
-0.0584069
-0.0640262
-0.0696257
-0.0752078
-0.0807745
-0.0863279
-0.09187
-0.0974029
-0.102928
-0.108449
-0.113965
-0.11948
-0.124995
-0.130511
-0.136031
-0.141556
-0.147088
-0.152628
-0.158178
-0.163739
-0.169312
-0.1749
-0.180504
-0.186125
-0.191765
-0.197426
-0.203108
-0.208814
-0.214545
-0.220304
-0.226092
-0.231911
-0.237763
-0.24365
-0.249573
-0.255535
-0.261537
-0.267579
-0.273663
-0.279788
-0.285954
-0.292157
-0.298396
-0.304664
-0.310956
-0.317262
-0.323573
-0.329875
-0.336154
-0.342392
-0.348573
-0.354678
-0.360694
-0.366608
-0.37242
-0.378144
-0.383817
-0.389511
-0.395345
-0.401498
-0.40823
-0.415885
-0.424899
-0.435781
-0.449068
-0.465237
-0.484575
-0.506987
-0.531779
-0.557423
-0.581397
-0.60015
-0.609333
-0.604316
-0.580992
-0.536698
-0.470943
-0.38568
-0.284978
-0.174154
-0.0584788
0.0262758
0.0986863
0.176799
0.245042
0.297751
0.336863
0.36578
0.386593
0.40018
0.407069
0.407975
0.40392
0.396114
0.385774
0.373969
0.361526
0.349013
0.33676
0.32492
0.313524
0.302542
0.291916
0.281586
0.271502
0.261629
0.251942
0.242427
0.233076
0.223885
0.21485
0.205972
0.197247
0.188672
0.180246
0.171965
0.163824
0.155821
0.14795
0.140207
0.132588
0.125089
0.117704
0.110431
0.103265
0.0962016
0.0892367
0.0823665
0.075587
0.0688946
0.0622855
0.055756
0.0493025
0.0429216
0.03661
0.0303641
0.0241809
0.0180571
0.0119896
0.00597545
1.15823e-05
-0.00590486
-0.0117767
-0.0176067
-0.0233976
-0.029152
-0.0348726
-0.0405617
-0.0462219
-0.0518557
-0.0574653
-0.0630531
-0.0686214
-0.0741723
-0.079708
-0.0852307
-0.0907424
-0.0962451
-0.101741
-0.107231
-0.112719
-0.118205
-0.123691
-0.12918
-0.134673
-0.140171
-0.145676
-0.15119
-0.156715
-0.162251
-0.167801
-0.173366
-0.178947
-0.184547
-0.190166
-0.195806
-0.201469
-0.207157
-0.212871
-0.218613
-0.224386
-0.23019
-0.236028
-0.241903
-0.247815
-0.253767
-0.259759
-0.265794
-0.271871
-0.277991
-0.284152
-0.290353
-0.29659
-0.302859
-0.309153
-0.315463
-0.32178
-0.328089
-0.334377
-0.340628
-0.346822
-0.352943
-0.358975
-0.364906
-0.370733
-0.376469
-0.382147
-0.387833
-0.393642
-0.399746
-0.406395
-0.41393
-0.422782
-0.433465
-0.446528
-0.462483
-0.481664
-0.504051
-0.529037
-0.555185
-0.580042
-0.600085
-0.610905
-0.607718
-0.586174
-0.54332
-0.47839
-0.393133
-0.291507
-0.178804
-0.0603216
0.0239611
0.0926428
0.169028
0.237513
0.291326
0.331556
0.361373
0.382947
0.397261
0.40487
0.406463
0.403016
0.395704
0.385726
0.374157
0.361843
0.349378
0.337121
0.325247
0.313807
0.30278
0.292115
0.281754
0.271648
0.261758
0.252059
0.242536
0.233178
0.223983
0.214946
0.206065
0.19734
0.188766
0.180342
0.172064
0.163929
0.155932
0.148069
0.140337
0.132729
0.125243
0.117874
0.110617
0.103468
0.0964239
0.0894793
0.0826306
0.0758739
0.0692053
0.0626209
0.0561171
0.0496903
0.0433368
0.0370533
0.0308363
0.0246826
0.0185888
0.0125518
0.0065686
0.000636079
-0.00524867
-0.0110885
-0.0168863
-0.0226448
-0.0283667
-0.0340545
-0.0397109
-0.0453384
-0.0509393
-0.0565162
-0.0620714
-0.0676072
-0.0731257
-0.0786293
-0.08412
-0.0895999
-0.0950712
-0.100536
-0.105996
-0.111452
-0.116908
-0.122365
-0.127825
-0.133289
-0.138759
-0.144236
-0.149723
-0.155221
-0.160731
-0.166256
-0.171796
-0.177353
-0.18293
-0.188526
-0.194145
-0.199787
-0.205455
-0.21115
-0.216874
-0.222629
-0.228417
-0.234241
-0.240101
-0.246
-0.25194
-0.257922
-0.263947
-0.270016
-0.276129
-0.282284
-0.288481
-0.294715
-0.300982
-0.307276
-0.313587
-0.319907
-0.326221
-0.332516
-0.338775
-0.34498
-0.351113
-0.357158
-0.363103
-0.368943
-0.374688
-0.380369
-0.386048
-0.391834
-0.397892
-0.404467
-0.41189
-0.420591
-0.431084
-0.443934
-0.459677
-0.478699
-0.501046
-0.526195
-0.552805
-0.578496
-0.599776
-0.612186
-0.610798
-0.591026
-0.549622
-0.485547
-0.40034
-0.29785
-0.183336
-0.0621244
0.0217432
0.0866913
0.161159
0.229708
0.284564
0.325935
0.356695
0.379065
0.394131
0.402485
0.40479
0.40198
0.39519
0.385603
0.374294
0.362127
0.349723
0.337469
0.325565
0.314081
0.303008
0.292302
0.281908
0.271776
0.261867
0.252155
0.242622
0.233258
0.224058
0.215018
0.206136
0.19741
0.188837
0.180415
0.172142
0.164012
0.156022
0.148168
0.140445
0.13285
0.125378
0.118024
0.110784
0.103653
0.0966285
0.0897049
0.0828785
0.0761453
0.0695012
0.0629425
0.0564653
0.050066
0.0437409
0.0374865
0.0312993
0.025176
0.0191132
0.0131078
0.00715654
0.00125643
-0.00459556
-0.0104024
-0.0161668
-0.0218918
-0.0275799
-0.0332339
-0.0388564
-0.04445
-0.050017
-0.05556
-0.0610813
-0.0665833
-0.0720683
-0.0775384
-0.0829959
-0.0884428
-0.0938813
-0.0993134
-0.104741
-0.110166
-0.115591
-0.121017
-0.126445
-0.131879
-0.137319
-0.142768
-0.148226
-0.153696
-0.159179
-0.164676
-0.17019
-0.175722
-0.181273
-0.186846
-0.192441
-0.198061
-0.203707
-0.209382
-0.215086
-0.220823
-0.226593
-0.2324
-0.238245
-0.244129
-0.250056
-0.256025
-0.262039
-0.268098
-0.274202
-0.28035
-0.28654
-0.292769
-0.299032
-0.305323
-0.311634
-0.317954
-0.32427
-0.330569
-0.336834
-0.343046
-0.349188
-0.355243
-0.361198
-0.367048
-0.3728
-0.378483
-0.384155
-0.389919
-0.395935
-0.40244
-0.409761
-0.41832
-0.428634
-0.441279
-0.456817
-0.475676
-0.49797
-0.523258
-0.550291
-0.576769
-0.599234
-0.613193
-0.613576
-0.595564
-0.555623
-0.492429
-0.407315
-0.304014
-0.187756
-0.0638879
0.019625
0.0808545
0.153228
0.221653
0.277473
0.319996
0.351742
0.374945
0.390789
0.399908
0.40295
0.400804
0.394567
0.385399
0.374375
0.362376
0.350047
0.337805
0.325875
0.314347
0.303226
0.292477
0.282046
0.271886
0.261957
0.25223
0.242687
0.233315
0.22411
0.215067
0.206183
0.197456
0.188885
0.180465
0.172195
0.164071
0.156089
0.148244
0.140532
0.132949
0.125491
0.118153
0.110931
0.103819
0.0968148
0.089913
0.0831096
0.0764007
0.069782
0.0632498
0.0568001
0.0504292
0.0441333
0.037909
0.0317526
0.0256607
0.0196299
0.0136571
0.0077389
0.00187225
-0.0039459
-0.00971855
-0.0154486
-0.0211389
-0.0267922
-0.0324112
-0.0379987
-0.0435571
-0.049089
-0.0545969
-0.0600831
-0.0655502
-0.0710003
-0.0764357
-0.0818586
-0.0872713
-0.0926757
-0.098074
-0.103468
-0.10886
-0.114252
-0.119645
-0.125042
-0.130444
-0.135853
-0.141271
-0.146699
-0.152139
-0.157593
-0.163062
-0.168548
-0.174053
-0.179578
-0.185125
-0.190695
-0.196291
-0.201914
-0.207566
-0.21325
-0.218966
-0.224717
-0.230506
-0.236333
-0.242202
-0.248113
-0.254068
-0.26007
-0.266117
-0.27221
-0.278348
-0.28453
-0.290751
-0.297009
-0.303295
-0.309602
-0.31592
-0.322236
-0.328536
-0.334803
-0.34102
-0.347167
-0.353229
-0.359191
-0.365048
-0.370804
-0.376487
-0.382152
-0.387895
-0.393873
-0.400314
-0.407538
-0.415965
-0.426111
-0.438561
-0.453898
-0.472594
-0.494823
-0.520227
-0.547648
-0.574869
-0.598473
-0.613938
-0.616066
-0.599808
-0.561339
-0.499054
-0.41407
-0.310007
-0.192065
-0.0656126
0.0176088
0.075153
0.145268
0.213372
0.270062
0.313741
0.346509
0.370581
0.387228
0.397135
0.400936
0.399482
0.393826
0.385107
0.374395
0.362585
0.350348
0.338128
0.326177
0.314606
0.303437
0.292641
0.282172
0.271981
0.262028
0.252285
0.242729
0.23335
0.224138
0.215091
0.206205
0.197478
0.188908
0.180492
0.172226
0.164108
0.156133
0.148297
0.140597
0.133027
0.125584
0.118262
0.111057
0.103966
0.0969823
0.090103
0.0833234
0.0766395
0.0700471
0.0635423
0.0571209
0.0507794
0.0445137
0.0383204
0.0321957
0.0261363
0.0201386
0.0141993
0.00831525
0.00248315
-0.00330008
-0.00903746
-0.014732
-0.0203865
-0.0260038
-0.0315867
-0.0371379
-0.04266
-0.0481556
-0.0536272
-0.0590771
-0.064508
-0.0699219
-0.0753214
-0.0807085
-0.0860856
-0.0914546
-0.0968178
-0.102177
-0.107534
-0.112892
-0.118251
-0.123615
-0.128984
-0.13436
-0.139746
-0.145142
-0.150551
-0.155975
-0.161414
-0.166871
-0.172347
-0.177844
-0.183363
-0.188907
-0.194478
-0.200076
-0.205704
-0.211365
-0.217059
-0.222789
-0.228558
-0.234366
-0.240217
-0.246111
-0.252051
-0.258038
-0.264071
-0.270152
-0.276278
-0.28245
-0.288662
-0.294911
-0.301191
-0.307492
-0.313806
-0.320119
-0.326417
-0.332683
-0.338901
-0.345051
-0.351116
-0.357082
-0.362942
-0.368701
-0.374382
-0.380038
-0.385761
-0.391702
-0.398084
-0.405219
-0.413523
-0.423511
-0.435773
-0.450917
-0.46945
-0.491605
-0.517105
-0.544882
-0.572803
-0.597504
-0.614436
-0.618282
-0.603771
-0.566787
-0.505435
-0.420617
-0.315839
-0.19627
-0.0672997
0.015696
0.0696055
0.137315
0.204895
0.262345
0.307167
0.340993
0.36597
0.383446
0.39416
0.398744
0.398006
0.392962
0.384721
0.374348
0.36275
0.350622
0.338435
0.326469
0.314859
0.303641
0.292796
0.282285
0.27206
0.262082
0.252319
0.24275
0.233361
0.224143
0.215092
0.206204
0.197476
0.188907
0.180493
0.172232
0.16412
0.156153
0.148327
0.140639
0.133083
0.125654
0.118349
0.111164
0.104092
0.0971304
0.0902743
0.0835194
0.0768614
0.0702961
0.0638194
0.0574274
0.0511161
0.0448816
0.0387202
0.0326283
0.0266023
0.0206387
0.0147341
0.00888522
0.00308873
-0.00265848
-0.00835949
-0.0140173
-0.0196349
-0.0252151
-0.0307608
-0.0362745
-0.0417591
-0.0472172
-0.0526512
-0.0580636
-0.063457
-0.0688336
-0.0741958
-0.0795458
-0.0848859
-0.0902182
-0.0955449
-0.100868
-0.106189
-0.111511
-0.116836
-0.122164
-0.127498
-0.132841
-0.138193
-0.143556
-0.148932
-0.154324
-0.159731
-0.165157
-0.170603
-0.176071
-0.181561
-0.187077
-0.19262
-0.198192
-0.203795
-0.209431
-0.215101
-0.220809
-0.226556
-0.232344
-0.238175
-0.244051
-0.249973
-0.255943
-0.261961
-0.268027
-0.274141
-0.2803
-0.286501
-0.29274
-0.29901
-0.305303
-0.311609
-0.317916
-0.32421
-0.330473
-0.336688
-0.342837
-0.348902
-0.354869
-0.36073
-0.366489
-0.372166
-0.377812
-0.383516
-0.389422
-0.395748
-0.402801
-0.41099
-0.420828
-0.432914
-0.447871
-0.466241
-0.488315
-0.513893
-0.541996
-0.57058
-0.596334
-0.614697
-0.620239
-0.60747
-0.571981
-0.511587
-0.426969
-0.321517
-0.200374
-0.0689501
0.0138874
0.0642285
0.129402
0.196252
0.254336
0.300278
0.335189
0.361106
0.379437
0.390979
0.396365
0.39637
0.391965
0.384233
0.374228
0.362867
0.350866
0.338726
0.326753
0.315106
0.303838
0.292943
0.282387
0.272125
0.262118
0.252334
0.242749
0.233349
0.224124
0.215068
0.206177
0.197449
0.188881
0.18047
0.172213
0.164108
0.156149
0.148334
0.140657
0.133115
0.125702
0.118415
0.111249
0.104198
0.0972588
0.0904266
0.0836971
0.0770657
0.0705284
0.0640808
0.057719
0.0514388
0.0452365
0.0391081
0.03305
0.0270584
0.02113
0.0152611
0.00944838
0.00368861
-0.00202148
-0.00768501
-0.013305
-0.0188846
-0.0244265
-0.0299337
-0.0354088
-0.0408547
-0.046274
-0.0516692
-0.0570429
-0.0623975
-0.0677355
-0.0730591
-0.0783708
-0.0836726
-0.0889669
-0.0942557
-0.0995412
-0.104825
-0.11011
-0.115398
-0.12069
-0.125988
-0.131295
-0.136612
-0.14194
-0.147283
-0.15264
-0.158015
-0.163408
-0.168822
-0.174258
-0.179719
-0.185205
-0.190719
-0.196263
-0.201839
-0.207448
-0.213093
-0.218777
-0.2245
-0.230266
-0.236076
-0.241931
-0.247834
-0.253786
-0.259787
-0.265837
-0.271935
-0.278079
-0.284267
-0.290493
-0.296752
-0.303035
-0.309331
-0.315629
-0.321915
-0.328172
-0.334382
-0.340527
-0.346589
-0.352553
-0.358412
-0.364166
-0.369838
-0.375473
-0.381157
-0.387031
-0.393305
-0.400281
-0.408362
-0.418061
-0.429978
-0.444755
-0.462966
-0.484953
-0.510592
-0.538995
-0.568206
-0.594973
-0.614733
-0.621949
-0.610916
-0.576936
-0.517524
-0.433138
-0.327051
-0.204383
-0.0705652
0.0121829
0.0590364
0.121564
0.187477
0.246051
0.293075
0.329094
0.355984
0.375197
0.387587
0.393796
0.394566
0.390829
0.383636
0.374028
0.36293
0.351077
0.338997
0.327026
0.315346
0.30403
0.293083
0.282479
0.272177
0.262138
0.252329
0.242727
0.233314
0.224081
0.215019
0.206125
0.197396
0.188829
0.180421
0.172169
0.16407
0.15612
0.148316
0.140652
0.133124
0.125728
0.118458
0.111312
0.104283
0.0973666
0.0905592
0.0838558
0.0772521
0.0707435
0.064326
0.0579952
0.0517472
0.0455779
0.0394835
0.0334602
0.0275041
0.0216118
0.0157797
0.0100043
0.00428237
-0.00138948
-0.0070144
-0.0125955
-0.0181358
-0.0236383
-0.0291058
-0.0345412
-0.0399472
-0.0453265
-0.0506817
-0.0560153
-0.0613299
-0.066628
-0.0719118
-0.0771837
-0.0824459
-0.0877008
-0.0929504
-0.0981969
-0.103442
-0.108689
-0.113938
-0.119192
-0.124453
-0.129723
-0.135003
-0.140295
-0.145602
-0.150924
-0.156264
-0.161623
-0.167004
-0.172407
-0.177836
-0.18329
-0.188774
-0.194288
-0.199835
-0.205416
-0.211035
-0.216692
-0.22239
-0.228132
-0.233919
-0.239752
-0.245634
-0.251566
-0.257548
-0.263579
-0.26966
-0.275788
-0.28196
-0.288172
-0.294416
-0.300686
-0.30697
-0.313257
-0.319532
-0.325779
-0.331981
-0.338118
-0.344173
-0.350132
-0.355985
-0.361734
-0.367397
-0.37302
-0.378684
-0.384526
-0.390752
-0.397656
-0.405637
-0.415205
-0.426964
-0.441568
-0.459621
-0.481518
-0.507204
-0.535881
-0.565684
-0.593429
-0.614552
-0.623421
-0.614123
-0.581666
-0.52326
-0.439136
-0.33245
-0.208301
-0.0721462
0.0105817
0.0540411
0.113832
0.178605
0.237511
0.285563
0.322703
0.350599
0.370721
0.383979
0.391029
0.392587
0.389546
0.382922
0.373741
0.362932
0.351249
0.339247
0.327288
0.31558
0.304216
0.293216
0.282562
0.272216
0.262142
0.252306
0.242684
0.233257
0.224013
0.214945
0.206047
0.197317
0.188751
0.180346
0.172099
0.164007
0.156066
0.148272
0.140621
0.133108
0.125729
0.118479
0.111352
0.104346
0.0974535
0.0906716
0.0839952
0.0774198
0.0709409
0.0645543
0.0582556
0.0520407
0.0459055
0.039846
0.0338585
0.027939
0.0220839
0.0162896
0.0105527
0.00486962
-0.000762872
-0.00634804
-0.011889
-0.017389
-0.0228508
-0.0282775
-0.0336719
-0.0390368
-0.0443748
-0.0496888
-0.0549812
-0.0602545
-0.0655113
-0.0707539
-0.0759848
-0.0812061
-0.0864202
-0.0916292
-0.0968353
-0.102041
-0.107247
-0.112457
-0.117672
-0.122894
-0.128125
-0.133367
-0.138621
-0.14389
-0.149176
-0.15448
-0.159803
-0.165148
-0.170517
-0.175912
-0.181334
-0.186785
-0.192268
-0.197784
-0.203336
-0.208926
-0.214555
-0.220227
-0.225942
-0.231704
-0.237514
-0.243373
-0.249283
-0.255244
-0.261255
-0.267317
-0.273426
-0.279581
-0.285775
-0.292003
-0.298257
-0.304526
-0.310799
-0.31706
-0.323295
-0.329484
-0.335611
-0.341656
-0.347606
-0.35345
-0.35919
-0.364843
-0.370451
-0.376096
-0.381907
-0.388087
-0.394925
-0.402813
-0.412258
-0.423867
-0.438305
-0.456205
-0.478008
-0.503728
-0.532656
-0.563021
-0.591707
-0.614163
-0.624667
-0.617102
-0.586182
-0.528809
-0.444975
-0.337723
-0.212134
-0.0736947
0.00908258
0.0492524
0.106238
0.169671
0.22874
0.27775
0.316015
0.344946
0.366004
0.380149
0.388058
0.390427
0.388107
0.382081
0.373359
0.362867
0.351378
0.33947
0.327535
0.315806
0.304397
0.293344
0.282636
0.272244
0.262131
0.252265
0.24262
0.233176
0.22392
0.214845
0.205943
0.197211
0.188645
0.180243
0.172002
0.163917
0.155986
0.148203
0.140565
0.133068
0.125706
0.118475
0.11137
0.104386
0.0975188
0.0907632
0.0841146
0.0775684
0.0711202
0.0647653
0.0584996
0.0523188
0.0462187
0.0401952
0.0342445
0.0283626
0.0225458
0.0167905
0.011093
0.00544997
-0.000142044
-0.00568633
-0.0111861
-0.0166445
-0.0220645
-0.0274492
-0.0328013
-0.0381239
-0.0434195
-0.0486909
-0.0539408
-0.0591716
-0.0643858
-0.069586
-0.0747744
-0.0799535
-0.0851254
-0.0902924
-0.0954567
-0.10062
-0.105786
-0.110954
-0.116128
-0.12131
-0.126501
-0.131703
-0.136918
-0.142149
-0.147396
-0.152661
-0.157948
-0.163256
-0.168589
-0.173948
-0.179335
-0.184753
-0.190202
-0.195686
-0.201207
-0.206766
-0.212366
-0.218009
-0.223697
-0.229432
-0.235217
-0.241051
-0.246937
-0.252874
-0.258864
-0.264904
-0.270993
-0.277127
-0.283302
-0.289511
-0.295746
-0.301998
-0.308253
-0.314499
-0.320717
-0.326892
-0.333004
-0.339037
-0.344974
-0.350806
-0.356534
-0.362174
-0.367767
-0.37339
-0.379172
-0.385309
-0.392084
-0.399886
-0.409216
-0.420684
-0.434965
-0.452716
-0.474422
-0.500166
-0.529325
-0.560221
-0.589815
-0.613572
-0.625695
-0.619863
-0.590497
-0.534182
-0.450668
-0.34288
-0.215888
-0.0752123
0.00768352
0.044678
0.0988113
0.160713
0.219762
0.269645
0.309027
0.339019
0.361039
0.376092
0.384878
0.388077
0.386504
0.381107
0.372873
0.362728
0.351458
0.339664
0.327766
0.316024
0.304573
0.293466
0.282703
0.272261
0.262106
0.252206
0.242535
0.233072
0.223803
0.214719
0.205812
0.197077
0.188513
0.180113
0.171877
0.1638
0.155878
0.148107
0.140483
0.133002
0.125658
0.118447
0.111364
0.104404
0.0975619
0.0908334
0.0842135
0.0776974
0.0712806
0.0649586
0.0587268
0.052581
0.046517
0.0405305
0.0346177
0.0287744
0.022997
0.0172817
0.0116249
0.00602301
0.000472609
-0.00502964
-0.010487
-0.0159027
-0.0212797
-0.0266211
-0.0319299
-0.0372088
-0.0424608
-0.0476884
-0.0528944
-0.0580814
-0.0632518
-0.0684082
-0.0735529
-0.0786883
-0.0838168
-0.0889404
-0.0940615
-0.0991822
-0.104305
-0.109431
-0.114562
-0.119702
-0.124851
-0.130012
-0.135187
-0.140376
-0.145583
-0.15081
-0.156057
-0.161327
-0.166622
-0.171944
-0.177295
-0.182677
-0.188092
-0.193542
-0.199029
-0.204556
-0.210125
-0.215737
-0.221396
-0.227103
-0.23286
-0.238667
-0.244527
-0.25044
-0.256405
-0.262421
-0.268487
-0.274599
-0.280752
-0.28694
-0.293154
-0.299385
-0.305621
-0.311847
-0.318046
-0.324203
-0.330298
-0.336313
-0.342235
-0.348052
-0.353765
-0.359389
-0.364965
-0.370567
-0.37632
-0.382416
-0.389133
-0.396855
-0.406079
-0.417414
-0.431545
-0.449152
-0.47076
-0.496518
-0.525887
-0.557286
-0.587756
-0.612788
-0.626512
-0.622417
-0.594623
-0.539392
-0.456225
-0.347929
-0.219567
-0.0767006
0.00638211
0.0403231
0.0915779
0.15177
0.210608
0.261258
0.301741
0.332814
0.355823
0.371803
0.381482
0.38553
0.384729
0.379989
0.372275
0.362507
0.351481
0.339823
0.327977
0.31623
0.304742
0.293582
0.282763
0.272268
0.262067
0.25213
0.242431
0.232946
0.223662
0.214567
0.205653
0.196916
0.188351
0.179955
0.171724
0.163654
0.155742
0.147984
0.140374
0.13291
0.125584
0.118394
0.111333
0.104398
0.0975822
0.0908817
0.0842913
0.0778062
0.0714218
0.0651335
0.0589367
0.052827
0.0468
0.0408516
0.0349776
0.0291742
0.0234372
0.0177631
0.012148
0.00658833
0.00108069
-0.00437837
-0.00979216
-0.0151639
-0.0204968
-0.0257937
-0.0310579
-0.036292
-0.041499
-0.0466816
-0.0518426
-0.0569844
-0.0621097
-0.0672209
-0.0723206
-0.077411
-0.0824945
-0.0875734
-0.0926499
-0.0977261
-0.102804
-0.107886
-0.112974
-0.11807
-0.123176
-0.128294
-0.133426
-0.138574
-0.143739
-0.148925
-0.154131
-0.159361
-0.164617
-0.1699
-0.175213
-0.180558
-0.185936
-0.19135
-0.196803
-0.202296
-0.207831
-0.213412
-0.219039
-0.224716
-0.230443
-0.236222
-0.242054
-0.24794
-0.253878
-0.259869
-0.26591
-0.271997
-0.278125
-0.284289
-0.29048
-0.296688
-0.3029
-0.309103
-0.315281
-0.321416
-0.32749
-0.333486
-0.339388
-0.345186
-0.350882
-0.356488
-0.362044
-0.367624
-0.373348
-0.379406
-0.386069
-0.393716
-0.402842
-0.414053
-0.428043
-0.445511
-0.467021
-0.492783
-0.522345
-0.55422
-0.585535
-0.611815
-0.627126
-0.624771
-0.598569
-0.544451
-0.461659
-0.35288
-0.223179
-0.0781615
0.0051755
0.0361913
0.0845618
0.142879
0.201308
0.252607
0.294158
0.326327
0.350348
0.367276
0.377865
0.382781
0.382774
0.378719
0.371555
0.362194
0.351441
0.33994
0.328164
0.316424
0.304904
0.293693
0.282816
0.272265
0.262016
0.252038
0.242306
0.232798
0.223495
0.214388
0.205467
0.196726
0.188161
0.179768
0.171542
0.16348
0.155578
0.147832
0.140238
0.13279
0.125484
0.118315
0.111278
0.104368
0.0975791
0.0909073
0.0843473
0.0778942
0.0715432
0.0652896
0.0591287
0.053056
0.0470672
0.0411579
0.035324
0.0295613
0.0238659
0.018234
0.0126618
0.00714554
0.00168182
-0.00373289
-0.00910194
-0.0144286
-0.0197161
-0.0249674
-0.0301857
-0.0353738
-0.0405346
-0.0456709
-0.0507854
-0.0558808
-0.0609597
-0.0660245
-0.0710777
-0.0761217
-0.081159
-0.0861917
-0.0912221
-0.0962524
-0.101285
-0.106321
-0.111364
-0.116415
-0.121477
-0.12655
-0.131638
-0.136742
-0.141864
-0.147007
-0.152171
-0.157359
-0.162574
-0.167817
-0.17309
-0.178395
-0.183735
-0.189112
-0.194528
-0.199985
-0.205486
-0.211033
-0.216627
-0.222271
-0.227967
-0.233715
-0.239518
-0.245374
-0.251284
-0.257247
-0.26326
-0.269319
-0.275421
-0.281558
-0.287723
-0.293904
-0.300091
-0.306268
-0.31242
-0.31853
-0.32458
-0.330552
-0.336432
-0.342209
-0.347883
-0.353469
-0.359005
-0.364561
-0.370257
-0.376277
-0.382891
-0.39047
-0.399503
-0.4106
-0.424456
-0.44179
-0.463203
-0.488963
-0.5187
-0.551027
-0.583157
-0.610658
-0.627544
-0.626933
-0.602346
-0.549371
-0.466981
-0.357744
-0.226728
-0.0795968
0.00406044
0.0322838
0.0777841
0.134079
0.191897
0.243708
0.286281
0.319554
0.34461
0.362505
0.37402
0.379821
0.38063
0.377287
0.370703
0.361782
0.35133
0.340011
0.328321
0.316601
0.305057
0.293797
0.282862
0.272254
0.261952
0.251931
0.242163
0.232627
0.223304
0.214183
0.205253
0.196508
0.187942
0.17955
0.17133
0.163276
0.155385
0.147652
0.140073
0.132643
0.125357
0.11821
0.111197
0.104312
0.0975519
0.0909097
0.0843811
0.0779609
0.0716442
0.0654262
0.0593023
0.0532677
0.0473181
0.041449
0.0356561
0.0299354
0.0242827
0.0186941
0.0131659
0.00769424
0.00227558
-0.0030936
-0.00841672
-0.0136971
-0.018938
-0.0241424
-0.0293136
-0.0344544
-0.0395678
-0.0446566
-0.0497234
-0.0547711
-0.0598021
-0.0648192
-0.0698246
-0.0748209
-0.0798105
-0.0847956
-0.0897785
-0.0947615
-0.0997467
-0.104736
-0.109732
-0.114737
-0.119752
-0.124779
-0.129822
-0.13488
-0.139958
-0.145056
-0.150176
-0.155321
-0.160493
-0.165694
-0.170925
-0.17619
-0.18149
-0.186828
-0.192205
-0.197625
-0.203089
-0.2086
-0.214159
-0.219769
-0.225431
-0.231147
-0.236917
-0.242742
-0.248621
-0.254554
-0.260537
-0.266567
-0.272639
-0.278747
-0.284882
-0.291034
-0.297191
-0.30334
-0.309463
-0.315545
-0.321567
-0.327512
-0.333366
-0.339118
-0.344769
-0.350332
-0.355844
-0.361376
-0.367044
-0.373029
-0.379596
-0.387112
-0.396062
-0.407051
-0.420783
-0.437989
-0.459305
-0.485057
-0.514954
-0.547707
-0.580624
-0.609322
-0.62777
-0.62891
-0.605962
-0.554161
-0.472203
-0.362528
-0.230221
-0.0810085
0.00303341
0.0286006
0.0712626
0.125408
0.182412
0.234584
0.278117
0.312493
0.338604
0.357486
0.369943
0.376644
0.378289
0.375684
0.369711
0.361259
0.351138
0.340026
0.328444
0.316757
0.305198
0.293893
0.282902
0.272234
0.261877
0.251808
0.242001
0.232434
0.223089
0.213951
0.205011
0.196259
0.187692
0.179302
0.171087
0.163041
0.155161
0.147442
0.139878
0.132467
0.125201
0.118077
0.111089
0.104232
0.0974998
0.0908883
0.0843919
0.0780056
0.0717242
0.065543
0.059457
0.0534616
0.0475522
0.0417244
0.0359737
0.030296
0.0246871
0.019143
0.0136599
0.00823403
0.0028616
-0.00246088
-0.00773688
-0.0129698
-0.0181628
-0.0233192
-0.0284421
-0.0335344
-0.038599
-0.0436389
-0.0486568
-0.0536555
-0.0586374
-0.0636053
-0.0685617
-0.0735089
-0.0784494
-0.0833855
-0.0883195
-0.0932537
-0.0981903
-0.103131
-0.108079
-0.113035
-0.118003
-0.122983
-0.127978
-0.13299
-0.138021
-0.143073
-0.148148
-0.153248
-0.158375
-0.163532
-0.16872
-0.173942
-0.179201
-0.184497
-0.189835
-0.195215
-0.20064
-0.206113
-0.211636
-0.217209
-0.222836
-0.228517
-0.234253
-0.240044
-0.245891
-0.25179
-0.25774
-0.263738
-0.269778
-0.275853
-0.281956
-0.288076
-0.294201
-0.300317
-0.306409
-0.312459
-0.31845
-0.324365
-0.330189
-0.335913
-0.341537
-0.347074
-0.352562
-0.358068
-0.363708
-0.36966
-0.376184
-0.383642
-0.392515
-0.403406
-0.41702
-0.434105
-0.455326
-0.481064
-0.511107
-0.544264
-0.577941
-0.60781
-0.627809
-0.630708
-0.609425
-0.558834
-0.477335
-0.367245
-0.233665
-0.0823988
0.00209063
0.0251396
0.0650117
0.1169
0.172891
0.22526
0.269675
0.305142
0.332325
0.352213
0.365627
0.373244
0.375744
0.3739
0.368568
0.360617
0.350857
0.33998
0.328526
0.316889
0.305323
0.293981
0.282933
0.272205
0.26179
0.25167
0.24182
0.232219
0.222848
0.213692
0.204739
0.195981
0.187411
0.179023
0.170813
0.162775
0.154906
0.1472
0.139654
0.132261
0.125017
0.117916
0.110954
0.104124
0.0974224
0.0908424
0.0843792
0.0780277
0.0717827
0.0656392
0.0595923
0.0536371
0.0477691
0.0419836
0.0362762
0.0306427
0.0250787
0.0195803
0.0141435
0.00876449
0.00343949
-0.00183511
-0.0070628
-0.012247
-0.017391
-0.0224981
-0.0275714
-0.0326139
-0.0376286
-0.0426184
-0.0475861
-0.0525343
-0.0574659
-0.0623833
-0.0672892
-0.0721859
-0.077076
-0.0819617
-0.0868454
-0.0917293
-0.0966157
-0.101507
-0.106405
-0.111312
-0.116229
-0.121161
-0.126107
-0.13107
-0.136053
-0.141057
-0.146085
-0.151139
-0.15622
-0.161331
-0.166474
-0.171652
-0.176867
-0.182121
-0.187416
-0.192755
-0.19814
-0.203574
-0.209057
-0.214592
-0.220182
-0.225826
-0.231525
-0.237281
-0.243091
-0.248955
-0.25487
-0.260833
-0.266838
-0.272878
-0.278946
-0.28503
-0.29112
-0.2972
-0.303256
-0.309271
-0.315227
-0.321108
-0.326899
-0.332592
-0.338186
-0.343695
-0.349156
-0.354636
-0.360249
-0.366169
-0.372653
-0.380059
-0.388861
-0.399662
-0.413167
-0.430137
-0.451266
-0.476985
-0.507159
-0.540699
-0.575108
-0.606126
-0.627664
-0.632333
-0.612744
-0.563399
-0.482391
-0.371904
-0.237067
-0.0837698
0.00122815
0.0218975
0.0590429
0.10859
0.163375
0.215764
0.260967
0.297502
0.325768
0.34668
0.361068
0.369614
0.372986
0.371928
0.367264
0.359845
0.350477
0.339861
0.32856
0.31699
0.305431
0.294056
0.282956
0.272167
0.261692
0.251517
0.241622
0.231984
0.222584
0.213406
0.204439
0.195673
0.187099
0.178712
0.170506
0.162477
0.154619
0.146928
0.139398
0.132025
0.124803
0.117727
0.110791
0.10399
0.0973187
0.0907712
0.0843423
0.0780267
0.0718191
0.0657144
0.0597076
0.0537938
0.0479682
0.0422262
0.0365632
0.030975
0.0254571
0.0200056
0.0146162
0.00928525
0.00400884
-0.00121667
-0.00639485
-0.0115292
-0.016623
-0.0216795
-0.026702
-0.0316934
-0.0366569
-0.0415953
-0.0465114
-0.051408
-0.0562878
-0.0611535
-0.0660075
-0.0708524
-0.0756906
-0.0805245
-0.0853564
-0.0901887
-0.0950235
-0.0998632
-0.10471
-0.109566
-0.114433
-0.119313
-0.124209
-0.129122
-0.134055
-0.13901
-0.143989
-0.148994
-0.154028
-0.159092
-0.164189
-0.169321
-0.17449
-0.179699
-0.184951
-0.190247
-0.195589
-0.200981
-0.206423
-0.211918
-0.217468
-0.223072
-0.228733
-0.23445
-0.240223
-0.246049
-0.251926
-0.257851
-0.263818
-0.26982
-0.275849
-0.281895
-0.287945
-0.293987
-0.300004
-0.30598
-0.311898
-0.317741
-0.323496
-0.329154
-0.334715
-0.340194
-0.345626
-0.351078
-0.356663
-0.362553
-0.369001
-0.376359
-0.385099
-0.395817
-0.409222
-0.426084
-0.447123
-0.472819
-0.503113
-0.537012
-0.572128
-0.604272
-0.62734
-0.633789
-0.615925
-0.567865
-0.48738
-0.376514
-0.240432
-0.0851239
0.000441886
0.0188698
0.053364
0.100508
0.153906
0.206128
0.252008
0.289576
0.31893
0.340883
0.356258
0.365748
0.370009
0.369757
0.365788
0.358931
0.349986
0.339662
0.328538
0.317054
0.305515
0.294116
0.282967
0.272118
0.261582
0.251351
0.241406
0.231727
0.222295
0.213094
0.20411
0.195333
0.186755
0.178368
0.170167
0.162146
0.154299
0.146623
0.139111
0.131758
0.124559
0.117508
0.110599
0.103828
0.0971882
0.0906742
0.0842806
0.0780018
0.0718327
0.0657679
0.0598023
0.053931
0.048149
0.0424516
0.0368343
0.0312925
0.0258219
0.0204183
0.0150776
0.00979589
0.00456928
-0.00060595
-0.00573341
-0.0108166
-0.0158589
-0.0208637
-0.0258341
-0.0307733
-0.0356843
-0.0405699
-0.0454332
-0.0502769
-0.0551037
-0.0599162
-0.064717
-0.0695086
-0.0742936
-0.0790743
-0.0838531
-0.0886322
-0.093414
-0.0982007
-0.102995
-0.107798
-0.112612
-0.11744
-0.122284
-0.127146
-0.132028
-0.136932
-0.141861
-0.146816
-0.1518
-0.156815
-0.161863
-0.166947
-0.17207
-0.177233
-0.182438
-0.187689
-0.192987
-0.198335
-0.203734
-0.209187
-0.214694
-0.220258
-0.225877
-0.231553
-0.237285
-0.243071
-0.248907
-0.254791
-0.260717
-0.266678
-0.272665
-0.278669
-0.284677
-0.290676
-0.29665
-0.302584
-0.30846
-0.314262
-0.319977
-0.325597
-0.331123
-0.336568
-0.34197
-0.347394
-0.352951
-0.358812
-0.365227
-0.372542
-0.381226
-0.39187
-0.405183
-0.421944
-0.442896
-0.468565
-0.498967
-0.533207
-0.569003
-0.602249
-0.626838
-0.63508
-0.618975
-0.572243
-0.492315
-0.381088
-0.243769
-0.0864635
-0.000272299
0.0160506
0.0479802
0.0926822
0.144523
0.196387
0.242817
0.281369
0.311809
0.334817
0.351195
0.361641
0.366805
0.36738
0.364131
0.357866
0.349376
0.339372
0.328451
0.317074
0.30557
0.294158
0.282965
0.272059
0.26146
0.251169
0.241172
0.231449
0.221982
0.212754
0.203751
0.194963
0.186378
0.177991
0.169794
0.161781
0.153946
0.146284
0.13879
0.131458
0.124283
0.117258
0.110378
0.103637
0.09703
0.0905505
0.0841933
0.0779526
0.071823
0.0657992
0.059876
0.0540483
0.048311
0.0426595
0.0370889
0.0315947
0.0261726
0.0208181
0.0155273
0.010296
0.00512041
-3.32398e-06
-0.00507884
-0.0101097
-0.0150993
-0.0200511
-0.0249682
-0.0298538
-0.034711
-0.0395427
-0.0443519
-0.0491413
-0.0539137
-0.0586717
-0.063418
-0.0681551
-0.0728854
-0.0776115
-0.0823357
-0.0870603
-0.0917876
-0.0965199
-0.101259
-0.106008
-0.110769
-0.115544
-0.120334
-0.125143
-0.129972
-0.134823
-0.1397
-0.144603
-0.149536
-0.1545
-0.159498
-0.164533
-0.169607
-0.174721
-0.179879
-0.185083
-0.190335
-0.195637
-0.200991
-0.206399
-0.211862
-0.217381
-0.222957
-0.22859
-0.234278
-0.24002
-0.245813
-0.251653
-0.257535
-0.263451
-0.269393
-0.275352
-0.281314
-0.287267
-0.293195
-0.299082
-0.304912
-0.31067
-0.316342
-0.321921
-0.327407
-0.332817
-0.338186
-0.343581
-0.349111
-0.354945
-0.361329
-0.368607
-0.377241
-0.387818
-0.401048
-0.417715
-0.438585
-0.464225
-0.494723
-0.529282
-0.565734
-0.60006
-0.62616
-0.636208
-0.621899
-0.576541
-0.497207
-0.385635
-0.247085
-0.0877913
-0.000918578
0.0134333
0.0428935
0.0851359
0.135268
0.18658
0.233419
0.27289
0.304405
0.328478
0.345871
0.357286
0.363368
0.364788
0.362283
0.356639
0.348633
0.33898
0.328289
0.317041
0.30559
0.294176
0.282947
0.271985
0.261325
0.250973
0.24092
0.23115
0.221644
0.212387
0.203364
0.194561
0.185969
0.17758
0.169386
0.161381
0.153558
0.145912
0.138437
0.131126
0.123975
0.116977
0.110126
0.103417
0.0968434
0.0903996
0.0840798
0.0778782
0.0717894
0.0658078
0.0599281
0.0541451
0.0484538
0.0428492
0.0373265
0.0318812
0.0265087
0.0212047
0.0159649
0.0107853
0.00566186
0.00059083
-0.00443153
-0.00940881
-0.0143445
-0.019242
-0.0241046
-0.0289354
-0.0337375
-0.038514
-0.0432677
-0.0480016
-0.0527182
-0.0574205
-0.0621109
-0.066792
-0.0714664
-0.0761364
-0.0808046
-0.0854732
-0.0901446
-0.0948211
-0.0995049
-0.104198
-0.108903
-0.113623
-0.118358
-0.123112
-0.127886
-0.132684
-0.137506
-0.142357
-0.147236
-0.152148
-0.157095
-0.162078
-0.167101
-0.172165
-0.177274
-0.182428
-0.187632
-0.192886
-0.198192
-0.203553
-0.20897
-0.214443
-0.219973
-0.225559
-0.231201
-0.236897
-0.242643
-0.248436
-0.25427
-0.260138
-0.266032
-0.271941
-0.277854
-0.283757
-0.289635
-0.295472
-0.301253
-0.306962
-0.312587
-0.318122
-0.323567
-0.328939
-0.334274
-0.339638
-0.345141
-0.350949
-0.357306
-0.364551
-0.373142
-0.383661
-0.396816
-0.413396
-0.434187
-0.459797
-0.49038
-0.52524
-0.562322
-0.597704
-0.625307
-0.637176
-0.624702
-0.580768
-0.502067
-0.390168
-0.250388
-0.08911
-0.0015011
0.0110107
0.0381033
0.0778896
0.126181
0.176746
0.223838
0.264149
0.296718
0.321862
0.340284
0.35268
0.359691
0.361972
0.360234
0.355237
0.347747
0.338475
0.328043
0.316948
0.305568
0.294164
0.282908
0.271895
0.261174
0.250761
0.24065
0.23083
0.221283
0.211994
0.202946
0.194128
0.185527
0.177135
0.168944
0.160946
0.153135
0.145505
0.138048
0.13076
0.123634
0.116664
0.109843
0.103167
0.0966277
0.0902206
0.0839394
0.0777781
0.0717312
0.0657929
0.059958
0.054221
0.0485768
0.0430203
0.0375468
0.0321516
0.0268299
0.0215775
0.0163899
0.0112632
0.00619322
0.00117613
-0.00379183
-0.00871431
-0.0135948
-0.0184368
-0.0232436
-0.0280183
-0.0327641
-0.0374841
-0.0421811
-0.0468581
-0.0515178
-0.0561629
-0.060796
-0.0654199
-0.0700369
-0.0746495
-0.0792603
-0.0838715
-0.0884856
-0.0931047
-0.0977313
-0.102368
-0.107016
-0.111678
-0.116357
-0.121055
-0.125773
-0.130515
-0.135282
-0.140077
-0.144902
-0.14976
-0.154653
-0.159583
-0.164553
-0.169566
-0.174622
-0.179726
-0.184879
-0.190083
-0.19534
-0.200651
-0.206018
-0.211442
-0.216923
-0.222461
-0.228054
-0.2337
-0.239397
-0.245139
-0.250923
-0.256739
-0.262581
-0.268437
-0.274297
-0.280146
-0.285969
-0.291753
-0.297481
-0.303138
-0.308713
-0.3142
-0.3196
-0.324932
-0.330231
-0.335564
-0.34104
-0.346824
-0.353157
-0.360375
-0.368928
-0.379398
-0.392486
-0.408987
-0.429703
-0.45528
-0.485939
-0.52108
-0.558767
-0.595183
-0.624279
-0.637985
-0.627388
-0.584932
-0.506907
-0.394698
-0.253686
-0.0904227
-0.00202395
0.00877457
0.0336067
0.0709594
0.117298
0.166927
0.214105
0.255161
0.288752
0.314968
0.334429
0.347817
0.355769
0.358926
0.357975
0.353652
0.346705
0.337846
0.3277
0.316784
0.305494
0.294118
0.282843
0.271786
0.261007
0.250531
0.240361
0.230488
0.220897
0.211573
0.202499
0.193662
0.185051
0.176656
0.168466
0.160476
0.152676
0.145061
0.137625
0.130359
0.123259
0.116317
0.109528
0.102885
0.0963822
0.0900129
0.0837714
0.0776516
0.0716477
0.0657541
0.059965
0.0542752
0.0486794
0.0431724
0.0377493
0.0324053
0.0271357
0.0219361
0.0168021
0.0117294
0.00671413
0.00175221
-0.00316012
-0.00802656
-0.0128507
-0.0176359
-0.0223856
-0.027103
-0.0317912
-0.0364534
-0.0410924
-0.0457112
-0.0503126
-0.0548992
-0.0594739
-0.064039
-0.0685973
-0.0731512
-0.0777032
-0.0822556
-0.0868109
-0.0913713
-0.0959393
-0.100517
-0.105107
-0.109711
-0.114332
-0.118971
-0.123632
-0.128316
-0.133027
-0.137765
-0.142534
-0.147336
-0.152174
-0.157049
-0.161964
-0.166923
-0.171926
-0.176976
-0.182076
-0.187228
-0.192433
-0.197692
-0.203008
-0.20838
-0.213809
-0.219295
-0.224836
-0.230429
-0.236073
-0.241762
-0.247491
-0.253252
-0.259038
-0.264838
-0.27064
-0.276431
-0.282197
-0.287923
-0.293593
-0.299195
-0.304716
-0.310152
-0.315505
-0.320794
-0.326056
-0.331357
-0.336807
-0.342568
-0.34888
-0.356075
-0.364599
-0.375026
-0.388056
-0.404486
-0.425132
-0.450675
-0.481399
-0.516804
-0.555071
-0.592497
-0.623076
-0.638635
-0.629959
-0.58904
-0.511739
-0.399237
-0.256988
-0.0917324
-0.00249109
0.00671668
0.0293989
0.0643572
0.108655
0.157166
0.204255
0.245945
0.280512
0.307794
0.328302
0.342692
0.351596
0.355642
0.355496
0.351871
0.345497
0.337079
0.327249
0.316538
0.305362
0.294028
0.282747
0.271652
0.260819
0.250282
0.240052
0.230125
0.220487
0.211125
0.202022
0.193165
0.184542
0.176141
0.167953
0.159968
0.152181
0.144582
0.137165
0.129923
0.122849
0.115937
0.10918
0.102572
0.096106
0.0897758
0.0835752
0.0774981
0.0715385
0.0656907
0.0599488
0.0543075
0.0487612
0.0433049
0.0379334
0.0326419
0.0274257
0.0222801
0.0172009
0.0121836
0.0072242
0.00231869
-0.00253677
-0.00734592
-0.0121124
-0.0168396
-0.021531
-0.0261898
-0.0308192
-0.0354223
-0.040002
-0.0445614
-0.0491031
-0.05363
-0.0581447
-0.06265
-0.0671482
-0.071642
-0.0761338
-0.080626
-0.0851211
-0.0896214
-0.0941292
-0.0986469
-0.103177
-0.107721
-0.112282
-0.116862
-0.121464
-0.12609
-0.130741
-0.135421
-0.140132
-0.144877
-0.149657
-0.154475
-0.159334
-0.164237
-0.169184
-0.174179
-0.179224
-0.184321
-0.189471
-0.194677
-0.199938
-0.205256
-0.21063
-0.216061
-0.221546
-0.227084
-0.232671
-0.238303
-0.243974
-0.249676
-0.255402
-0.261141
-0.266882
-0.272611
-0.278315
-0.283979
-0.289589
-0.295131
-0.300595
-0.305977
-0.31128
-0.316524
-0.321747
-0.327016
-0.33244
-0.338181
-0.344475
-0.351652
-0.360152
-0.370544
-0.383525
-0.399891
-0.420472
-0.44598
-0.476762
-0.51241
-0.551232
-0.589644
-0.621696
-0.639126
-0.632419
-0.5931
-0.516572
-0.403797
-0.260304
-0.0930427
-0.00290633
0.00482832
0.0254728
0.058091
0.100283
0.147507
0.194324
0.236523
0.272009
0.300342
0.321902
0.337302
0.347167
0.352115
0.35279
0.349884
0.34411
0.336163
0.326678
0.316199
0.305159
0.293887
0.282613
0.27149
0.260607
0.250012
0.239722
0.229738
0.220052
0.210649
0.201515
0.192636
0.183998
0.175591
0.167402
0.159424
0.151648
0.144065
0.136669
0.129451
0.122404
0.115523
0.108799
0.102227
0.0957985
0.0895085
0.08335
0.0773168
0.0714028
0.0656021
0.0599087
0.0543171
0.0488217
0.0434173
0.0380988
0.0328611
0.0276994
0.0226092
0.0175859
0.0126253
0.00772303
0.00287519
-0.00192215
-0.00667277
-0.0113803
-0.0160483
-0.0206801
-0.025279
-0.0298483
-0.0343911
-0.0389103
-0.0434089
-0.0478897
-0.0523556
-0.0568091
-0.061253
-0.0656899
-0.0701222
-0.0745525
-0.0789832
-0.0834167
-0.0878554
-0.0923017
-0.096758
-0.101226
-0.10571
-0.11021
-0.114729
-0.11927
-0.123835
-0.128426
-0.133046
-0.137697
-0.142383
-0.147104
-0.151863
-0.156664
-0.161508
-0.166398
-0.171336
-0.176323
-0.181363
-0.186456
-0.191604
-0.196808
-0.202069
-0.207386
-0.212758
-0.218185
-0.223664
-0.22919
-0.234761
-0.24037
-0.24601
-0.251672
-0.257346
-0.263021
-0.268685
-0.274323
-0.279921
-0.285466
-0.290944
-0.296348
-0.301672
-0.306923
-0.31212
-0.317303
-0.322539
-0.327937
-0.333659
-0.33994
-0.347103
-0.355587
-0.365953
-0.378892
-0.395203
-0.415723
-0.441196
-0.472026
-0.5079
-0.547252
-0.586624
-0.620139
-0.639456
-0.634769
-0.597118
-0.52142
-0.408392
-0.263644
-0.0943572
-0.00327331
0.00310072
0.0218204
0.052165
0.0922087
0.137992
0.184353
0.226921
0.263253
0.292614
0.315226
0.331643
0.342478
0.348337
0.349849
0.347683
0.342533
0.335085
0.325975
0.315755
0.304875
0.293685
0.282434
0.271293
0.260367
0.249716
0.239368
0.229327
0.21959
0.210145
0.200978
0.192074
0.18342
0.175005
0.166816
0.158843
0.151078
0.143511
0.136135
0.128941
0.121923
0.115073
0.108384
0.101848
0.095459
0.0892103
0.0830952
0.0771073
0.0712401
0.0654877
0.0598441
0.0543035
0.0488603
0.0435092
0.0382448
0.0330622
0.0279565
0.0229229
0.0179569
0.0130541
0.00821026
0.00342134
-0.00131663
-0.00600746
-0.0106548
-0.0152623
-0.0198333
-0.0243711
-0.0288791
-0.0333602
-0.0378176
-0.0422542
-0.0466729
-0.0510764
-0.0554675
-0.0598488
-0.0642229
-0.0685924
-0.0729599
-0.0773277
-0.0816983
-0.086074
-0.0904574
-0.0948508
-0.0992564
-0.103677
-0.108114
-0.112571
-0.11705
-0.121552
-0.126082
-0.13064
-0.13523
-0.139854
-0.144515
-0.149214
-0.153954
-0.158738
-0.163568
-0.168446
-0.173374
-0.178354
-0.183387
-0.188475
-0.193619
-0.19882
-0.204076
-0.209387
-0.214751
-0.220167
-0.22563
-0.231136
-0.236678
-0.242251
-0.247845
-0.253451
-0.259056
-0.26465
-0.270217
-0.275746
-0.281222
-0.286633
-0.291972
-0.297236
-0.302432
-0.307581
-0.312722
-0.317925
-0.323298
-0.329004
-0.335273
-0.342429
-0.350902
-0.361249
-0.374156
-0.390419
-0.410885
-0.436322
-0.467192
-0.503274
-0.543129
-0.583436
-0.618402
-0.639624
-0.637008
-0.6011
-0.526294
-0.413035
-0.267017
-0.0956797
-0.0035954
0.00152506
0.0184318
0.0465797
0.0844548
0.128662
0.174384
0.217171
0.25426
0.284616
0.308274
0.325714
0.337525
0.344304
0.346665
0.345256
0.340754
0.333833
0.325126
0.315193
0.304499
0.293412
0.2822
0.271053
0.260093
0.249392
0.238986
0.22889
0.219101
0.209612
0.200409
0.191479
0.182808
0.174383
0.166192
0.158224
0.150469
0.142919
0.135563
0.128395
0.121405
0.114587
0.107933
0.101435
0.0950868
0.0888807
0.0828103
0.0768688
0.0710498
0.0653471
0.0597546
0.0542663
0.0488767
0.0435801
0.0383712
0.033245
0.0281964
0.0232207
0.0183133
0.0134696
0.00868549
0.00395675
-0.000720584
-0.00535037
-0.00993633
-0.014482
-0.018991
-0.0234665
-0.0279118
-0.0323301
-0.0367244
-0.0410978
-0.045453
-0.0497929
-0.0541202
-0.0584376
-0.0627478
-0.0670532
-0.0713565
-0.07566
-0.0799663
-0.0842778
-0.0885969
-0.092926
-0.0972674
-0.101624
-0.105997
-0.11039
-0.114805
-0.119244
-0.12371
-0.128205
-0.132732
-0.137292
-0.14189
-0.146526
-0.151204
-0.155926
-0.160694
-0.165509
-0.170375
-0.175293
-0.180264
-0.18529
-0.190371
-0.195507
-0.200699
-0.205945
-0.211244
-0.216593
-0.221988
-0.227425
-0.232898
-0.238399
-0.243921
-0.249453
-0.254985
-0.260504
-0.265997
-0.271451
-0.276854
-0.282195
-0.287466
-0.292667
-0.297805
-0.302903
-0.308002
-0.313171
-0.318521
-0.324212
-0.330475
-0.337628
-0.346097
-0.356434
-0.369317
-0.38554
-0.405956
-0.431358
-0.462259
-0.498531
-0.538863
-0.580079
-0.616481
-0.639625
-0.639137
-0.605051
-0.531205
-0.41774
-0.270435
-0.0970145
-0.00387576
9.26328e-05
0.0152967
0.0413325
0.0770396
0.119557
0.164461
0.207305
0.245051
0.276355
0.301047
0.319512
0.332304
0.34001
0.343231
0.342595
0.338762
0.332393
0.324117
0.314499
0.304018
0.293056
0.281902
0.270764
0.259779
0.249034
0.238575
0.228423
0.218583
0.209048
0.199809
0.190851
0.18216
0.173724
0.16553
0.157566
0.149822
0.142288
0.134953
0.12781
0.12085
0.114065
0.107447
0.100988
0.0946813
0.0885191
0.0824945
0.0766008
0.0708313
0.0651796
0.0596395
0.054205
0.0488702
0.0436295
0.0384775
0.0334089
0.0284189
0.0235023
0.0186547
0.0138715
0.00914835
0.00448106
-0.000134386
-0.00470188
-0.00922518
-0.0137079
-0.0181535
-0.0225654
-0.0269469
-0.0313011
-0.0356312
-0.03994
-0.0442305
-0.0485055
-0.0527678
-0.0570201
-0.061265
-0.065505
-0.0697428
-0.0739808
-0.0782215
-0.0824674
-0.0867208
-0.0909842
-0.09526
-0.0995506
-0.103858
-0.108186
-0.112535
-0.116909
-0.12131
-0.12574
-0.130202
-0.134698
-0.139231
-0.143803
-0.148416
-0.153073
-0.157776
-0.162528
-0.167329
-0.172181
-0.177087
-0.182047
-0.187062
-0.192132
-0.197256
-0.202433
-0.207663
-0.212941
-0.218264
-0.223628
-0.229027
-0.234453
-0.239898
-0.245352
-0.250805
-0.256245
-0.261659
-0.267035
-0.272361
-0.277627
-0.282828
-0.287962
-0.29304
-0.298086
-0.303141
-0.308278
-0.313605
-0.319284
-0.325543
-0.332699
-0.341171
-0.351505
-0.364373
-0.380565
-0.400937
-0.426303
-0.457228
-0.493671
-0.534453
-0.576549
-0.614374
-0.639456
-0.641152
-0.608974
-0.536163
-0.422521
-0.27391
-0.0983662
-0.00411731
-0.00120515
0.0124035
0.036418
0.0699766
0.110711
0.154629
0.197363
0.23565
0.267844
0.29355
0.313037
0.326814
0.335453
0.339541
0.339692
0.336548
0.330754
0.322936
0.313661
0.303418
0.292605
0.281529
0.270414
0.259417
0.248635
0.238128
0.227924
0.218033
0.208453
0.199175
0.190188
0.181477
0.173029
0.164831
0.15687
0.149136
0.141617
0.134304
0.127187
0.120257
0.113506
0.106925
0.100506
0.094242
0.0881248
0.0821474
0.0763028
0.0705841
0.0649848
0.0594985
0.054119
0.0488404
0.0436569
0.0385631
0.0335536
0.0286234
0.0237674
0.0189809
0.0142594
0.00959846
0.00499389
0.000441588
-0.00406236
-0.00852175
-0.0129402
-0.0173213
-0.0216684
-0.0259848
-0.0302737
-0.0345382
-0.0387813
-0.0430059
-0.0472148
-0.0514108
-0.0555967
-0.0597751
-0.0639485
-0.0681195
-0.0722907
-0.0764645
-0.0806434
-0.0848298
-0.0890262
-0.093235
-0.0974585
-0.101699
-0.10596
-0.110242
-0.114549
-0.118883
-0.123246
-0.127642
-0.132071
-0.136537
-0.141043
-0.145589
-0.15018
-0.154816
-0.1595
-0.164234
-0.169019
-0.173856
-0.178748
-0.183693
-0.188692
-0.193745
-0.19885
-0.204006
-0.20921
-0.214457
-0.219744
-0.225064
-0.230409
-0.235773
-0.241145
-0.246515
-0.251871
-0.257202
-0.262495
-0.26774
-0.272928
-0.278054
-0.28312
-0.288136
-0.293127
-0.298138
-0.303242
-0.308548
-0.314218
-0.320478
-0.327641
-0.336124
-0.346463
-0.359324
-0.375492
-0.395826
-0.421158
-0.452099
-0.488695
-0.529899
-0.572845
-0.612075
-0.639111
-0.643052
-0.612873
-0.541181
-0.427395
-0.277453
-0.0997397
-0.00432274
-0.00237673
0.00974051
0.0318283
0.0632744
0.102157
0.144932
0.187384
0.226084
0.259097
0.285788
0.306289
0.321053
0.330628
0.33559
0.33654
0.334099
0.328904
0.321569
0.312664
0.302686
0.292046
0.281068
0.269996
0.258998
0.24819
0.237641
0.227388
0.217448
0.207823
0.198507
0.18949
0.180757
0.172296
0.164093
0.156135
0.148411
0.140908
0.133616
0.126525
0.119626
0.11291
0.106366
0.0999888
0.0937684
0.0876975
0.0817685
0.0759743
0.0703078
0.0647622
0.059331
0.0540079
0.0487869
0.0436621
0.0386278
0.0336787
0.0288095
0.0240154
0.0192913
0.0146329
0.0100354
0.00549486
0.00100696
-0.0034322
-0.00782644
-0.0121795
-0.0164948
-0.0207758
-0.0250259
-0.0292483
-0.0334461
-0.0376222
-0.0417796
-0.0459213
-0.0500498
-0.0541681
-0.0582787
-0.0623842
-0.0664872
-0.0705903
-0.0746959
-0.0788066
-0.0829247
-0.0870527
-0.091193
-0.0953481
-0.0995205
-0.103712
-0.107926
-0.112165
-0.11643
-0.120725
-0.125052
-0.129413
-0.13381
-0.138247
-0.142725
-0.147246
-0.151813
-0.156427
-0.161091
-0.165805
-0.170571
-0.175391
-0.180263
-0.185188
-0.190166
-0.195195
-0.200274
-0.205398
-0.210565
-0.21577
-0.221007
-0.226268
-0.231545
-0.23683
-0.242112
-0.24738
-0.252623
-0.257829
-0.262989
-0.268096
-0.273144
-0.278138
-0.283089
-0.288025
-0.292992
-0.298064
-0.30335
-0.309013
-0.315278
-0.322455
-0.330954
-0.341306
-0.354169
-0.370321
-0.390623
-0.415921
-0.44687
-0.483602
-0.5252
-0.568964
-0.609581
-0.638584
-0.644831
-0.61675
-0.546268
-0.432375
-0.28108
-0.10114
-0.00449465
-0.00343051
0.00729522
0.0275534
0.0569376
0.093923
0.135414
0.177413
0.216386
0.250133
0.27777
0.299272
0.31502
0.325533
0.331374
0.33313
0.331409
0.32683
0.320002
0.311493
0.301806
0.291365
0.280509
0.269496
0.258514
0.24769
0.237106
0.22681
0.216824
0.207156
0.197802
0.188754
0.18
0.171525
0.163317
0.155361
0.147646
0.140159
0.132888
0.125824
0.118957
0.112275
0.105771
0.0994355
0.09326
0.0872366
0.0813574
0.0756149
0.0700018
0.0645114
0.0591367
0.0538714
0.0487093
0.0436445
0.0386711
0.0337837
0.028977
0.024246
0.0195857
0.0149915
0.0104589
0.0059836
0.00156136
-0.00281177
-0.00713964
-0.011426
-0.0156743
-0.0198881
-0.0240707
-0.0282254
-0.0323552
-0.0364632
-0.0405523
-0.0446254
-0.0486853
-0.0527347
-0.0567763
-0.0608128
-0.0648466
-0.0688803
-0.0729165
-0.0769576
-0.081006
-0.0850643
-0.0891349
-0.0932202
-0.0973226
-0.101445
-0.105589
-0.109757
-0.113952
-0.118177
-0.122433
-0.126724
-0.13105
-0.135416
-0.139823
-0.144272
-0.148767
-0.153309
-0.1579
-0.16254
-0.167232
-0.171976
-0.176772
-0.181619
-0.186518
-0.191467
-0.196464
-0.201505
-0.206587
-0.211706
-0.216854
-0.222026
-0.227212
-0.232405
-0.237595
-0.24277
-0.24792
-0.253035
-0.258106
-0.263127
-0.268094
-0.273014
-0.277899
-0.282779
-0.287701
-0.292741
-0.29801
-0.303669
-0.309944
-0.317139
-0.325662
-0.336035
-0.348909
-0.365053
-0.385327
-0.410593
-0.441543
-0.478391
-0.520354
-0.564904
-0.606885
-0.637868
-0.646484
-0.620605
-0.551435
-0.43748
-0.284803
-0.102574
-0.00463557
-0.00437492
0.00505494
0.0235818
0.0509668
0.0860309
0.126117
0.167495
0.206593
0.240975
0.269508
0.291991
0.308716
0.320166
0.326889
0.329458
0.328466
0.324522
0.318223
0.310135
0.300765
0.290547
0.279835
0.268903
0.257952
0.247126
0.236517
0.226184
0.216157
0.206448
0.197058
0.18798
0.179203
0.170715
0.1625
0.154547
0.146841
0.139369
0.132121
0.125084
0.118248
0.111603
0.105138
0.0988459
0.0927165
0.0867418
0.0809136
0.0752241
0.0696659
0.0642319
0.0589152
0.0537091
0.0486073
0.0436038
0.0386927
0.0338683
0.0291255
0.0244589
0.0198637
0.0153351
0.0108686
0.00645974
0.00210441
-0.00220146
-0.00646173
-0.0106802
-0.0148603
-0.0190057
-0.0231196
-0.0272054
-0.0312661
-0.0353047
-0.0393244
-0.0433278
-0.0473178
-0.0512973
-0.0552687
-0.0592348
-0.0631982
-0.0671614
-0.0711269
-0.0750971
-0.0790747
-0.083062
-0.0870614
-0.0910754
-0.0951065
-0.099157
-0.103229
-0.107326
-0.111449
-0.115602
-0.119786
-0.124004
-0.128258
-0.13255
-0.136883
-0.141259
-0.145679
-0.150146
-0.15466
-0.159224
-0.163838
-0.168503
-0.173218
-0.177985
-0.182801
-0.187665
-0.192576
-0.197529
-0.202522
-0.207549
-0.212604
-0.217681
-0.222772
-0.227868
-0.23296
-0.238037
-0.243091
-0.24811
-0.253088
-0.25802
-0.262903
-0.267746
-0.272563
-0.277386
-0.282263
-0.287273
-0.292526
-0.298186
-0.304474
-0.311694
-0.320247
-0.330649
-0.343542
-0.359687
-0.37994
-0.405173
-0.436117
-0.473064
-0.515361
-0.560661
-0.603981
-0.636954
-0.648003
-0.624437
-0.556691
-0.442724
-0.288639
-0.104047
-0.00474822
-0.00521867
0.00300655
0.0199009
0.0453592
0.0784992
0.117079
0.157676
0.196743
0.23165
0.261016
0.284452
0.302143
0.314527
0.322132
0.325517
0.325265
0.321969
0.316218
0.308574
0.299547
0.289578
0.279034
0.268203
0.257301
0.246487
0.235865
0.225504
0.215441
0.205695
0.196271
0.187165
0.178366
0.169864
0.161643
0.153692
0.145995
0.138539
0.131313
0.124304
0.1175
0.110892
0.104468
0.0982199
0.0921377
0.0862129
0.0804369
0.0748017
0.0692998
0.0639236
0.0586661
0.0535205
0.0484805
0.0435397
0.0386922
0.0339323
0.0292546
0.0246538
0.0201249
0.0156632
0.011264
0.00692294
0.00263575
-0.00160163
-0.00579311
-0.00994244
-0.0140532
-0.018129
-0.0221731
-0.0261888
-0.0301792
-0.0341474
-0.0380964
-0.042029
-0.045948
-0.0498563
-0.0537564
-0.0576511
-0.0615428
-0.0654342
-0.0693278
-0.073226
-0.0771313
-0.0810462
-0.0849732
-0.0889146
-0.0928728
-0.0968503
-0.100849
-0.104873
-0.108923
-0.113001
-0.117111
-0.121254
-0.125433
-0.12965
-0.133907
-0.138206
-0.142549
-0.146937
-0.151373
-0.155856
-0.160389
-0.164971
-0.169602
-0.174283
-0.179012
-0.183788
-0.188608
-0.193468
-0.198367
-0.203297
-0.208255
-0.213232
-0.218222
-0.223216
-0.228206
-0.233181
-0.238132
-0.243052
-0.247933
-0.252772
-0.257569
-0.262333
-0.267081
-0.271846
-0.276679
-0.281659
-0.286899
-0.292562
-0.298868
-0.306119
-0.31471
-0.325149
-0.338068
-0.354221
-0.374459
-0.399662
-0.430593
-0.467619
-0.51022
-0.556232
-0.600864
-0.635832
-0.649379
-0.628245
-0.562046
-0.448127
-0.292602
-0.105565
-0.00483559
-0.00597094
0.0011365
0.0164969
0.0401095
0.0713418
0.108336
0.148003
0.186881
0.222191
0.252314
0.276665
0.295306
0.308617
0.3171
0.321303
0.321796
0.319161
0.313976
0.306798
0.298137
0.288442
0.27809
0.267381
0.256549
0.245763
0.23514
0.22476
0.214669
0.204892
0.195437
0.186304
0.177485
0.16897
0.160744
0.152795
0.145107
0.137668
0.130464
0.123483
0.116713
0.110142
0.10376
0.0975571
0.0915233
0.0856495
0.079927
0.0743476
0.0689031
0.0635861
0.0583892
0.0533056
0.0483286
0.0434519
0.0386694
0.0339752
0.029364
0.0248303
0.0203691
0.0159755
0.0116449
0.00737284
0.00315501
-0.00101268
-0.00513416
-0.00921321
-0.0132535
-0.0172585
-0.0212316
-0.0251761
-0.0290951
-0.0329917
-0.0368689
-0.0407296
-0.0445765
-0.0484124
-0.0522401
-0.0560621
-0.0598811
-0.0636995
-0.0675199
-0.0713448
-0.0751767
-0.0790179
-0.082871
-0.0867383
-0.0906222
-0.0945252
-0.0984496
-0.102398
-0.106372
-0.110375
-0.114408
-0.118475
-0.122577
-0.126716
-0.130894
-0.135114
-0.139376
-0.143683
-0.148036
-0.152436
-0.156884
-0.161379
-0.165923
-0.170514
-0.175152
-0.179834
-0.184558
-0.189322
-0.194121
-0.19895
-0.203804
-0.208677
-0.213561
-0.218448
-0.22333
-0.228198
-0.233043
-0.237859
-0.242639
-0.247382
-0.25209
-0.256773
-0.26145
-0.266156
-0.270946
-0.275898
-0.281128
-0.286797
-0.293127
-0.300414
-0.30905
-0.319534
-0.332489
-0.348658
-0.368886
-0.394058
-0.424969
-0.462056
-0.50493
-0.551614
-0.597525
-0.634493
-0.6506
-0.632023
-0.567507
-0.453705
-0.296711
-0.107138
-0.00490123
-0.00664172
-0.000569368
0.0133554
0.0352101
0.0645685
0.0999204
0.138522
0.177052
0.212631
0.243425
0.268643
0.28821
0.302437
0.311794
0.316814
0.318055
0.316089
0.311484
0.304791
0.296519
0.287123
0.276987
0.266424
0.255681
0.24494
0.234332
0.223944
0.213834
0.204031
0.194551
0.185395
0.176558
0.168031
0.159802
0.151855
0.144178
0.136755
0.129575
0.122622
0.115886
0.109353
0.103014
0.0968575
0.0908731
0.0850516
0.0793839
0.0738613
0.0684757
0.0632192
0.0580844
0.0530641
0.0481515
0.0433402
0.038624
0.033997
0.0294535
0.0249882
0.0205959
0.0162717
0.012011
0.00780913
0.00366187
-0.00043494
-0.00448525
-0.00849288
-0.0124615
-0.0163946
-0.0202956
-0.0241677
-0.0280143
-0.0318382
-0.0356425
-0.0394301
-0.0432038
-0.0469663
-0.0507204
-0.0544686
-0.0582136
-0.0619579
-0.0657039
-0.0694543
-0.0732114
-0.0769776
-0.0807555
-0.0845473
-0.0883554
-0.0921823
-0.0960302
-0.0999015
-0.103799
-0.107723
-0.111679
-0.115666
-0.119688
-0.123747
-0.127844
-0.131982
-0.136161
-0.140384
-0.144651
-0.148964
-0.153322
-0.157728
-0.162179
-0.166676
-0.171218
-0.175802
-0.180426
-0.185087
-0.189782
-0.194505
-0.199251
-0.204014
-0.208786
-0.213561
-0.21833
-0.223086
-0.227821
-0.232528
-0.237205
-0.241848
-0.246464
-0.251064
-0.255669
-0.260317
-0.265064
-0.26999
-0.275213
-0.280893
-0.287251
-0.294581
-0.303268
-0.313805
-0.326803
-0.342995
-0.363219
-0.388363
-0.419247
-0.456376
-0.49949
-0.546804
-0.593958
-0.632923
-0.651654
-0.635765
-0.573081
-0.459476
-0.300984
-0.108771
-0.00494936
-0.00724203
-0.00212595
0.0104615
0.030652
0.0581855
0.0918604
0.129278
0.167305
0.203013
0.234377
0.260402
0.280865
0.29599
0.306212
0.312045
0.314036
0.312745
0.308732
0.302541
0.29468
0.285605
0.275708
0.265315
0.254682
0.244005
0.233427
0.223046
0.212926
0.203106
0.193606
0.184432
0.175581
0.167045
0.158813
0.15087
0.143204
0.1358
0.128643
0.12172
0.115018
0.108526
0.10223
0.0961208
0.090187
0.084419
0.0788073
0.073343
0.0680175
0.0628229
0.0577514
0.0527957
0.0479489
0.0432044
0.0385558
0.0339972
0.0295228
0.0251272
0.0208051
0.0165516
0.0123619
0.0082315
0.00415599
0.00013124
-0.00384675
-0.00778181
-0.0116776
-0.0155377
-0.0193655
-0.0231642
-0.0269371
-0.0306873
-0.0344176
-0.0381311
-0.0418304
-0.0455184
-0.0491978
-0.0528711
-0.056541
-0.06021
-0.0638805
-0.0675551
-0.0712361
-0.074926
-0.0786272
-0.082342
-0.0860729
-0.089822
-0.0935917
-0.0973844
-0.101202
-0.105047
-0.108922
-0.112829
-0.116769
-0.120744
-0.124757
-0.12881
-0.132903
-0.137038
-0.141216
-0.145437
-0.149704
-0.154015
-0.15837
-0.162768
-0.167209
-0.17169
-0.176209
-0.180763
-0.185348
-0.189959
-0.194592
-0.199239
-0.203895
-0.208553
-0.213205
-0.217844
-0.222463
-0.227059
-0.231627
-0.236168
-0.24069
-0.245205
-0.249738
-0.254328
-0.259033
-0.263935
-0.269153
-0.274849
-0.28124
-0.288619
-0.297365
-0.307961
-0.321011
-0.337234
-0.35746
-0.382577
-0.413426
-0.450579
-0.493898
-0.541798
-0.590155
-0.63111
-0.652527
-0.639463
-0.578773
-0.465459
-0.30544
-0.110475
-0.00498511
-0.00778417
-0.00354908
0.00779965
0.0264253
0.0521963
0.0841801
0.120314
0.157687
0.193378
0.225202
0.251963
0.27328
0.289283
0.300357
0.306995
0.309733
0.309121
0.305709
0.300035
0.292603
0.283872
0.274239
0.264038
0.253537
0.242945
0.232413
0.222053
0.211936
0.202109
0.192597
0.18341
0.174549
0.166007
0.157775
0.149839
0.142185
0.1348
0.127668
0.120776
0.114111
0.107658
0.101408
0.0953468
0.0894649
0.0837516
0.0781972
0.0727924
0.0675284
0.062397
0.0573901
0.0525005
0.0477208
0.0430444
0.0384648
0.0339759
0.0295719
0.0252472
0.0209965
0.0168149
0.0126975
0.00863968
0.0046371
0.000685549
-0.00321899
-0.00708036
-0.0109023
-0.0146882
-0.0184417
-0.022166
-0.0258642
-0.0295395
-0.0331948
-0.0368331
-0.040457
-0.0440694
-0.047673
-0.0512703
-0.0548639
-0.0584563
-0.0620501
-0.0656476
-0.0692513
-0.0728636
-0.0764867
-0.0801231
-0.083775
-0.0874448
-0.0911346
-0.0948468
-0.0985834
-0.102347
-0.106139
-0.109962
-0.113817
-0.117707
-0.121633
-0.125597
-0.129601
-0.133645
-0.13773
-0.141857
-0.146027
-0.150239
-0.154493
-0.158789
-0.163124
-0.167498
-0.171907
-0.176348
-0.180818
-0.185312
-0.189826
-0.194353
-0.198887
-0.203422
-0.207951
-0.212469
-0.216969
-0.221448
-0.225905
-0.230342
-0.234767
-0.239196
-0.243657
-0.248189
-0.252853
-0.257734
-0.262951
-0.268666
-0.275096
-0.28253
-0.291341
-0.302005
-0.315114
-0.331375
-0.351607
-0.376698
-0.407507
-0.444665
-0.488155
-0.536593
-0.586107
-0.62904
-0.6532
-0.643104
-0.584587
-0.471673
-0.3101
-0.112258
-0.00501456
-0.00828183
-0.00485563
0.00535378
0.022519
0.0466023
0.0769004
0.111669
0.148249
0.183773
0.215934
0.243349
0.265471
0.282322
0.294231
0.301665
0.305144
0.305211
0.302407
0.297261
0.290276
0.281908
0.272561
0.262576
0.25223
0.241742
0.231277
0.220953
0.210852
0.201029
0.191514
0.182321
0.173456
0.164913
0.156684
0.148757
0.141119
0.133754
0.126649
0.11979
0.113161
0.106751
0.100546
0.0945353
0.0887065
0.0830492
0.0775534
0.0722095
0.0670083
0.0619414
0.0570006
0.0521782
0.047467
0.04286
0.0383507
0.0339328
0.0296004
0.0253479
0.02117
0.0170614
0.0130175
0.00903344
0.00510493
0.00122771
-0.00260226
-0.00638884
-0.0101358
-0.0138466
-0.0175247
-0.0211734
-0.0247959
-0.0283953
-0.0319745
-0.0355365
-0.039084
-0.0426197
-0.0461463
-0.0496665
-0.0531827
-0.0566975
-0.0602133
-0.0637325
-0.0672575
-0.0707907
-0.0743343
-0.0778907
-0.0814622
-0.0850509
-0.088659
-0.0922888
-0.0959422
-0.0996215
-0.103329
-0.107065
-0.110834
-0.114635
-0.118472
-0.122344
-0.126255
-0.130204
-0.134193
-0.138221
-0.14229
-0.1464
-0.150549
-0.154737
-0.158962
-0.163223
-0.167516
-0.17184
-0.17619
-0.180562
-0.184951
-0.189352
-0.193759
-0.198166
-0.202568
-0.20696
-0.211336
-0.215695
-0.220037
-0.224367
-0.228694
-0.233037
-0.237424
-0.241899
-0.246524
-0.251387
-0.256607
-0.262345
-0.26882
-0.276314
-0.285197
-0.295937
-0.309111
-0.325418
-0.345662
-0.370727
-0.40149
-0.438633
-0.48226
-0.531186
-0.581806
-0.626698
-0.653654
-0.646673
-0.590523
-0.478136
-0.314987
-0.114131
-0.0050448
-0.00875009
-0.00606349
0.00310726
0.0189219
0.041403
0.0700387
0.103382
0.139041
0.174247
0.206615
0.234588
0.257455
0.275118
0.287839
0.296053
0.300267
0.301009
0.298815
0.294208
0.287683
0.279698
0.270659
0.260912
0.250743
0.240382
0.230002
0.219732
0.209663
0.199856
0.190348
0.181159
0.172296
0.163757
0.155536
0.147622
0.140002
0.132661
0.125585
0.118759
0.112169
0.105803
0.0996456
0.0936857
0.0879114
0.0823116
0.0768758
0.0715941
0.0664571
0.0614561
0.0565827
0.051829
0.0471876
0.0426513
0.0382136
0.0338679
0.0296084
0.0254294
0.0213253
0.017291
0.0133217
0.00941258
0.00555927
0.00175749
-0.00199682
-0.00570754
-0.0093784
-0.013013
-0.0166147
-0.0201868
-0.0237326
-0.027255
-0.0307571
-0.0342418
-0.0377117
-0.0411697
-0.0446183
-0.0480602
-0.0514978
-0.0549337
-0.0583703
-0.0618099
-0.0652549
-0.0687076
-0.0721703
-0.0756452
-0.0791345
-0.0826403
-0.0861649
-0.0897103
-0.0932784
-0.0968714
-0.100491
-0.104139
-0.107818
-0.111528
-0.115271
-0.11905
-0.122864
-0.126715
-0.130603
-0.134529
-0.138493
-0.142495
-0.146535
-0.15061
-0.15472
-0.158863
-0.163036
-0.167237
-0.171461
-0.175705
-0.179964
-0.184234
-0.188509
-0.192784
-0.197054
-0.201315
-0.205563
-0.209799
-0.214024
-0.218244
-0.222471
-0.226726
-0.231041
-0.23546
-0.240049
-0.244896
-0.250121
-0.255889
-0.262412
-0.269974
-0.278936
-0.289757
-0.303005
-0.319362
-0.339623
-0.364664
-0.395373
-0.432484
-0.476212
-0.525573
-0.577245
-0.624067
-0.653869
-0.650154
-0.596581
-0.484865
-0.320123
-0.116104
-0.00508384
-0.00920518
-0.00719136
0.00104304
0.0156221
0.0365964
0.0636094
0.095485
0.130108
0.16485
0.197286
0.225713
0.249252
0.267682
0.281187
0.290164
0.295098
0.296511
0.294928
0.290865
0.284813
0.277228
0.268516
0.259029
0.24906
0.238847
0.228573
0.218376
0.208355
0.198579
0.18909
0.179914
0.171061
0.162534
0.154327
0.14643
0.138831
0.131516
0.124472
0.117682
0.111134
0.104812
0.0987046
0.0927976
0.0870794
0.0815385
0.0761642
0.0709461
0.0658748
0.0609411
0.0561364
0.0514527
0.0468824
0.0424182
0.0380533
0.0337812
0.0295958
0.0254914
0.0214624
0.0175036
0.01361
0.00977696
0.00599995
0.00227471
-0.00140286
-0.00503666
-0.00863043
-0.0121877
-0.015712
-0.0192065
-0.0226745
-0.026119
-0.0295429
-0.0329492
-0.0363405
-0.0397196
-0.0430892
-0.0464517
-0.0498096
-0.0531654
-0.0565215
-0.0598802
-0.0632438
-0.0666146
-0.0699947
-0.0733865
-0.0767919
-0.0802131
-0.0836522
-0.0871111
-0.0905917
-0.0940961
-0.0976259
-0.101183
-0.104769
-0.108385
-0.112032
-0.115713
-0.119427
-0.123176
-0.12696
-0.130779
-0.134634
-0.138525
-0.142449
-0.146408
-0.150398
-0.154418
-0.158465
-0.162537
-0.166631
-0.170742
-0.174866
-0.178999
-0.183136
-0.187274
-0.191407
-0.195533
-0.19965
-0.203759
-0.207864
-0.211972
-0.216099
-0.220267
-0.224509
-0.228874
-0.233428
-0.238262
-0.243498
-0.249298
-0.255877
-0.263511
-0.272557
-0.283467
-0.296794
-0.313209
-0.333491
-0.358509
-0.389159
-0.426217
-0.47001
-0.519753
-0.572413
-0.621132
-0.653819
-0.653524
-0.602757
-0.49188
-0.325534
-0.118191
-0.00514044
-0.00966412
-0.00825836
-0.000856149
0.0126073
0.0321793
0.057624
0.0880096
0.121498
0.155634
0.187996
0.216758
0.240887
0.260029
0.274283
0.283998
0.289639
0.291713
0.290738
0.287222
0.281653
0.274482
0.266116
0.25691
0.247163
0.23712
0.226973
0.216869
0.206914
0.197183
0.187727
0.178576
0.169744
0.161236
0.153048
0.145174
0.137601
0.130317
0.123308
0.116557
0.110053
0.103779
0.0977223
0.09187
0.0862097
0.0807294
0.0754181
0.0702653
0.065261
0.0603961
0.0556616
0.0510493
0.0465514
0.0421606
0.0378698
0.0336725
0.0295625
0.0255339
0.0215812
0.017699
0.0138823
0.0101265
0.00642687
0.00277924
-0.000820537
-0.00437637
-0.007892
-0.011371
-0.0148168
-0.0182327
-0.0216219
-0.0249874
-0.0283321
-0.0316589
-0.0349706
-0.0382698
-0.0415591
-0.044841
-0.048118
-0.0513925
-0.0546668
-0.0579432
-0.061224
-0.0645114
-0.0678074
-0.0711143
-0.0744341
-0.0777688
-0.0811204
-0.0844907
-0.0878816
-0.0912949
-0.0947323
-0.0981953
-0.101685
-0.105204
-0.108753
-0.112332
-0.115942
-0.119586
-0.123261
-0.12697
-0.130712
-0.134486
-0.138291
-0.142127
-0.145992
-0.149884
-0.153801
-0.157739
-0.161697
-0.165669
-0.169653
-0.173645
-0.17764
-0.181635
-0.185627
-0.189615
-0.193597
-0.197576
-0.201559
-0.205554
-0.209579
-0.213659
-0.217829
-0.222141
-0.226663
-0.231488
-0.236738
-0.242576
-0.249215
-0.256927
-0.266065
-0.277068
-0.290481
-0.306959
-0.327265
-0.35226
-0.382845
-0.419834
-0.463655
-0.513722
-0.567304
-0.617874
-0.653479
-0.656759
-0.609041
-0.499196
-0.331246
-0.120404
-0.00522381
-0.0101441
-0.00928331
-0.00260735
0.00986492
0.0281473
0.0520912
0.0809818
0.113253
0.146648
0.17879
0.207764
0.232389
0.252178
0.267138
0.277563
0.28389
0.286613
0.286239
0.283272
0.278192
0.271447
0.263444
0.254539
0.245036
0.235185
0.225187
0.215195
0.205324
0.195657
0.186248
0.177134
0.168333
0.159854
0.151694
0.143849
0.136309
0.12906
0.122089
0.115382
0.108923
0.1027
0.0966971
0.0909018
0.0853013
0.0798835
0.0746371
0.0695511
0.0646156
0.0598209
0.0551581
0.0506186
0.0461946
0.0418785
0.0376631
0.0335419
0.0295086
0.025557
0.0216817
0.0178773
0.0141387
0.0104611
0.00683998
0.00327102
-0.0002499
-0.00372672
-0.00716318
-0.0105629
-0.0139292
-0.0172654
-0.0205748
-0.0238602
-0.0271247
-0.0303711
-0.033602
-0.0368201
-0.040028
-0.0432282
-0.046423
-0.0496149
-0.0528061
-0.0559988
-0.0591953
-0.0623977
-0.0656081
-0.0688284
-0.0720607
-0.0753069
-0.0785689
-0.0818484
-0.0851473
-0.0884671
-0.0918094
-0.0951757
-0.0985673
-0.101986
-0.105431
-0.108906
-0.112409
-0.115943
-0.119507
-0.1231
-0.126724
-0.130377
-0.134059
-0.137768
-0.141503
-0.145262
-0.149042
-0.152842
-0.156658
-0.160487
-0.164325
-0.16817
-0.172019
-0.175867
-0.179714
-0.183559
-0.187404
-0.191251
-0.195109
-0.19899
-0.202913
-0.206905
-0.211005
-0.215267
-0.219759
-0.224578
-0.229846
-0.235727
-0.242429
-0.250225
-0.259459
-0.270562
-0.284066
-0.300611
-0.320946
-0.345918
-0.376431
-0.413333
-0.457146
-0.507478
-0.561908
-0.614274
-0.65282
-0.659828
-0.615423
-0.506829
-0.337285
-0.122758
-0.00534328
-0.0106617
-0.0102839
-0.00422669
0.00738231
0.0244942
0.0470167
0.0744239
0.105412
0.137943
0.16972
0.198771
0.223788
0.244149
0.259764
0.270864
0.277853
0.281208
0.281428
0.279007
0.274419
0.268111
0.260485
0.251899
0.24266
0.233024
0.223196
0.213337
0.203571
0.193984
0.184639
0.175577
0.166819
0.158379
0.150257
0.142449
0.134947
0.127739
0.120812
0.114151
0.107743
0.101573
0.0956271
0.0898913
0.084353
0.0789999
0.0738202
0.068803
0.0639379
0.0592152
0.0546256
0.0501605
0.0458117
0.0415717
0.0374332
0.0333894
0.0294339
0.0255606
0.0217639
0.0180384
0.014379
0.0107808
0.00723928
0.00375008
0.000309063
-0.0030877
-0.00644395
-0.00976328
-0.0130491
-0.0163047
-0.0195331
-0.0227375
-0.0259207
-0.0290854
-0.0322345
-0.0353704
-0.0384958
-0.041613
-0.0447244
-0.0478324
-0.0509391
-0.0540467
-0.0571573
-0.0602731
-0.063396
-0.066528
-0.0696709
-0.0728266
-0.0759969
-0.0791834
-0.0823877
-0.0856114
-0.088856
-0.0921227
-0.0954128
-0.0987273
-0.102067
-0.105433
-0.108826
-0.112246
-0.115693
-0.119168
-0.122669
-0.126197
-0.12975
-0.133328
-0.136928
-0.140549
-0.144188
-0.147844
-0.151513
-0.155194
-0.158882
-0.162576
-0.166273
-0.169971
-0.173669
-0.177368
-0.181072
-0.184785
-0.188517
-0.192283
-0.196104
-0.200009
-0.204041
-0.208253
-0.212719
-0.217535
-0.222825
-0.228752
-0.235524
-0.243409
-0.252743
-0.26395
-0.277549
-0.294166
-0.314532
-0.339481
-0.369917
-0.406713
-0.450482
-0.501018
-0.556218
-0.610314
-0.651812
-0.662697
-0.621884
-0.514792
-0.343682
-0.125269
-0.00550787
-0.0112321
-0.0112755
-0.00572845
0.00514711
0.0212125
0.0424026
0.0683536
0.0980103
0.129565
0.160835
0.189825
0.215119
0.235968
0.252177
0.26391
0.271532
0.2755
0.2763
0.274419
0.270327
0.264461
0.257225
0.248975
0.24002
0.230619
0.220983
0.21128
0.201637
0.19215
0.182887
0.173891
0.165191
0.156801
0.148726
0.140965
0.133509
0.126348
0.119471
0.112862
0.106509
0.100396
0.0945098
0.0888365
0.0833631
0.078077
0.0729664
0.0680201
0.0632274
0.0585783
0.0540637
0.0496745
0.0454026
0.0412402
0.0371798
0.0332147
0.0293384
0.0255447
0.0218279
0.0181825
0.0146034
0.0110857
0.00762486
0.00421649
0.000856454
-0.00245919
-0.0057342
-0.00897212
-0.0121764
-0.0153502
-0.0184967
-0.021619
-0.0247197
-0.0278018
-0.0308679
-0.0339205
-0.036962
-0.039995
-0.0430217
-0.0460443
-0.0490651
-0.052086
-0.0551093
-0.0581368
-0.0611705
-0.0642122
-0.0672638
-0.0703269
-0.0734032
-0.0764943
-0.0796016
-0.0827267
-0.0858707
-0.0890349
-0.0922203
-0.0954279
-0.0986585
-0.101913
-0.105191
-0.108494
-0.11182
-0.115172
-0.118546
-0.121944
-0.125364
-0.128805
-0.132266
-0.135743
-0.139237
-0.142744
-0.146262
-0.14979
-0.153323
-0.156862
-0.160403
-0.163946
-0.167493
-0.171044
-0.174604
-0.178181
-0.181786
-0.185437
-0.189156
-0.192976
-0.19694
-0.201106
-0.205549
-0.210365
-0.215681
-0.221658
-0.228504
-0.23648
-0.245919
-0.257234
-0.270932
-0.287623
-0.308022
-0.332949
-0.3633
-0.399975
-0.443663
-0.494341
-0.550226
-0.605975
-0.650419
-0.665328
-0.628401
-0.523097
-0.350466
-0.127952
-0.00572579
-0.0118676
-0.0122701
-0.00712398
0.003148
0.0182931
0.0382475
0.062783
0.0910765
0.121557
0.152183
0.180971
0.206419
0.22766
0.244394
0.256712
0.264933
0.269489
0.270854
0.269505
0.265905
0.260488
0.253652
0.245753
0.237099
0.227954
0.218531
0.209004
0.199507
0.19014
0.180975
0.172062
0.163434
0.155109
0.147093
0.139388
0.131987
0.124882
0.11806
0.111509
0.105215
0.0991643
0.093342
0.0877348
0.0823294
0.0771132
0.0720742
0.067201
0.0624828
0.0579096
0.0534717
0.0491602
0.0449668
0.0408835
0.0369028
0.0330179
0.0292221
0.0255092
0.0218735
0.0183094
0.0148119
0.0113759
0.00799685
0.00467043
0.00139246
-0.00184099
-0.00503367
-0.00818912
-0.0113107
-0.0144018
-0.0174653
-0.0205042
-0.0235215
-0.0265197
-0.0295016
-0.0324696
-0.0354261
-0.0383735
-0.0413141
-0.04425
-0.0471833
-0.050116
-0.0530502
-0.0559877
-0.0589304
-0.0618799
-0.064838
-0.0678064
-0.0707864
-0.0737797
-0.0767875
-0.0798112
-0.0828518
-0.0859105
-0.0889882
-0.0920856
-0.0952035
-0.0983422
-0.101502
-0.104683
-0.107886
-0.111109
-0.114353
-0.117617
-0.120899
-0.124199
-0.127515
-0.130846
-0.134189
-0.137542
-0.140905
-0.144275
-0.147649
-0.151028
-0.15441
-0.157796
-0.161188
-0.164588
-0.168004
-0.171444
-0.174922
-0.178457
-0.182075
-0.185811
-0.18971
-0.193832
-0.198253
-0.203073
-0.208418
-0.21445
-0.221371
-0.229443
-0.23899
-0.250416
-0.264215
-0.280982
-0.301415
-0.326317
-0.356579
-0.393115
-0.436687
-0.487444
-0.543924
-0.601238
-0.648608
-0.667677
-0.634947
-0.531751
-0.357668
-0.130827
-0.00600403
-0.0125771
-0.0132746
-0.00842058
0.00137543
0.0157258
0.0345459
0.0577184
0.0846335
0.113956
0.143811
0.172255
0.197728
0.219257
0.236437
0.249282
0.258061
0.263177
0.265088
0.26426
0.261149
0.256182
0.249754
0.242218
0.233883
0.225012
0.215824
0.206495
0.197163
0.187936
0.178889
0.170077
0.161537
0.15329
0.145346
0.137708
0.130372
0.123331
0.116573
0.110087
0.103858
0.0978739
0.09212
0.0865828
0.0812491
0.076106
0.0711416
0.0663442
0.061703
0.0572077
0.0528487
0.0486169
0.0445037
0.0405012
0.0366018
0.0327985
0.0290847
0.0254541
0.0219008
0.0184194
0.0150045
0.0116514
0.00835542
0.0051121
0.00191734
-0.00123279
-0.00434202
-0.00741388
-0.0104517
-0.0134588
-0.0164382
-0.0193927
-0.0223253
-0.0252384
-0.0281349
-0.031017
-0.0338872
-0.0367477
-0.0396007
-0.0424483
-0.0452926
-0.0481355
-0.0509789
-0.0538246
-0.0566742
-0.0595296
-0.0623922
-0.0652635
-0.068145
-0.071038
-0.0739436
-0.0768632
-0.0797976
-0.0827478
-0.0857145
-0.0886985
-0.0917001
-0.0947198
-0.0977577
-0.100814
-0.103888
-0.10698
-0.110089
-0.113214
-0.116354
-0.119509
-0.122676
-0.125854
-0.129042
-0.132239
-0.135442
-0.13865
-0.141862
-0.145078
-0.148298
-0.151524
-0.154758
-0.158006
-0.161276
-0.164578
-0.167929
-0.171349
-0.174868
-0.178521
-0.182357
-0.186437
-0.190841
-0.195668
-0.201045
-0.207132
-0.214133
-0.222303
-0.231959
-0.243497
-0.257399
-0.274242
-0.294709
-0.319586
-0.349751
-0.386133
-0.429554
-0.480326
-0.537305
-0.596082
-0.646341
-0.669693
-0.641484
-0.540757
-0.365321
-0.133914
-0.00634779
-0.0133647
-0.0142901
-0.00962028
-0.000177485
0.0134996
0.0312883
0.0531599
0.0786968
0.106795
0.135761
0.163722
0.189085
0.210789
0.228329
0.241636
0.250927
0.25657
0.259002
0.258681
0.256051
0.251534
0.245521
0.238359
0.230357
0.221779
0.212845
0.203734
0.19459
0.185522
0.176613
0.167921
0.159486
0.151332
0.143474
0.135916
0.128656
0.121687
0.115002
0.108587
0.102431
0.0965197
0.0908394
0.0853769
0.0801189
0.0750527
0.0701661
0.0654476
0.0608861
0.0564713
0.0521935
0.0480434
0.0440125
0.0400927
0.0362763
0.0325564
0.0289261
0.0253792
0.0219098
0.0185123
0.0151815
0.0119126
0.00870081
0.00554181
0.00243145
-0.000634175
-0.00365878
-0.00664589
-0.00959883
-0.0125208
-0.0154148
-0.0182837
-0.0211303
-0.0239572
-0.0267668
-0.0295617
-0.0323442
-0.0351163
-0.0378802
-0.0406381
-0.0433917
-0.0461431
-0.0488938
-0.0516458
-0.0544005
-0.0571596
-0.0599245
-0.0626965
-0.065477
-0.0682672
-0.0710681
-0.0738807
-0.076706
-0.0795446
-0.0823973
-0.0852645
-0.0881466
-0.0910437
-0.093956
-0.0968833
-0.0998252
-0.102781
-0.105751
-0.108734
-0.111728
-0.114733
-0.117747
-0.12077
-0.123799
-0.126834
-0.129874
-0.132917
-0.135964
-0.139014
-0.14207
-0.145134
-0.148209
-0.151304
-0.154427
-0.157592
-0.160816
-0.164123
-0.167543
-0.171115
-0.174891
-0.178932
-0.18332
-0.188156
-0.193567
-0.199713
-0.206794
-0.215063
-0.224829
-0.23648
-0.250483
-0.267402
-0.287902
-0.312749
-0.342812
-0.379024
-0.42226
-0.472984
-0.530364
-0.59049
-0.643578
-0.671322
-0.647967
-0.550114
-0.373458
-0.137234
-0.00676004
-0.0142286
-0.0153102
-0.0107189
-0.00151412
0.0116035
0.0284617
0.0491008
0.073274
0.100098
0.128069
0.155414
0.180532
0.202291
0.220094
0.233792
0.24354
0.249671
0.252599
0.252766
0.250608
0.246539
0.240942
0.234164
0.226509
0.21824
0.209578
0.200707
0.191771
0.182884
0.174132
0.165578
0.157265
0.149222
0.141464
0.133998
0.126826
0.119942
0.113339
0.107004
0.100928
0.0950957
0.089495
0.0841124
0.0789349
0.0739498
0.0691449
0.0645086
0.0600299
0.0556985
0.0515045
0.0474386
0.0434921
0.0396571
0.0359257
0.0322908
0.0287457
0.0252842
0.0219002
0.0185881
0.0153429
0.0121595
0.00903325
0.00595986
0.00293519
-4.46771e-05
-0.00298342
-0.00588452
-0.0087513
-0.0115869
-0.0143943
-0.0171763
-0.0199356
-0.0226748
-0.0253964
-0.0281026
-0.0307958
-0.033478
-0.0361514
-0.0388178
-0.0414791
-0.044137
-0.0467933
-0.0494496
-0.0521074
-0.054768
-0.0574329
-0.0601034
-0.0627804
-0.0654652
-0.0681587
-0.0708617
-0.0735749
-0.0762991
-0.0790346
-0.0817818
-0.084541
-0.0873121
-0.0900952
-0.09289
-0.0956961
-0.098513
-0.10134
-0.104176
-0.107021
-0.109872
-0.11273
-0.115593
-0.118461
-0.121331
-0.124204
-0.12708
-0.129959
-0.132841
-0.135731
-0.138631
-0.141548
-0.144489
-0.147466
-0.150494
-0.153593
-0.156788
-0.160111
-0.163605
-0.167321
-0.171326
-0.1757
-0.180547
-0.185994
-0.192199
-0.199362
-0.207728
-0.217604
-0.229365
-0.243468
-0.260461
-0.28099
-0.305804
-0.335758
-0.371784
-0.414803
-0.465415
-0.523092
-0.584441
-0.640279
-0.672504
-0.654343
-0.559814
-0.382113
-0.140812
-0.00724096
-0.0151602
-0.0163207
-0.0117054
-0.00263372
0.0100272
0.0260498
0.0455282
0.0683643
0.0938808
0.120767
0.147369
0.172107
0.193797
0.21176
0.225767
0.235914
0.242489
0.245881
0.246515
0.244816
0.241189
0.236011
0.229623
0.222326
0.214381
0.20601
0.197397
0.18869
0.180004
0.171431
0.163034
0.154862
0.146945
0.139303
0.131945
0.124874
0.118086
0.111574
0.10533
0.0993408
0.0935956
0.0880811
0.0827844
0.0776926
0.0727933
0.0680744
0.0635243
0.059132
0.0548871
0.0507797
0.0468007
0.0429412
0.0391932
0.0355489
0.0320011
0.0285432
0.0251687
0.0218718
0.0186468
0.0154886
0.0123922
0.00935298
0.00636662
0.003429
0.000536247
-0.00231528
-0.00512905
-0.00790832
-0.0106562
-0.0133756
-0.0160693
-0.01874
-0.0213901
-0.0240221
-0.0266382
-0.0292406
-0.0318314
-0.0344124
-0.0369857
-0.0395528
-0.0421155
-0.0446755
-0.0472341
-0.0497928
-0.0523528
-0.0549155
-0.0574819
-0.0600531
-0.06263
-0.0652133
-0.0678039
-0.0704023
-0.073009
-0.0756242
-0.0782484
-0.0808814
-0.0835233
-0.0861739
-0.0888329
-0.0914997
-0.0941738
-0.0968545
-0.0995409
-0.102232
-0.104928
-0.107626
-0.110327
-0.113029
-0.115732
-0.118437
-0.121143
-0.123852
-0.126566
-0.129289
-0.132025
-0.134783
-0.137571
-0.140403
-0.143296
-0.14627
-0.149355
-0.152585
-0.156002
-0.159662
-0.163632
-0.167994
-0.172853
-0.178335
-0.1846
-0.191842
-0.200305
-0.210287
-0.222155
-0.236354
-0.253415
-0.273968
-0.298744
-0.32858
-0.364406
-0.407177
-0.457615
-0.515485
-0.577917
-0.636402
-0.673172
-0.660549
-0.56984
-0.391318
-0.144671
-0.0077874
-0.0161431
-0.0172982
-0.0125616
-0.00353097
0.0087615
0.0240343
0.0424235
0.0639588
0.0881497
0.113878
0.139621
0.163846
0.18534
0.203354
0.217584
0.228062
0.235032
0.238853
0.23993
0.238674
0.235482
0.230721
0.224728
0.217798
0.210191
0.202128
0.193792
0.185333
0.176869
0.168493
0.160274
0.152261
0.144489
0.136979
0.129744
0.122787
0.116107
0.109699
0.103554
0.0976622
0.092012
0.0865911
0.0813869
0.0763868
0.0715787
0.0669506
0.062491
0.058189
0.0540343
0.0500169
0.0461278
0.042358
0.0386996
0.0351448
0.0316864
0.0283176
0.0250322
0.0218242
0.0186881
0.0156186
0.0126108
0.00966021
0.00676241
0.00391334
0.00110917
-0.0016537
-0.00437869
-0.00706902
-0.00972773
-0.0123577
-0.0149617
-0.0175422
-0.0201017
-0.0226426
-0.025167
-0.027677
-0.0301746
-0.0326616
-0.0351399
-0.037611
-0.0400766
-0.0425382
-0.044997
-0.0474545
-0.0499118
-0.0523699
-0.05483
-0.0572928
-0.0597592
-0.0622298
-0.0647052
-0.067186
-0.0696723
-0.0721644
-0.0746625
-0.0771663
-0.0796759
-0.0821909
-0.0847109
-0.0872354
-0.0897636
-0.0922951
-0.0948289
-0.0973643
-0.0999005
-0.102437
-0.104973
-0.107508
-0.110043
-0.112577
-0.115113
-0.117651
-0.120197
-0.122753
-0.125326
-0.127925
-0.130562
-0.133251
-0.13601
-0.138863
-0.14184
-0.144978
-0.148321
-0.151927
-0.155863
-0.160214
-0.165085
-0.170603
-0.176924
-0.184244
-0.192799
-0.202882
-0.214852
-0.229139
-0.246263
-0.266833
-0.291563
-0.321272
-0.356883
-0.399376
-0.44958
-0.507534
-0.570901
-0.631904
-0.673254
-0.666509
-0.580167
-0.401107
-0.148841
-0.00839224
-0.0171521
-0.0182106
-0.0132618
-0.00419604
0.00779917
0.0223953
0.0397634
0.0600406
0.0829026
0.107414
0.132197
0.155784
0.176954
0.194905
0.209264
0.22
0.227311
0.231521
0.233013
0.232182
0.229414
0.225068
0.219471
0.212917
0.20566
0.197919
0.189878
0.181686
0.173463
0.165305
0.157283
0.149448
0.141839
0.134478
0.127381
0.120553
0.113995
0.107702
0.101668
0.0958835
0.0903373
0.085018
0.0799136
0.0750119
0.0703009
0.065769
0.0614048
0.0571975
0.053137
0.0492133
0.0454174
0.0417405
0.0381746
0.0347119
0.0313453
0.0280681
0.0248739
0.021757
0.0187116
0.0157327
0.0128154
0.00995511
0.00714754
0.00438866
0.00167469
-0.000997942
-0.00363259
-0.00623243
-0.00880043
-0.0113394
-0.0138521
-0.0163409
-0.0188082
-0.0212563
-0.0236873
-0.0261032
-0.0285058
-0.030897
-0.0332785
-0.0356517
-0.0380182
-0.0403793
-0.0427363
-0.0450904
-0.0474426
-0.0497939
-0.0521452
-0.0544972
-0.0568506
-0.0592059
-0.0615636
-0.063924
-0.0662873
-0.0686535
-0.0710227
-0.0733946
-0.0757691
-0.0781457
-0.080524
-0.0829034
-0.0852832
-0.0876629
-0.0900417
-0.092419
-0.0947941
-0.0971666
-0.0995364
-0.101904
-0.104268
-0.106632
-0.108997
-0.111366
-0.113743
-0.116134
-0.118546
-0.120989
-0.123476
-0.126024
-0.128653
-0.131387
-0.13426
-0.137308
-0.140579
-0.144132
-0.148035
-0.152376
-0.157257
-0.162808
-0.169183
-0.176574
-0.185216
-0.195393
-0.207456
-0.221823
-0.238999
-0.259577
-0.284251
-0.313822
-0.349204
-0.39139
-0.441301
-0.499232
-0.563374
-0.626741
-0.672675
-0.672139
-0.590757
-0.411511
-0.15335
-0.00904361
-0.0181528
-0.0190166
-0.0137742
-0.00461488
0.00713497
0.0211128
0.0375211
0.0565866
0.0781283
0.101381
0.125115
0.147948
0.16867
0.186441
0.200831
0.211747
0.219338
0.223893
0.225768
0.225342
0.222985
0.219047
0.213849
0.207676
0.200779
0.193374
0.185643
0.177736
0.169774
0.161854
0.154048
0.146411
0.138982
0.131788
0.124845
0.118161
0.111738
0.105574
0.0996628
0.0939958
0.0885633
0.0833544
0.0783577
0.0735616
0.0689543
0.0645244
0.0602611
0.0561535
0.0521916
0.0483658
0.0446669
0.0410863
0.0376161
0.0342485
0.0309765
0.0277934
0.024693
0.0216693
0.0187169
0.0158307
0.0130058
0.0102377
0.00752225
0.00485536
0.00223334
-0.000347323
-0.00288993
-0.00539757
-0.00787319
-0.0103195
-0.0127391
-0.0151345
-0.0175079
-0.0198615
-0.0221973
-0.0245173
-0.0268231
-0.0291166
-0.0313993
-0.0336727
-0.035938
-0.0381966
-0.0404497
-0.0426982
-0.0449431
-0.0471853
-0.0494255
-0.0516643
-0.0539023
-0.0561399
-0.0583773
-0.0606148
-0.0628525
-0.0650903
-0.0673281
-0.0695656
-0.0718025
-0.0740384
-0.0762727
-0.0785049
-0.0807343
-0.0829604
-0.0851826
-0.0874003
-0.0896132
-0.0918211
-0.0940242
-0.096223
-0.0984186
-0.100613
-0.102808
-0.105009
-0.107219
-0.109447
-0.1117
-0.11399
-0.116331
-0.118742
-0.121243
-0.123862
-0.126633
-0.129594
-0.132796
-0.136296
-0.140167
-0.144495
-0.149386
-0.154965
-0.161388
-0.168844
-0.177563
-0.187824
-0.199968
-0.214403
-0.231619
-0.252192
-0.276798
-0.306219
-0.341354
-0.383206
-0.432769
-0.49057
-0.555317
-0.620868
-0.67135
-0.677339
-0.601561
-0.42256
-0.158229
-0.0097241
-0.0191008
-0.0196661
-0.0140609
-0.00476986
0.00676581
0.0201671
0.035668
0.0535682
0.0738076
0.0957751
0.118387
0.140358
0.160512
0.177989
0.192307
0.20332
0.211128
0.215979
0.218202
0.218155
0.216195
0.212658
0.207856
0.202069
0.19554
0.188484
0.181078
0.173474
0.165791
0.158126
0.150556
0.143135
0.135906
0.128896
0.122124
0.1156
0.109327
0.103305
0.0975279
0.0919899
0.0866814
0.0815924
0.0767121
0.0720293
0.0675328
0.0632116
0.059055
0.0550525
0.0511942
0.0474707
0.0438731
0.0403927
0.0370217
0.0337526
0.0305782
0.0274921
0.0244881
0.0215603
0.0187033
0.015912
0.0131818
0.0105081
0.00788668
0.00531376
0.00278561
0.000298803
-0.0021499
-0.00456353
-0.00694493
-0.00929678
-0.0116216
-0.0139217
-0.0161993
-0.0184566
-0.0206953
-0.0229175
-0.0251247
-0.0273185
-0.0295005
-0.0316719
-0.0338341
-0.0359881
-0.038135
-0.0402758
-0.0424112
-0.044542
-0.0466689
-0.0487923
-0.0509125
-0.05303
-0.0551449
-0.0572573
-0.0593672
-0.0614743
-0.0635786
-0.0656796
-0.067777
-0.0698703
-0.0719589
-0.0740424
-0.0761201
-0.0781916
-0.0802563
-0.082314
-0.0843645
-0.086408
-0.088445
-0.0904766
-0.0925043
-0.0945305
-0.0965587
-0.0985935
-0.100641
-0.102709
-0.104807
-0.106948
-0.109147
-0.111424
-0.113802
-0.11631
-0.118981
-0.121858
-0.124991
-0.12844
-0.132278
-0.136592
-0.141486
-0.147088
-0.153552
-0.161063
-0.169848
-0.18018
-0.19239
-0.206878
-0.224118
-0.24467
-0.269192
-0.298448
-0.333318
-0.374809
-0.42397
-0.481535
-0.546713
-0.614241
-0.669193
-0.681997
-0.612514
-0.434281
-0.163514
-0.0104097
-0.0199415
-0.0201017
-0.0140796
-0.00464069
0.00669061
0.0195398
0.0341745
0.0509533
0.0699144
0.090582
0.112013
0.133029
0.152503
0.169572
0.183716
0.19474
0.202694
0.207789
0.210322
0.210628
0.209046
0.205901
0.201493
0.196092
0.18994
0.183242
0.176176
0.168889
0.161502
0.154112
0.146796
0.13961
0.132598
0.12579
0.119206
0.112857
0.106749
0.100883
0.0952538
0.0898566
0.0846831
0.079724
0.0749692
0.0704081
0.0660302
0.0618247
0.0577812
0.0538897
0.0501405
0.0465244
0.0430325
0.0396566
0.0363888
0.0332217
0.0301485
0.0271626
0.0242579
0.0214288
0.0186699
0.0159761
0.0133429
0.0107658
0.00824083
0.00576404
0.00333188
0.000940976
-0.00141181
-0.00372944
-0.00601467
-0.0082701
-0.0104981
-0.0127011
-0.014881
-0.01704
-0.0191798
-0.0213021
-0.0234087
-0.0255008
-0.02758
-0.0296475
-0.0317044
-0.0337518
-0.0357905
-0.0378214
-0.0398452
-0.0418626
-0.043874
-0.0458797
-0.0478802
-0.0498756
-0.0518659
-0.0538512
-0.0558313
-0.0578061
-0.0597751
-0.0617381
-0.0636946
-0.0656441
-0.0675862
-0.0695202
-0.0714458
-0.0733625
-0.07527
-0.0771682
-0.0790573
-0.0809378
-0.0828106
-0.0846771
-0.0865396
-0.0884011
-0.0902657
-0.0921388
-0.0940273
-0.0959401
-0.0978881
-0.099885
-0.101947
-0.104096
-0.106355
-0.108755
-0.11133
-0.114125
-0.117191
-0.120588
-0.12439
-0.128685
-0.133578
-0.139195
-0.145689
-0.153242
-0.162078
-0.172464
-0.184724
-0.199244
-0.216487
-0.236999
-0.261418
-0.290489
-0.325075
-0.366177
-0.414885
-0.472112
-0.53754
-0.606814
-0.66611
-0.685987
-0.623531
-0.446694
-0.169241
-0.0110689
-0.0206097
-0.0202591
-0.0137851
-0.00420534
0.00691008
0.0192143
0.0330118
0.0487077
0.0664175
0.085781
0.105987
0.125967
0.144659
0.16121
0.175077
0.186023
0.194053
0.199336
0.202138
0.202767
0.201544
0.198778
0.194758
0.189746
0.183973
0.177644
0.170929
0.163974
0.1569
0.149802
0.142758
0.135825
0.129049
0.12246
0.11608
0.109923
0.103996
0.0982988
0.0928309
0.0875869
0.0825597
0.0777411
0.0731215
0.0686912
0.06444
0.0603577
0.0564343
0.0526602
0.049026
0.0455226
0.0421416
0.0388747
0.0357144
0.0326534
0.029685
0.0268028
0.0240008
0.0212735
0.0186155
0.0160221
0.0134886
0.0110107
0.00858454
0.00620624
0.00387235
0.00157958
-0.000675112
-0.0028946
-0.00508156
-0.00723849
-0.00936772
-0.0114714
-0.0135517
-0.0156103
-0.0176491
-0.0196696
-0.0216735
-0.023662
-0.0256364
-0.0275979
-0.0295475
-0.0314862
-0.0334147
-0.0353337
-0.037244
-0.0391459
-0.0410399
-0.0429262
-0.0448051
-0.0466766
-0.0485407
-0.0503974
-0.0522464
-0.0540875
-0.0559202
-0.0577443
-0.0595593
-0.0613647
-0.06316
-0.0649449
-0.0667188
-0.0684817
-0.0702334
-0.0719739
-0.0737039
-0.075424
-0.0771357
-0.0788409
-0.0805423
-0.0822436
-0.0839496
-0.0856663
-0.0874017
-0.0891652
-0.090969
-0.0928275
-0.0947586
-0.0967838
-0.0989287
-0.101224
-0.103707
-0.106422
-0.10942
-0.112763
-0.116527
-0.120797
-0.125681
-0.131303
-0.137813
-0.145394
-0.154263
-0.164682
-0.176968
-0.191498
-0.20872
-0.229166
-0.253458
-0.28232
-0.3166
-0.357283
-0.405491
-0.462281
-0.527775
-0.598539
-0.662004
-0.689167
-0.634509
-0.459816
-0.175448
-0.0116612
-0.0210305
-0.0200687
-0.0131304
-0.00344104
0.00742642
0.0191762
0.0321528
0.0467967
0.0632819
0.0813444
0.100293
0.11917
0.136987
0.152919
0.166411
0.17719
0.185222
0.190634
0.19366
0.19458
0.193693
0.191292
0.187654
0.183028
0.177641
0.171686
0.165333
0.158725
0.151978
0.145188
0.138433
0.131771
0.125248
0.118896
0.112738
0.106788
0.101056
0.0955434
0.0902501
0.0851719
0.080303
0.0756358
0.0711617
0.0668714
0.0627556
0.0588046
0.0550088
0.0513589
0.0478459
0.0444611
0.0411963
0.0380435
0.0349954
0.0320449
0.0291854
0.0264107
0.023715
0.0210928
0.018539
0.0160489
0.013618
0.0112421
0.00891741
0.00664017
0.00440703
0.00221481
6.05428e-05
-0.00205852
-0.00414498
-0.00620121
-0.00822947
-0.0102318
-0.0122102
-0.0141665
-0.0161022
-0.0180189
-0.019918
-0.0218008
-0.0236685
-0.025522
-0.0273624
-0.0291904
-0.0310069
-0.0328123
-0.0346071
-0.0363919
-0.0381669
-0.0399323
-0.0416881
-0.0434345
-0.0451713
-0.0468984
-0.0486155
-0.0503223
-0.0520185
-0.0537037
-0.0553774
-0.0570392
-0.0586888
-0.0603257
-0.0619499
-0.0635611
-0.0651595
-0.0667456
-0.06832
-0.0698839
-0.0714391
-0.0729881
-0.0745339
-0.076081
-0.0776346
-0.0792016
-0.0807904
-0.0824117
-0.084078
-0.0858048
-0.0876108
-0.0895183
-0.0915539
-0.0937494
-0.0961423
-0.0987774
-0.101707
-0.104995
-0.108714
-0.112954
-0.117817
-0.12343
-0.129942
-0.137531
-0.146411
-0.15684
-0.169125
-0.183635
-0.200807
-0.221157
-0.245291
-0.273917
-0.307862
-0.348097
-0.395756
-0.452014
-0.517391
-0.589368
-0.656772
-0.691379
-0.645319
-0.473655
-0.18218
-0.0121364
-0.0211194
-0.0194579
-0.0120684
-0.00232505
0.00824315
0.0194133
0.0315725
0.0451863
0.0604706
0.0772392
0.0949076
0.112628
0.129491
0.144709
0.157731
0.168257
0.176216
0.181698
0.1849
0.186077
0.185502
0.183451
0.180185
0.175944
0.170942
0.165369
0.159388
0.153137
0.146731
0.140265
0.133815
0.127441
0.121188
0.115089
0.109169
0.103443
0.0979216
0.0926081
0.087503
0.0826037
0.0779051
0.0734006
0.0690824
0.0649421
0.0609708
0.0571594
0.0534989
0.0499805
0.0465955
0.0433355
0.0401927
0.0371594
0.0342285
0.0313931
0.0286469
0.0259838
0.0233982
0.0208849
0.0184388
0.0160553
0.0137301
0.0114592
0.00923884
0.00706541
0.00493567
0.00284655
0.000795205
-0.00122103
-0.00320461
-0.00515786
-0.0070829
-0.00898172
-0.0108561
-0.0127078
-0.0145384
-0.0163492
-0.0181417
-0.0199168
-0.0216758
-0.0234196
-0.025149
-0.0268647
-0.0285674
-0.0302576
-0.0319357
-0.033602
-0.0352568
-0.0369001
-0.0385321
-0.0401526
-0.0417616
-0.0433588
-0.0449441
-0.046517
-0.0480772
-0.0496244
-0.0511582
-0.0526782
-0.0541841
-0.0556758
-0.0571532
-0.0586163
-0.0600656
-0.0615016
-0.0629255
-0.0643388
-0.0657436
-0.0671428
-0.06854
-0.0699401
-0.0713489
-0.0727739
-0.0742242
-0.0757109
-0.0772473
-0.0788497
-0.0805372
-0.082333
-0.0842642
-0.0863631
-0.0886681
-0.0912241
-0.0940844
-0.0973119
-0.100981
-0.105179
-0.11001
-0.115599
-0.122093
-0.129667
-0.138533
-0.148941
-0.161195
-0.175651
-0.192737
-0.212955
-0.236896
-0.26525
-0.298824
-0.338576
-0.385638
-0.441275
-0.506352
-0.579248
-0.650305
-0.692447
-0.655807
-0.48821
-0.189484
-0.0124333
-0.0207835
-0.0183522
-0.0105534
-0.00083523
0.0093649
0.0199162
0.0312487
0.043844
0.0579453
0.0734284
0.0898025
0.106322
0.122163
0.136586
0.149049
0.159239
0.167051
0.172542
0.175873
0.17727
0.176981
0.175262
0.172358
0.168496
0.163881
0.158694
0.153092
0.147209
0.141157
0.13503
0.128901
0.12283
0.116862
0.111033
0.105367
0.0998811
0.0945853
0.0894852
0.0845823
0.0798749
0.0753589
0.0710287
0.0668772
0.0628969
0.0590794
0.0554164
0.0518994
0.04852
0.04527
0.0421414
0.0391268
0.0362187
0.0334103
0.030695
0.0280668
0.0255197
0.0230485
0.0206478
0.0183131
0.0160398
0.0138237
0.0116609
0.00954791
0.00748121
0.00545767
0.00347436
0.00152853
-0.000382345
-0.00226064
-0.00410854
-0.00592808
-0.00772113
-0.00948942
-0.0112345
-0.012958
-0.014661
-0.0163448
-0.0180106
-0.0196592
-0.0212916
-0.0229085
-0.0245105
-0.0260982
-0.0276721
-0.0292324
-0.0307795
-0.0323134
-0.0338344
-0.0353423
-0.0368371
-0.0383186
-0.0397867
-0.041241
-0.0426813
-0.0441073
-0.0455186
-0.046915
-0.0482962
-0.049662
-0.0510124
-0.0523474
-0.0536674
-0.054973
-0.0562651
-0.0575451
-0.0588147
-0.0600766
-0.0613339
-0.0625907
-0.0638523
-0.0651251
-0.0664169
-0.0677373
-0.0690979
-0.0705127
-0.0719981
-0.0735741
-0.075264
-0.0770954
-0.0791011
-0.0813195
-0.0837959
-0.0865836
-0.0897454
-0.0933554
-0.0975009
-0.102285
-0.107831
-0.114284
-0.121818
-0.130639
-0.140994
-0.153178
-0.167541
-0.184498
-0.204541
-0.228244
-0.256282
-0.289446
-0.328672
-0.375087
-0.430014
-0.494615
-0.568118
-0.642486
-0.692178
-0.665785
-0.503465
-0.197418
-0.0124788
-0.0199233
-0.0166773
-0.00854172
0.00104967
0.0107975
0.0206779
0.0311622
0.0427393
0.0556682
0.0698726
0.0849428
0.100229
0.114992
0.128546
0.140371
0.150147
0.157742
0.163181
0.166594
0.168172
0.168141
0.166735
0.164181
0.160693
0.156463
0.151665
0.146449
0.140943
0.135257
0.12948
0.123686
0.117933
0.112268
0.106724
0.101328
0.0960961
0.091041
0.0861687
0.0814816
0.0769791
0.0726581
0.0685137
0.06454
0.0607298
0.0570759
0.0535703
0.0502052
0.0469726
0.043865
0.0408747
0.0379945
0.0352176
0.0325374
0.0299475
0.0274422
0.0250158
0.0226632
0.0203795
0.01816
0.0160005
0.013897
0.0118458
0.00984333
0.0078864
0.00597198
0.00409725
0.00225962
0.000456645
-0.00131391
-0.00305412
-0.00476591
-0.00645105
-0.00811117
-0.00974776
-0.0113622
-0.0129557
-0.0145293
-0.0160842
-0.0176211
-0.0191409
-0.0206442
-0.0221316
-0.0236036
-0.0250606
-0.0265029
-0.0279306
-0.0293439
-0.0307428
-0.0321274
-0.0334975
-0.034853
-0.0361936
-0.0375192
-0.0388295
-0.0401242
-0.0414031
-0.0426659
-0.0439127
-0.0451432
-0.0463577
-0.0475564
-0.0487397
-0.0499087
-0.0510643
-0.0522082
-0.0533426
-0.0544703
-0.0555948
-0.0567207
-0.0578533
-0.0589996
-0.0601677
-0.0613676
-0.0626112
-0.0639128
-0.0652891
-0.0667603
-0.0683499
-0.0700858
-0.0720007
-0.0741331
-0.0765282
-0.079239
-0.0823281
-0.0858689
-0.0899481
-0.094668
-0.10015
-0.106537
-0.114
-0.122742
-0.133005
-0.145077
-0.1593
-0.176079
-0.195894
-0.219307
-0.246977
-0.279678
-0.318327
-0.364039
-0.418171
-0.482123
-0.555911
-0.63319
-0.690352
-0.675029
-0.519389
-0.206051
-0.0121875
-0.018434
-0.014361
-0.00599248
0.00334998
0.0125479
0.021694
0.0312962
0.0418437
0.0536018
0.0665306
0.0802902
0.0943187
0.107958
0.120583
0.131701
0.14099
0.148302
0.153632
0.157076
0.158799
0.158997
0.157883
0.155666
0.152543
0.148696
0.144289
0.139463
0.134342
0.129031
0.123617
0.118171
0.112751
0.107402
0.102158
0.0970464
0.0920842
0.0872842
0.0826536
0.0781959
0.0739112
0.0697974
0.0658506
0.0620655
0.058436
0.0549553
0.0516163
0.0484116
0.045334
0.0423762
0.0395312
0.0367923
0.0341527
0.0316064
0.0291475
0.0267702
0.0244693
0.02224
0.0200774
0.0179772
0.0159354
0.0139482
0.0120119
0.0101233
0.00827919
0.00647682
0.00471346
0.00298665
0.00129408
-0.000366368
-0.00199667
-0.00359863
-0.00517391
-0.00672405
-0.00825044
-0.00975435
-0.0112369
-0.0126992
-0.0141421
-0.0155665
-0.016973
-0.0183623
-0.0197349
-0.0210912
-0.0224316
-0.0237563
-0.0250655
-0.0263593
-0.0276378
-0.0289008
-0.0301484
-0.0313804
-0.0325966
-0.0337968
-0.0349809
-0.0361487
-0.0373
-0.0384347
-0.0395528
-0.0406545
-0.0417399
-0.0428096
-0.0438641
-0.0449047
-0.0459326
-0.0469497
-0.0479585
-0.0489619
-0.0499637
-0.0509688
-0.0519828
-0.0530128
-0.0540673
-0.0551564
-0.0562921
-0.0574889
-0.0587637
-0.0601365
-0.061631
-0.0632749
-0.0651007
-0.0671467
-0.0694575
-0.0720859
-0.0750936
-0.0785532
-0.0825503
-0.0871858
-0.0925789
-0.098871
-0.10623
-0.114854
-0.124981
-0.136892
-0.150922
-0.167466
-0.186993
-0.210052
-0.237289
-0.269462
-0.307472
-0.352416
-0.405666
-0.468799
-0.542544
-0.622278
-0.686728
-0.683269
-0.535929
-0.215471
-0.0114613
-0.0162082
-0.0113349
-0.0028683
0.00608519
0.0146245
0.0229622
0.0316368
0.0411311
0.0517098
0.0633608
0.0758037
0.0885557
0.101037
0.112684
0.123034
0.131774
0.138742
0.143907
0.147337
0.149165
0.149564
0.14872
0.146824
0.144058
0.14059
0.136573
0.132142
0.127413
0.122486
0.117445
0.112359
0.107284
0.102265
0.0973354
0.092522
0.0878433
0.0833123
0.078937
0.0747217
0.0706674
0.0667729
0.0630352
0.0594498
0.0560112
0.0527135
0.0495502
0.0465147
0.0436001
0.0407999
0.0381074
0.0355164
0.0330206
0.0306142
0.0282917
0.0260477
0.0238773
0.0217758
0.0197388
0.0177621
0.0158418
0.0139744
0.0121565
0.0103849
0.00865675
0.00696925
0.00531991
0.00370638
0.00212649
0.000578245
-0.000940217
-0.0024306
-0.00389446
-0.00533324
-0.00674824
-0.00814065
-0.00951154
-0.0108619
-0.0121925
-0.0135042
-0.0147976
-0.0160733
-0.0173318
-0.0185734
-0.0197984
-0.0210072
-0.0221998
-0.0233765
-0.0245371
-0.0256817
-0.0268102
-0.0279226
-0.0290187
-0.0300984
-0.0311616
-0.0322082
-0.0332382
-0.0342515
-0.0352482
-0.0362287
-0.0371932
-0.0381425
-0.0390774
-0.0399991
-0.0409091
-0.0418096
-0.0427031
-0.0435928
-0.0444828
-0.0453778
-0.0462839
-0.0472081
-0.048159
-0.0491469
-0.0501837
-0.0512839
-0.0524643
-0.0537447
-0.0551484
-0.056703
-0.0584404
-0.0603983
-0.0626208
-0.0651597
-0.0680757
-0.0714402
-0.0753374
-0.0798662
-0.0851439
-0.0913091
-0.098526
-0.10699
-0.116932
-0.128627
-0.142403
-0.158646
-0.177813
-0.200444
-0.22717
-0.258737
-0.296029
-0.340127
-0.392398
-0.454547
-0.527916
-0.609594
-0.681031
-0.69018
-0.553
-0.225801
-0.0101902
-0.0131386
-0.00753588
0.000864429
0.00927401
0.0170366
0.0244822
0.0321721
0.0405773
0.0499575
0.0603219
0.0714411
0.0829028
0.0942005
0.104829
0.114364
0.122501
0.12907
0.134019
0.13739
0.139288
0.139857
0.139262
0.137672
0.135252
0.132158
0.12853
0.124495
0.120162
0.115627
0.110969
0.106253
0.101536
0.0968587
0.0922565
0.087755
0.0833731
0.0791243
0.0750173
0.0710571
0.0672455
0.0635821
0.0600647
0.0566897
0.0534523
0.0503473
0.0473689
0.0445111
0.0417678
0.0391327
0.0366
0.0341635
0.0318178
0.0295573
0.0273768
0.0252714
0.0232363
0.0212673
0.0193601
0.0175108
0.0157159
0.0139718
0.0122755
0.0106239
0.00901439
0.00744428
0.00591124
0.00441306
0.00294771
0.00151328
0.000108055
-0.00126958
-0.00262108
-0.0039478
-0.00525095
-0.00653165
-0.0077909
-0.0090296
-0.0102485
-0.0114484
-0.0126299
-0.0137935
-0.0149396
-0.0160686
-0.0171808
-0.0182765
-0.0193558
-0.0204188
-0.0214656
-0.0224962
-0.0235106
-0.0245086
-0.0254904
-0.0264558
-0.0274047
-0.0283372
-0.0292534
-0.0301532
-0.031037
-0.0319051
-0.0327581
-0.0335966
-0.0344218
-0.035235
-0.0360377
-0.0368324
-0.0376215
-0.0384085
-0.0391975
-0.0399934
-0.0408021
-0.0416308
-0.0424881
-0.0433839
-0.0443303
-0.0453413
-0.0464336
-0.0476265
-0.048943
-0.0504099
-0.0520584
-0.0539255
-0.0560542
-0.0584952
-0.0613077
-0.0645616
-0.0683391
-0.072737
-0.07787
-0.0838734
-0.0909077
-0.0991633
-0.108866
-0.120285
-0.133739
-0.149606
-0.168332
-0.190445
-0.216567
-0.247431
-0.283908
-0.32706
-0.378245
-0.439244
-0.5119
-0.594958
-0.672946
-0.695367
-0.570471
-0.237208
-0.00825257
-0.00912052
-0.00290806
0.00523482
0.0129339
0.0197943
0.0262554
0.0328923
0.0401605
0.0483124
0.0573743
0.0671604
0.0773211
0.0874166
0.0969988
0.105679
0.113168
0.119292
0.123981
0.127253
0.129185
0.129896
0.129527
0.128226
0.126142
0.123415
0.120174
0.116536
0.112603
0.108465
0.104197
0.0998617
0.0955116
0.0911885
0.0869255
0.0827481
0.0786755
0.0747214
0.0708951
0.067202
0.0636448
0.0602239
0.0569377
0.0537834
0.0507571
0.0478542
0.0450696
0.042398
0.0398338
0.0373714
0.0350054
0.0327302
0.0305407
0.0284318
0.0263987
0.0244368
0.0225418
0.0207095
0.0189361
0.0172179
0.0155516
0.0139339
0.012362
0.0108329
0.00934419
0.00789341
0.00647832
0.00509688
0.00374717
0.00242742
0.00113601
-0.000128568
-0.00136768
-0.00258259
-0.00377443
-0.00494425
-0.00609298
-0.00722147
-0.00833046
-0.00942063
-0.0104925
-0.0115467
-0.0125835
-0.0136034
-0.0146066
-0.0155934
-0.0165639
-0.0175183
-0.0184566
-0.0193789
-0.0202852
-0.0211755
-0.0220499
-0.0229083
-0.0237508
-0.0245774
-0.0253883
-0.0261836
-0.0269638
-0.0277292
-0.0284806
-0.0292186
-0.0299446
-0.0306598
-0.0313661
-0.0320658
-0.0327615
-0.0334567
-0.0341554
-0.0348626
-0.0355841
-0.036327
-0.0370996
-0.0379119
-0.0387753
-0.0397037
-0.0407131
-0.0418225
-0.043054
-0.0444336
-0.0459916
-0.0477639
-0.0497921
-0.0521253
-0.0548212
-0.0579475
-0.0615841
-0.0658252
-0.070782
-0.0765862
-0.083394
-0.0913907
-0.100796
-0.111872
-0.124928
-0.140333
-0.158524
-0.180018
-0.205425
-0.235468
-0.271006
-0.31309
-0.36306
-0.422732
-0.494337
-0.578162
-0.66211
-0.698346
-0.588148
-0.249934
-0.00551751
-0.00405605
0.00259465
0.0102658
0.0170796
0.0229073
0.0282839
0.0337895
0.039862
0.0467459
0.0544817
0.0629219
0.071772
0.0806526
0.0891679
0.0969649
0.103772
0.109412
0.113803
0.116938
0.118873
0.119699
0.119534
0.118506
0.116745
0.114377
0.111519
0.108278
0.104748
0.101012
0.0971405
0.0931935
0.0892203
0.0852612
0.0813481
0.0775062
0.0737545
0.0701066
0.0665724
0.0631577
0.059866
0.0566982
0.0536535
0.0507299
0.0479241
0.0452323
0.04265
0.0401725
0.037795
0.0355123
0.0333195
0.0312117
0.029184
0.027232
0.0253512
0.0235372
0.0217863
0.0200944
0.0184581
0.016874
0.0153389
0.0138499
0.0124043
0.0109993
0.00963276
0.00830229
0.00700586
0.00574154
0.00450755
0.00330224
0.00212411
0.000971749
-0.000156119
-0.00126067
-0.00234296
-0.00340397
-0.00444458
-0.00546557
-0.00646766
-0.00745146
-0.00841752
-0.00936632
-0.0102983
-0.0112137
-0.012113
-0.0129962
-0.0138637
-0.0147156
-0.0155519
-0.0163728
-0.0171783
-0.0179684
-0.0187433
-0.019503
-0.0202475
-0.0209771
-0.0216919
-0.0223923
-0.0230785
-0.0237512
-0.024411
-0.0250589
-0.025696
-0.0263238
-0.0269442
-0.0275593
-0.028172
-0.0287855
-0.0294039
-0.030032
-0.0306754
-0.0313412
-0.0320371
-0.0327729
-0.0335597
-0.0344107
-0.0353413
-0.0363698
-0.0375173
-0.0388088
-0.0402735
-0.0419457
-0.0438655
-0.0460802
-0.0486452
-0.0516259
-0.0550991
-0.0591558
-0.0639035
-0.0694693
-0.0760043
-0.0836877
-0.0927325
-0.103392
-0.115968
-0.130818
-0.148368
-0.169125
-0.193686
-0.222766
-0.257217
-0.298076
-0.346669
-0.40482
-0.475027
-0.558956
-0.648104
-0.69852
-0.605732
-0.26432
-0.00184658
0.00214177
0.00900485
0.0159706
0.0217196
0.0263813
0.0305689
0.0348581
0.0396679
0.0452353
0.0516144
0.0586917
0.0662215
0.0738779
0.0813128
0.088207
0.094305
0.0994316
0.103492
0.106461
0.108369
0.109285
0.109303
0.108532
0.107083
0.105066
0.102586
0.0997398
0.0966131
0.0932823
0.0898128
0.0862606
0.0826722
0.0790859
0.0755325
0.0720361
0.0686155
0.0652844
0.0620527
0.0589268
0.0559106
0.0530057
0.050212
0.047528
0.0449513
0.0424786
0.0401062
0.0378301
0.0356458
0.0335489
0.0315351
0.0295999
0.0277389
0.0259481
0.0242233
0.0225608
0.0209569
0.0194081
0.0179112
0.016463
0.0150606
0.0137014
0.0123828
0.0111025
0.0098581
0.00864769
0.00746932
0.00632121
0.00520172
0.00410933
0.00304263
0.00200033
0.000981247
-1.57079e-05
-0.000991525
-0.00194711
-0.00288327
-0.00380074
-0.0047002
-0.00558221
-0.0064473
-0.00729593
-0.00812848
-0.0089453
-0.00974667
-0.0105328
-0.011304
-0.0120603
-0.0128019
-0.0135288
-0.0142413
-0.0149393
-0.015623
-0.0162925
-0.016948
-0.0175895
-0.0182175
-0.0188321
-0.0194339
-0.0200234
-0.0206015
-0.0211689
-0.0217269
-0.0222771
-0.0228211
-0.0233612
-0.0239001
-0.0244409
-0.0249877
-0.025545
-0.0261182
-0.0267139
-0.0273398
-0.0280049
-0.0287198
-0.0294972
-0.0303516
-0.0313003
-0.0323636
-0.033565
-0.0349323
-0.0364982
-0.0383009
-0.0403853
-0.0428044
-0.0456205
-0.0489071
-0.0527512
-0.0572557
-0.0625426
-0.0687567
-0.0760703
-0.0846881
-0.0948545
-0.10686
-0.121052
-0.137844
-0.15773
-0.181296
-0.209246
-0.242424
-0.281863
-0.328877
-0.385277
-0.453726
-0.537045
-0.630432
-0.695144
-0.622776
-0.280835
0.00290319
0.00954272
0.0163352
0.0223457
0.0268489
0.0302127
0.0331066
0.0360928
0.0395696
0.0437678
0.0487545
0.0544475
0.0606452
0.0670695
0.0734148
0.0793925
0.0847633
0.0893533
0.0930576
0.0958338
0.0976906
0.0986743
0.0988571
0.0983264
0.0971762
0.0955017
0.0933945
0.0909402
0.0882166
0.0852928
0.0822289
0.0790766
0.0758795
0.0726734
0.0694875
0.0663453
0.0632646
0.0602592
0.0573391
0.0545109
0.0517789
0.0491453
0.0466105
0.0441738
0.0418333
0.0395865
0.0374303
0.0353612
0.0333754
0.0314692
0.0296386
0.0278797
0.0261888
0.0245619
0.0229957
0.0214866
0.0200313
0.0186267
0.0172699
0.015958
0.0146884
0.0134586
0.0122664
0.0111095
0.00998604
0.00889402
0.00783174
0.00679757
0.00579001
0.00480767
0.00384927
0.00291362
0.00199965
0.00110634
0.000232806
-0.000621796
-0.00145821
-0.00227713
-0.00307914
-0.00386481
-0.00463461
-0.00538896
-0.00612825
-0.00685279
-0.00756286
-0.0082587
-0.00894052
-0.00960847
-0.0102627
-0.0109034
-0.0115306
-0.0121444
-0.012745
-0.0133326
-0.0139073
-0.0144692
-0.0150188
-0.0155564
-0.0160824
-0.0165974
-0.0171023
-0.0175978
-0.0180853
-0.0185661
-0.019042
-0.0195151
-0.0199879
-0.0204636
-0.0209458
-0.0214388
-0.0219479
-0.0224791
-0.0230397
-0.0236382
-0.0242846
-0.0249906
-0.0257699
-0.0266389
-0.0276163
-0.0287245
-0.0299895
-0.031442
-0.033118
-0.0350599
-0.0373175
-0.0399498
-0.0430264
-0.0466294
-0.0508565
-0.0558234
-0.0616678
-0.0685535
-0.076676
-0.0862684
-0.0976095
-0.111033
-0.126938
-0.145803
-0.168202
-0.194826
-0.226513
-0.26429
-0.309466
-0.363836
-0.430135
-0.512083
-0.608525
-0.687295
-0.638609
-0.300107
0.0088761
0.0181906
0.0245676
0.029358
0.0324353
0.0343752
0.0358784
0.0374824
0.0395621
0.0423415
0.0459004
0.0501864
0.0550384
0.0602217
0.0654692
0.0705201
0.0751493
0.0791847
0.0825126
0.0850743
0.0868583
0.0878895
0.0882186
0.0879132
0.0870497
0.0857079
0.0839665
0.0819001
0.0795775
0.0770607
0.0744042
0.0716551
0.0688535
0.0660329
0.0632206
0.0604389
0.057705
0.0550322
0.0524305
0.0499067
0.0474655
0.0451094
0.0428395
0.0406556
0.0385565
0.0365402
0.0346043
0.0327459
0.030962
0.0292491
0.027604
0.0260234
0.0245038
0.023042
0.0216349
0.0202794
0.0189726
0.0177116
0.016494
0.0153171
0.0141787
0.0130766
0.0120086
0.0109729
0.00996759
0.00899106
0.00804171
0.00711809
0.00621886
0.00534275
0.00448862
0.0036554
0.00284212
0.00204786
0.00127181
0.000513219
-0.000228594
-0.000954247
-0.0016643
-0.00235924
-0.00303952
-0.00370553
-0.00435762
-0.00499609
-0.0056212
-0.00623319
-0.00683225
-0.00741855
-0.00799225
-0.00855349
-0.0091024
-0.00963912
-0.0101638
-0.0106766
-0.0111776
-0.0116673
-0.0121457
-0.0126134
-0.0130708
-0.0135185
-0.0139572
-0.0143878
-0.0148115
-0.0152296
-0.0156438
-0.016056
-0.0164687
-0.0168847
-0.0173075
-0.0177411
-0.0181903
-0.0186608
-0.0191593
-0.0196936
-0.0202731
-0.0209085
-0.0216126
-0.0224004
-0.0232894
-0.0243003
-0.0254572
-0.0267887
-0.0283282
-0.030115
-0.0321958
-0.0346254
-0.0374687
-0.0408028
-0.0447187
-0.0493252
-0.0547513
-0.0611511
-0.0687088
-0.0776447
-0.0882231
-0.100761
-0.115641
-0.133323
-0.154364
-0.17944
-0.209376
-0.245197
-0.288211
-0.340202
-0.403909
-0.483668
-0.581731
-0.673832
-0.652235
-0.322923
0.0162145
0.02809
0.0336351
0.0369227
0.0383959
0.0387972
0.0388301
0.0389934
0.0396323
0.0409603
0.043068
0.0459308
0.049426
0.0533597
0.0575005
0.0616136
0.0654873
0.0689511
0.0718831
0.0742097
0.0759003
0.076959
0.0774161
0.0773198
0.0767293
0.075709
0.0743245
0.0726394
0.0707135
0.0686011
0.0663509
0.0640053
0.0616007
0.0591678
0.056732
0.0543142
0.0519307
0.0495943
0.0473148
0.0450992
0.0429523
0.0408771
0.0388751
0.0369467
0.0350912
0.0333074
0.0315935
0.029947
0.0283657
0.0268467
0.0253873
0.0239846
0.0226359
0.0213383
0.0200891
0.0188857
0.0177256
0.0166064
0.0155258
0.0144816
0.0134718
0.0124944
0.0115477
0.0106299
0.00973952
0.008875
0.00803498
0.00721818
0.0064234
0.00564955
0.00489559
0.00416059
0.00344368
0.00274406
0.00206099
0.00139382
0.000741922
0.000104759
-0.000518173
-0.00112732
-0.00172309
-0.00230583
-0.00287586
-0.00343346
-0.00397887
-0.00451232
-0.005034
-0.00554406
-0.00604268
-0.00652998
-0.0070061
-0.0074712
-0.00792542
-0.00836893
-0.00880193
-0.00922468
-0.00963747
-0.0100407
-0.0104347
-0.0108202
-0.0111979
-0.0115686
-0.0119333
-0.0122933
-0.0126502
-0.0130057
-0.0133622
-0.0137223
-0.014089
-0.0144661
-0.014858
-0.0152698
-0.0157077
-0.0161788
-0.0166916
-0.017256
-0.0178835
-0.0185879
-0.0193852
-0.0202942
-0.0213369
-0.0225396
-0.0239327
-0.0255525
-0.0274415
-0.0296502
-0.0322383
-0.0352766
-0.0388492
-0.0430562
-0.048017
-0.0538744
-0.0607991
-0.0689964
-0.0787129
-0.0902466
-0.103958
-0.120284
-0.139758
-0.163035
-0.190924
-0.224442
-0.264894
-0.314064
-0.37466
-0.451352
-0.54933
-0.653365
-0.662195
-0.350195
0.0250562
0.0391842
0.0433923
0.0448669
0.0445566
0.0433208
0.0418322
0.0405335
0.0397278
0.0396097
0.0402747
0.0417223
0.0438655
0.0465495
0.049578
0.0527419
0.0558437
0.0587153
0.0612281
0.0632948
0.0648669
0.0659289
0.0664914
0.0665837
0.0662478
0.0655331
0.064492
0.063177
0.0616384
0.0599231
0.0580734
0.0561268
0.0541159
0.0520684
0.0500075
0.0479524
0.0459186
0.0439183
0.0419608
0.0400532
0.0382005
0.0364059
0.0346716
0.0329982
0.0313859
0.0298339
0.0283409
0.0269054
0.0255254
0.0241989
0.0229236
0.0216972
0.0205174
0.019382
0.0182887
0.0172352
0.0162196
0.0152397
0.0142936
0.0133796
0.0124957
0.0116405
0.0108123
0.0100098
0.00923144
0.00847607
0.00774248
0.00702955
0.00633625
0.00566163
0.0050048
0.00436493
0.00374127
0.00313313
0.00253986
0.00196087
0.00139565
0.000843687
0.000304555
-0.000222147
-0.000736776
-0.00123965
-0.00173106
-0.00221126
-0.00268047
-0.00313889
-0.00358671
-0.00402408
-0.00445116
-0.00486808
-0.00527499
-0.00567203
-0.00605936
-0.00643714
-0.00680558
-0.00716492
-0.00751546
-0.00785754
-0.0081916
-0.00851818
-0.00883793
-0.00915164
-0.00946027
-0.00976498
-0.0100672
-0.0103685
-0.010671
-0.010977
-0.0112894
-0.0116114
-0.011947
-0.0123009
-0.0126786
-0.0130863
-0.0135318
-0.0140238
-0.0145729
-0.0151911
-0.0158929
-0.0166952
-0.0176179
-0.0186842
-0.0199218
-0.0213632
-0.0230467
-0.0250179
-0.0273305
-0.0300485
-0.0332478
-0.0370193
-0.0414709
-0.0467324
-0.0529593
-0.0603387
-0.0690966
-0.0795073
-0.0919041
-0.106696
-0.124384
-0.145593
-0.171105
-0.201919
-0.23933
-0.285129
-0.341981
-0.414656
-0.51057
-0.624257
-0.666389
-0.38283
0.0355321
0.0513195
0.0535666
0.0528711
0.0505888
0.0476358
0.0446145
0.0418866
0.0396954
0.0382016
0.0374939
0.0375872
0.0384249
0.039889
0.0418182
0.0440306
0.0463455
0.0486008
0.0506638
0.0524363
0.0538543
0.0548843
0.0555183
0.0557675
0.0556572
0.0552219
0.0545007
0.053535
0.0523656
0.0510314
0.0495684
0.0480088
0.046381
0.0447097
0.0430158
0.0413166
0.0396264
0.0379567
0.0363164
0.0347125
0.0331501
0.0316328
0.0301628
0.0287416
0.0273697
0.026047
0.0247727
0.0235459
0.0223653
0.0212293
0.0201363
0.0190845
0.0180722
0.0170974
0.0161585
0.0152537
0.0143812
0.0135394
0.0127267
0.0119416
0.0111827
0.0104486
0.00973794
0.00904958
0.00838234
0.00773517
0.00710705
0.00649704
0.00590426
0.00532791
0.00476722
0.0042215
0.00369009
0.00317239
0.00266785
0.00217597
0.00169629
0.00122837
0.000771845
0.000326355
-0.000108413
-0.000532742
-0.000946887
-0.00135108
-0.00174552
-0.00213039
-0.00250587
-0.0028721
-0.00322923
-0.0035774
-0.00391674
-0.00424739
-0.00456951
-0.00488326
-0.00518885
-0.00548649
-0.00577647
-0.00605911
-0.00633482
-0.00660409
-0.00686751
-0.00712579
-0.00737979
-0.00763055
-0.00787932
-0.00812757
-0.00837708
-0.00862992
-0.00888859
-0.00915602
-0.00943567
-0.00973161
-0.0100486
-0.0103924
-0.0107694
-0.0111876
-0.0116561
-0.0121854
-0.0127884
-0.0134798
-0.0142769
-0.0152004
-0.0162745
-0.0175277
-0.0189939
-0.0207129
-0.0227324
-0.0251085
-0.0279084
-0.0312122
-0.0351154
-0.0397329
-0.0452026
-0.051691
-0.0593998
-0.0685751
-0.0795172
-0.0925984
-0.108279
-0.127141
-0.149922
-0.177587
-0.211403
-0.253165
-0.305492
-0.373106
-0.46473
-0.584665
-0.661855
-0.421466
0.0477644
0.0641809
0.0636757
0.0603749
0.0559132
0.051185
0.0466709
0.0426199
0.0391893
0.0364849
0.0345702
0.0334607
0.0331195
0.0334589
0.0343511
0.0356434
0.037176
0.038798
0.0403788
0.0418143
0.0430292
0.0439756
0.0446294
0.0449855
0.0450536
0.0448537
0.0444124
0.0437596
0.0429265
0.0419442
0.0408416
0.0396458
0.0383807
0.0370677
0.0357248
0.0343676
0.0330089
0.0316593
0.0303272
0.0290192
0.0277405
0.0264947
0.0252845
0.0241116
0.022977
0.021881
0.0208235
0.0198041
0.0188219
0.017876
0.0169651
0.0160881
0.0152437
0.0144303
0.0136468
0.0128916
0.0121636
0.0114613
0.0107835
0.010129
0.00949663
0.00888526
0.00829385
0.0077214
0.00716698
0.00662969
0.0061087
0.00560323
0.00511256
0.00463599
0.00417291
0.0037227
0.00328484
0.00285881
0.00244415
0.00204042
0.00164723
0.00126422
0.000891059
0.000527441
0.000173097
-0.000172223
-0.000508742
-0.000836663
-0.00115617
-0.00146743
-0.00177059
-0.0020658
-0.00235319
-0.00263289
-0.00290504
-0.00316975
-0.00342719
-0.0036775
-0.00392087
-0.00415752
-0.00438769
-0.00461168
-0.00482986
-0.00504265
-0.00525058
-0.00545428
-0.0056545
-0.00585213
-0.00604826
-0.00624416
-0.00644134
-0.00664161
-0.00684709
-0.0070603
-0.00728417
-0.0075222
-0.00777847
-0.00805779
-0.0083658
-0.00870912
-0.00909554
-0.0095342
-0.0100358
-0.0106131
-0.0112808
-0.0120566
-0.012961
-0.0140184
-0.0152578
-0.0167132
-0.0184252
-0.0204419
-0.0228208
-0.0256302
-0.0289521
-0.0328848
-0.0375465
-0.0430807
-0.0496608
-0.0575005
-0.06686
-0.0780678
-0.0915287
-0.107772
-0.127462
-0.151514
-0.181123
-0.218076
-0.264921
-0.3263
-0.411221
-0.532676
-0.644485
-0.465973
0.0618555
0.0771682
0.0728779
0.0664225
0.0595586
0.0530405
0.0471528
0.0419857
0.0375776
0.0339528
0.031126
0.0290929
0.0278196
0.0272376
0.0272462
0.0277217
0.0285291
0.0295355
0.03062
0.0316809
0.0326392
0.0334384
0.0340433
0.0344363
0.0346142
0.0345842
0.0343611
0.0339645
0.0334162
0.032739
0.0319554
0.0310864
0.0301516
0.0291684
0.028152
0.0271156
0.0260705
0.0250259
0.0239894
0.022967
0.0219637
0.020983
0.0200278
0.0190998
0.0182003
0.0173301
0.0164893
0.015678
0.0148957
0.0141419
0.0134158
0.0127166
0.0120434
0.011395
0.0107707
0.0101692
0.00958969
0.00903105
0.00849233
0.00797259
0.0074709
0.0069864
0.00651824
0.00606563
0.00562782
0.0052041
0.00479378
0.00439625
0.00401091
0.0036372
0.00327461
0.00292265
0.00258089
0.00224889
0.00192628
0.0016127
0.00130783
0.00101135
0.000723012
0.000442545
0.000169724
-9.56582e-05
-0.000353794
-0.000604854
-0.000848999
-0.00108637
-0.00131711
-0.00154133
-0.00175916
-0.00197071
-0.0021761
-0.00237545
-0.00256889
-0.00275657
-0.00293864
-0.0031153
-0.00328675
-0.00345327
-0.00361516
-0.0037728
-0.00392661
-0.00407714
-0.00422501
-0.00437098
-0.00451593
-0.00466094
-0.00480726
-0.00495637
-0.00511002
-0.0052703
-0.00543961
-0.00562084
-0.00581733
-0.00603303
-0.00627256
-0.00654138
-0.00684585
-0.00719348
-0.00759307
-0.00805499
-0.00859143
-0.00921675
-0.00994788
-0.0108049
-0.0118113
-0.0129953
-0.0143899
-0.0160348
-0.0179768
-0.0202722
-0.0229878
-0.0262047
-0.0300191
-0.0345496
-0.0399375
-0.0463609
-0.0540325
-0.0632304
-0.0742888
-0.0876698
-0.103936
-0.123928
-0.148701
-0.180013
-0.22024
-0.27403
-0.349733
-0.466615
-0.608692
-0.51453
0.0778281
0.0891199
0.0796564
0.0693877
0.0599643
0.0517807
0.0448022
0.0388926
0.0339318
0.0298349
0.0265454
0.0240184
0.0222047
0.0210402
0.0204422
0.0203116
0.02054
0.0210179
0.021643
0.0223257
0.0229928
0.0235886
0.0240741
0.0244254
0.0246312
0.0246896
0.0246062
0.0243917
0.0240596
0.0236252
0.0231043
0.0225124
0.021864
0.0211726
0.0204499
0.0197066
0.0189517
0.0181927
0.017436
0.0166868
0.0159491
0.0152264
0.0145209
0.0138346
0.0131686
0.0125238
0.0119006
0.0112991
0.0107192
0.0101606
0.00962283
0.00910534
0.00860747
0.00812854
0.00766782
0.00722457
0.00679803
0.00638746
0.00599212
0.0056113
0.00524431
0.00489048
0.00454917
0.00421978
0.00390172
0.00359445
0.00329746
0.00301026
0.00273239
0.00246342
0.00220296
0.00195063
0.00170609
0.00146901
0.00123909
0.00101606
0.000799666
0.000589674
0.000385869
0.000188055
-3.94872e-06
-0.000190305
-0.000371164
-0.000546661
-0.000716923
-0.000882065
-0.00104219
-0.00119741
-0.00134782
-0.0014935
-0.00163456
-0.0017711
-0.00190323
-0.00203105
-0.00215472
-0.00227437
-0.00239019
-0.0025024
-0.00261123
-0.00271698
-0.00282002
-0.00292075
-0.00301968
-0.0031174
-0.00321462
-0.00331216
-0.00341102
-0.00351235
-0.00361753
-0.00372816
-0.00384613
-0.00397367
-0.0041134
-0.00426836
-0.00444216
-0.004639
-0.00486385
-0.00512251
-0.0054218
-0.00576976
-0.00617582
-0.00665112
-0.00720874
-0.00786421
-0.00863576
-0.00954514
-0.0106179
-0.0118846
-0.0133813
-0.0151516
-0.0172464
-0.0197289
-0.0226717
-0.0261677
-0.0303226
-0.0352776
-0.0411899
-0.048285
-0.0568085
-0.0671499
-0.0797257
-0.0952901
-0.114657
-0.139533
-0.171898
-0.216546
-0.28045
-0.385664
-0.547097
-0.561837
0.0953243
0.0975667
0.0810718
0.0664959
0.0547744
0.0454872
0.0380805
0.0321103
0.027266
0.0233406
0.0201985
0.017746
0.0159093
0.0146193
0.013803
0.0133819
0.0132737
0.0133963
0.0136726
0.0140341
0.0144235
0.0147954
0.0151165
0.0153644
0.0155259
0.0155954
0.0155733
0.0154641
0.0152751
0.0150155
0.0146951
0.0143241
0.0139121
0.0134683
0.013001
0.0125176
0.0120245
0.0115271
0.01103
0.0105371
0.0100514
0.00957517
0.00911038
0.00865837
0.00822009
0.00779617
0.00738697
0.0069926
0.00661301
0.00624801
0.00589731
0.0055605
0.00523717
0.00492681
0.00462893
0.00434299
0.00406848
0.00380486
0.00355163
0.00330828
0.00307432
0.00284929
0.00263274
0.00242425
0.00222341
0.00202984
0.00184319
0.0016631
0.00148928
0.00132142
0.00115925
0.0010025
0.000850944
0.000704359
0.000562538
0.000425294
0.000292453
0.000163856
3.93571e-05
-8.1178e-05
-0.000197871
-0.000310833
-0.000420166
-0.000525962
-0.000628308
-0.000727283
-0.000822959
-0.000915408
-0.0010047
-0.00109089
-0.00117406
-0.00125428
-0.00133163
-0.00140618
-0.00147804
-0.00154732
-0.00161415
-0.00167868
-0.0017411
-0.00180161
-0.00186048
-0.00191801
-0.00197456
-0.00203055
-0.00208649
-0.00214298
-0.00220072
-0.00226054
-0.00232341
-0.00239048
-0.0024631
-0.00254284
-0.00263156
-0.00273142
-0.00284498
-0.00297522
-0.00312564
-0.00330036
-0.00350419
-0.00374283
-0.00402293
-0.00435237
-0.00474036
-0.00519788
-0.00573772
-0.00637527
-0.00712831
-0.00801861
-0.00907093
-0.0103164
-0.0117896
-0.0135358
-0.0156032
-0.0180596
-0.0209725
-0.0244473
-0.0285799
-0.0335457
-0.0394844
-0.0467184
-0.0554695
-0.0664138
-0.079982
-0.0978463
-0.121188
-0.155073
-0.204396
-0.291059
-0.450737
-0.595205
0.111987
0.0962737
0.0711855
0.0534301
0.0411365
0.0323799
0.0259403
0.0210713
0.0173136
0.0143812
0.0120933
0.0103314
0.00901136
0.00806636
0.00743677
0.00706583
0.0068987
0.00688337
0.0069723
0.00712387
0.00730336
0.00748323
0.00764292
0.00776822
0.00785035
0.00788501
0.00787141
0.00781132
0.00770831
0.00756708
0.00739292
0.00719131
0.00696763
0.00672695
0.00647391
0.00621261
0.00594667
0.00567912
0.00541252
0.00514896
0.0048901
0.00463723
0.00439134
0.00415311
0.00392303
0.00370137
0.00348827
0.00328373
0.00308765
0.00289987
0.00272017
0.00254828
0.00238391
0.00222675
0.00207648
0.00193277
0.00179531
0.00166377
0.00153785
0.00141725
0.0013017
0.00119091
0.00108464
0.000982631
0.000884665
0.000790524
0.000700007
0.000612926
0.000529108
0.000448388
0.000370617
0.000295655
0.000223373
0.000153653
8.63859e-05
2.14714e-05
-4.11816e-05
-0.000101657
-0.00016003
-0.000216371
-0.000270742
-0.0003232
-0.000373799
-0.000422585
-0.000469602
-0.00051489
-0.000558488
-0.000600432
-0.000640758
-0.000679502
-0.000716701
-0.000752396
-0.00078663
-0.000819453
-0.000850923
-0.000881105
-0.000910078
-0.000937935
-0.000964784
-0.000990757
-0.00101601
-0.00104072
-0.00106511
-0.00108944
-0.00111401
-0.00113918
-0.00116538
-0.00119309
-0.00122292
-0.00125555
-0.00129177
-0.00133255
-0.00137898
-0.00143236
-0.00149422
-0.00156633
-0.00165078
-0.00175004
-0.00186696
-0.00200495
-0.00216794
-0.00236064
-0.00258849
-0.00285806
-0.00317682
-0.00355401
-0.00399991
-0.00452764
-0.00515123
-0.00588965
-0.00676178
-0.00779579
-0.00901649
-0.0104674
-0.0121796
-0.0142249
-0.0166384
-0.0195498
-0.0229892
-0.0272202
-0.0322438
-0.0386747
-0.0464389
-0.0572075
-0.0708583
-0.0928288
-0.124324
-0.187914
-0.312041
-0.584665
0.112948
0.0684033
0.0412023
0.026973
0.0187611
0.0136267
0.0102195
0.00785226
0.0061502
0.00489859
0.00396978
0.00328443
0.00278985
0.00244767
0.00222713
0.00210182
0.00204833
0.002046
0.00207703
0.00212659
0.00218282
0.00223674
0.00228189
0.00231406
0.00233089
0.00233146
0.00231597
0.0022854
0.00224127
0.0021854
0.00211973
0.00204623
0.00196676
0.00188304
0.00179661
0.00170879
0.00162072
0.00153333
0.00144737
0.00136343
0.00128195
0.00120326
0.00112756
0.00105499
0.000985611
0.00091942
0.00085638
0.000796419
0.000739438
0.000685325
0.000633953
0.00058519
0.000538902
0.000494952
0.000453209
0.000413544
0.000375831
0.000339951
0.000305793
0.000273249
0.00024222
0.000212612
0.000184339
0.000157318
0.000131475
0.000106741
8.30507e-05
6.0346e-05
3.85718e-05
1.76789e-05
-2.37816e-06
-2.16414e-05
-4.01484e-05
-5.79338e-05
-7.50289e-05
-9.1462e-05
-0.000107259
-0.000122441
-0.000137031
-0.000151047
-0.000164504
-0.00017742
-0.000189805
-0.000201674
-0.000213037
-0.000223904
-0.000234287
-0.000244194
-0.000253636
-0.000262624
-0.000271169
-0.000279285
-0.000286986
-0.00029429
-0.000301219
-0.000307797
-0.000314054
-0.000320027
-0.000325758
-0.000331298
-0.000336707
-0.00034206
-0.000347441
-0.000352952
-0.000358714
-0.000364868
-0.000371581
-0.000379048
-0.000387499
-0.000397205
-0.000408479
-0.000421693
-0.000437278
-0.000455742
-0.000477677
-0.00050378
-0.000534862
-0.000571883
-0.000615952
-0.000668397
-0.000730739
-0.000804818
-0.000892717
-0.000997009
-0.00112052
-0.0012669
-0.00143995
-0.00164489
-0.00188672
-0.00217313
-0.00251041
-0.00291036
-0.00338005
-0.00393888
-0.00459252
-0.00537609
-0.00628676
-0.00739648
-0.0086726
-0.010284
-0.0121046
-0.0145881
-0.017321
-0.0217033
-0.0264141
-0.0366026
-0.0480658
-0.0861343
-0.139082
-0.454885
0
0
0
0
0
0
0
0
0
0
0
0
0
0
0
0
0
0
0
0
0
0
0
0
0
0
0
0
0
0
0
0
0
0
0
0
0
0
0
0
0
0
0
0
0
0
0
0
0
0
0
0
0
0
0
0
0
0
0
0
0
0
0
0
0
0
0
0
0
0
0
0
0
0
0
0
0
0
0
0
0
0
0
0
0
0
0
0
0
0
0
0
0
0
0
0
0
0
0
0
0
0
0
0
0
0
0
0
0
0
0
0
0
0
0
0
0
0
0
0
0
0
0
0
0
0
0
0
0
0
0
0
0
0
0
0
0
0
0
0
0
0
0
0
0
0
0
0
0
0
